influencer_handle,bio_text,latest_captions,followers,engagement_metrics,sample_comments,platform,handle_normalized,category_label,sentiment_score,brand_alignment_vector,is_genuine_travel_influencer,latest_posts
@kristijanilicic,"Pozdrav svima! Ja sam Kristijan Iličić - travel bloger i snimatelj koji je posjetio svih 197 država svijeta. Moja misija je širenje pozitivnosti i sreće kroz kreativne videozapise i fotografije, istovremeno inspirirajućii sve da izađu izvan svoje zone udobnosti i putuju svijetom.","Budva 😍😍 #budva #montenegro #crnagora #budvamontenegro #crnagora🇲🇪. Budva 😍😍 #budva #montenegro #crnagora #budvamontenegro #crnagora🇲🇪 | Tokio drži sve pod kontrolom 😍 #malinois #malinoa #belgianshepherd. Tokio drži sve pod kontrolom 😍 #malinois #malinoa #belgianshepherd | Danas je pretrpjela dvije velike nepravde. Danas je pretrpjela dvije velike nepravde. Prvo nije smjela dirati hranu bez komande, a onda sam je još odveo s plaže nakon cijelog dana. Mislim da će me prijaviti udruzi za zaštitu pasa. 🤣🐾 #malinois #malinoa #belgijskiovcar #belgianshepherd | Na meniju je danas za Tokio sirovi juneći beefsteak. Na meniju je danas za Tokio sirovi juneći beefsteak. 🥩 Čeka dopuštenje, jer zna da se hrana ne uzima bez komande. Prava disciplina ne pokazuje se kada nema iskušenja, nego upravo onda kada su ona ispred tebe. #belgianmalinois #malinois #belgianshepherd #belgijskiovcar #malinoa | Najveće bitke u životu nisu one koje vodimo protiv drugih ljudi. Najveće bitke u životu nisu one koje vodimo protiv drugih ljudi. Najteže bitke vodimo sami sa sobom. U grčkoj mitologiji Sirene nisu pobjeđivale snagom. Nisu koristile oružje, nisu vodile ratove niti su ikoga prisiljavale da krene za njima. Samo su pjevale. Obećavale su čovjeku upravo ono što je najviše želio čuti, mudrost, ljubav, slavu, moć, odgovore na pitanja koja ga progone cijeli život. I upravo zato bile su toliko opasne. Nisu te tjerale silom. Dovoljno je bilo da povjeruješ njihovoj pjesmi i sam promijeniš smjer. Sirene nisu svima pjevale istu pjesmu. Svaki čovjek čuo bi nešto potpuno drugačije. Netko bi čuo glas osobe koju je izgubio. Netko bogatstvo za kojim cijeli život trči. Netko moć koju nikada nije imao. Netko priliku koju je propustio. Netko život kakav je mogao živjeti da je samo jednom donio drugačiju odluku. Ne bi pjevale ono što svi ljudi žele. Pjevale bi tvoju najdublju čežnju. Tvoj najveći gubitak. Tvoje najveće ""što bi bilo da sam tada..."". Upravo zato njihova pjesma nije opasna zato što je lijepa. Opasna je zato što je savršeno prilagođena tebi. ""What you most want is what you most can't have. And what you most can't have is what you already had... and lost."" ""Ono što najviše želiš upravo je ono što najviše ne možeš imati. A ono što najviše ne možeš imati jest ono što si jednom već imao... i izgubio."" Što više razmišljam o toj rečenici, to mi se čini da ona uopće ne govori o gubitku. Govori o ljudskoj prirodi. Tek kada nešto izgubimo, počinjemo mu davati vrijednost koju možda nikada nije imalo dok je bilo dio našeg života. Zaboravimo sve teško, sve loše, sve razloge zbog kojih smo nekada željeli otići. U sjećanju ostane samo ono lijepo. Naš um od prošlosti napravi mjesto koje nikada nije stvarno postojalo. I tada počinjemo čeznuti ne za stvarnošću, nego za idealiziranom verzijom vlastitog sjećanja. Mislim da upravo tu počinje pjesma Sirena. One ti ne govore samo da možeš imati više. One ti govore da ćeš biti potpun tek kada vratiš ono što si izgubio. Kada dobiješ ono što nikada nisi imao. Kada konačno postaneš netko drugi. A čovjek je sposoban uništiti ono što danas ima pokušavajući vratiti nešto što više ne postoji. Zato mislim da svi danas imamo svoje Sirene. Više ne sjede na hridima usred mora. Danas pjevaju kroz komfor. Kroz odgađanje. Kroz potrebu da se svima svidimo. Kroz uspoređivanje s drugima. Kroz društvene mreže koje nam svakodnevno pokazuju tuđe najbolje trenutke. Kroz lažno obećanje da postoji lakši put do uspjeha. Da možeš preskočiti godine rada. Da možeš dobiti rezultate bez discipline. Da ćeš biti sretan kada zaradiš još malo više, kada kupiš još nešto ili kada te napokon svi počnu priznavati. Problem je što Sirene gotovo nikada ne lažu potpuno. One uzmu nešto što stvarno želiš i uvjere te da do toga možeš doći pogrešnim putem. Zato su toliko opasne. Odisej nije preživio zato što je bio jači od Sirena. Preživio je zato što je bio dovoljno mudar da prizna vlastitu slabost. Znao je da će, kada čuje njihovu pjesmu, izgubiti kontrolu. Zato se unaprijed vezao za jarbol i naredio svojim ljudima da ga ne oslobode, bez obzira koliko ih molio. Odluku nije donio u trenutku iskušenja. Donio ju je prije nego što je iskušenje uopće počelo. To je disciplina. Disciplina nije raditi ono što želiš kada si motiviran. Disciplina je unaprijed odlučiti kakav čovjek želiš biti i toj odluci ostati vjeran čak i onda kada emocije govore suprotno. Kroz putovanje u svih 197 država svijeta upoznao sam ljude različitih kultura, religija, jezika i potpuno različitih životnih priča. Razgovarao sam s ljudima koji imaju više novca nego što će ikada moći potrošiti, ali i s ljudima koji nemaju gotovo ništa. Bio sam u ratnim zonama, zabačenim selima, najbogatijim gradovima svijeta i na otocima na kojima vrijeme kao da je stalo. I bez obzira na državu, vjeru, boju kože ili društveni status, svi ljudi vode istu unutarnju borbu. Samo njihove Sirene pjevaju drugačiju pjesmu. Nekome pjevaju o novcu. Nekome o moći. | Vrijeme je jedina valuta s kojom se rađamo, a da pritom nikada ne znamo koliko je zapravo imamo. Vrijeme je jedina valuta s kojom se rađamo, a da pritom nikada ne znamo koliko je zapravo imamo. Novac možeš ponovno zaraditi. Posao možeš promijeniti. Stvari koje izgubiš možeš ponovno kupiti. Ali dan koji je prošao više se nikada neće vratiti. Zato sam oduvijek vjerovao da život ne treba mjeriti onime što smo posjedovali, nego trenucima u kojima smo se osjećali istinski živima. Putovanja za mene nikada nisu bila samo skupljanje država, fotografija ili pečata u putovnici. Ona su način na koji trošim svoje vrijeme. Na ljude koje volim. Na prizore koji me ostave bez riječi. Na trenutke poput ovoga, kada Andrea i ja stojimo usred nestvarnog krajolika i shvatimo koliko je život istovremeno velik, lijep i zastrašujuće kratak. Imamo samo jedan život. I možda nikada nećemo stići vidjeti sve, ali možemo odlučiti da nećemo stalno odgađati ono zbog čega nam srce jače kuca. Jer najopasnija rečenica koju možemo ponavljati sebi nije „ne mogu“, nego „jednog dana“. Jednog dana često postane nikada. Zato putuj dok možeš. Voli dok imaš koga. Zastani kada se pred tobom pojavi nešto veliko. Potroši svoju najvrjedniju valutu na uspomene koje ti nitko ne može oduzeti. Na kraju života neće biti važno koliko smo vremena imali. Bit će važno na što smo ga potrošili. #socotra #yemen #travel #traveltheworld | Kako izgleda nasa mobilna kuhinja na Sokotri 😍🇾🇪 #socotra #kitchen #localfood #yemen. Kako izgleda nasa mobilna kuhinja na Sokotri 😍🇾🇪 #socotra #kitchen #localfood #yemen | Hadibu je najveći grad i administrativno središte Sokotre. Hadibu je najveći grad i administrativno središte Sokotre. U njemu živi oko 10.000 stanovnika i upravo ovdje započinje većina putovanja po ovom jedinstvenom otoku. Stanovnici su gotovo u potpunosti muslimani, a uz arapski jezik govore i soqotri, drevni semitski jezik koji se govori isključivo na Sokotri i prenosi se generacijama usmenom predajom. Iako pripada Jemenu, Hadibu je potpuno drugačiji od gradova na kopnu. Nema velikih hotela ni užurbanog gradskog života. Ljudi ovdje i dalje žive jednostavno, uglavnom od ribarstva, stočarstva i trgovine. Upravo zbog svoje izoliranosti Sokotra je sačuvala poseban način života, kulturu i identitet koji se stoljećima gotovo nisu mijenjali. Hadibu nije grad koji će vas osvojiti luksuzom, nego autentičnošću i osjećajem da ste stigli na jedno od posljednjih mjesta na svijetu koje još uvijek živi svojim prirodnim ritmom. #hadibu #socotra #yemen #muslims | Fuel line in the capital city of Socotra, Yemen #fuelline #fuel #socotra #yemen. Fuel line in the capital city of Socotra, Yemen #fuelline #fuel #socotra #yemen | Strah je najveći ubojica snova, a hrabrost je prvi korak prema životu koji ćeš pamtiti. Strah je najveći ubojica snova, a hrabrost je prvi korak prema životu koji ćeš pamtiti. #socotra #fear #dreams #yemen | Ručak na Sokotri. Ručak na Sokotri. Stari kontejner, jednostavna hrana, bez interneta i bez signala. Samo ljudi, razgovori i trenuci koji te podsjete koliko je malo potrebno da budeš sretan. #socotra #socotraisland #yemen | Na Sokotri su naši lokalci uvijek najluđi, najglasniji i najbolji dokaz da se uspomene stvaraju s. Na Sokotri su naši lokalci uvijek najluđi, najglasniji i najbolji dokaz da se uspomene stvaraju s ljudima. #socotra #yemen #socotraisland #localpeople | Sokotra je sinonim za avanturu, divljinu i osjećaj da istražuješ neki drugi planet. Sokotra je sinonim za avanturu, divljinu i osjećaj da istražuješ neki drugi planet. 😍🇾🇪 #socotra #socotraisland #yemen | Koze se na Sokotri ponasaju kao psi 🤣 #socotra #goat. Koze se na Sokotri ponasaju kao psi 🤣 #socotra #goat | Kako izgleda supermarket na Sokotri? #travel #socotra #yemen. Kako izgleda supermarket na Sokotri? #travel #socotra #yemen",49300,"{""engagement_rate"": 0.302, ""likes_to_comments_ratio"": 13.15, ""avg_views_per_post"": 6083.2, ""total_views"": 15198209}","❤🤣❤🤣❤🤣❤🤣❤ | ❤️💋 | Ceka da popustite,da se vrati u vodu❤😂. | Neka dom bude blizu mora😀 | ❤ | Joj, nekad se mislim, gresna mi dusa ima dece gladne a ja isto moje zivotinjkice hranim  najboljom hranom.....❤❤❤ | Pa ona je profinjena dama❤ | Tokio je predivan. | Kako je strpljiva.... preslatka ❤❤❤❤❤ | Sa koliko ljubavi i nežnosti se odnosiš prema svom psu, divni čoveče ❤❤❤<br>Prelepooooo | 🌍 | 😄",youtube,kristijanilicic,lifestyle_general,0.92,"{""eco_conscious"": 0.3, ""luxury_orientation"": 0.1, ""budget_orientation"": 0.2, ""adventure_orientation"": 0.3, ""family_friendly"": 0.1, ""authenticity_signal"": 0.8}",True,"[{""title"": ""Pogledajte ovu kraljicu 🤣 #belgianmalinois #malinois #belgijskiovcar #belgianshepherd"", ""caption"": ""Pogledajte ovu kraljicu 🤣 #belgianmalinois #malinois #belgijskiovcar #belgianshepherd"", ""thumbnail_url"": ""https://i.ytimg.com/vi/lMzo4LrdJF4/hqdefault.jpg"", ""post_url"": ""https://www.youtube.com/watch?v=lMzo4LrdJF4"", ""video_id"": ""lMzo4LrdJF4"", ""platform"": ""YouTube""}, {""title"": ""Speed! I am Speed! #malinois #belgianmalinois #malinoa #belgijskiovcar"", ""caption"": ""Speed! I am Speed! #malinois #belgianmalinois #malinoa #belgijskiovcar"", ""thumbnail_url"": ""https://i.ytimg.com/vi/oKgUSjdb2xI/hqdefault.jpg"", ""post_url"": ""https://www.youtube.com/watch?v=oKgUSjdb2xI"", ""video_id"": ""oKgUSjdb2xI"", ""platform"": ""YouTube""}, {""title"": ""Već je dva mjeseca na moru"", ""caption"": ""Već je dva mjeseca na moru. Kad se vratimo u Zagreb, mislim da će prvi put u životu googlati „simptomi depresije“. 😂🌊🐶 #malinois #malinoa #belgianshepherd #dogvacation #dogs"", ""thumbnail_url"": ""https://i.ytimg.com/vi/995nHQ2iS9c/hqdefault.jpg"", ""post_url"": ""https://www.youtube.com/watch?v=995nHQ2iS9c"", ""video_id"": ""995nHQ2iS9c"", ""platform"": ""YouTube""}, {""title"": ""Who can relate? 😆 #relationship #goals #relationshipgoals #couple"", ""caption"": ""Who can relate? 😆 #relationship #goals #relationshipgoals #couple"", ""thumbnail_url"": ""https://i.ytimg.com/vi/0L1ub_Pge94/hqdefault.jpg"", ""post_url"": ""https://www.youtube.com/watch?v=0L1ub_Pge94"", ""video_id"": ""0L1ub_Pge94"", ""platform"": ""YouTube""}]"
@robert.dacesin,"Napustio sam standardni 8 do 4 posao da bih putovao svijetom.

Ovo je moja priča o ljubavi prema putovanjima, stranim jezicima, novim kulturama i ljudima. Kroz moja videa, potrudiću se da vam pokažem svoju zemlju i njena skrivena mjesta, ali da vas isto tako odvedem na putovanje u neke od najudaljenijih krajeva naše planete o kojima se ne zna toliko. U neku ruku, ovo su i moje dvije životne misije. Ona prva, da promovišem zemlju u kojoj živim, a ona druga, da obiđem sve i jednu državu svijeta. Ukoliko želite, možete me pratiti na tom putovanju.

TRENUTNO - 125/195 zemalja 

Ja sam Robert Dacešin, dolazim iz Banjaluke, Bosne i Hercegovine i dobro došli na moj YouTube kanal. 
FACEBOOK
https://www.facebook.com/robertdacesinrio/

INSTAGRAM
https://www.instagram.com/robert_dacesin/

VEB SAJT
www.riopricesaputovanja.com

MOJE KNJIGE SA PUTOVANJA 
https://linktr.ee/robertdacesin
","Proveo sam 8 DANA NA JAMAJCI i doživio SVE OVO!. Jamajka je bez dileme jedna od najneobičnijih zemalja koje sam posjetio do sada, gdje je na jednoj maloj teritoriji stalo zaista toliko toga. Počev od muzike i kulta koji je Bob Marli ostavio iza sebe, rastafarijanaca i njihovog načina života, prekrasne prirode, plaža, pa sve do prilično opasnih gradova u kojima morate prilično otvoriti oči dok se šetate. U ovom videu, vodim vas kroz neke od zanimljivih lokacija ove zemlje, sa ciljem da vam pokažem šta sve možete raditi kada jednoga dana dođete ovdje. Za više ovakvih sadržaja: ► PRETPLATI SE na moj kanal: ► PRATI ME NA INSTAGRAMU: ► PODRŽI ME NA PATREONU: OSTALI KORISNI LINKOVI ZA PUTOVANJE: Za rezervaciju tura u ovom gradu - Za kupovinu E-sim kartice - Za rentanje auta - Za rezervaciju smještaja - | Posjetio sam NAJČISTIJI GRAD ČITAVE AFRIKE!. Iako kada zamišljamo afričke gradove, vjerovatno prvo zamišljamo nered, haos, gužve u saobraćaju, te prljavštinu, činjenica je da na crnom kontinentu postoje gradovi koja su apsolutna suprotnost toga. Jedan od njih je i Kigali, glavni grad Ruande i po meni, najčistiji grad koji sam vidio do sada ovdje, a u ovom videu pokušaću da vam malo približim kako on izgleda. Za više ovakvih sadržaja: ► PRETPLATI SE na moj kanal: ► PRATI ME NA INSTAGRAMU: ► PODRŽI ME NA PATREONU: OSTALI KORISNI LINKOVI ZA PUTOVANJE: Za rezervaciju tura u ovom gradu - Za kupovinu E-sim kartice - Za rentanje auta - Za rezervaciju smještaja - | Posjetio sam ŠVAJCARSKU AFRIKE!. Iako svaka zemlja na svijetu, putniku obično ponudi priliku za jedno novo iskustvo, malo gdje je rekao bih, to na nivou kao u Ruandi. Jer, šta samo reći za zemlju koja je u periodu od oko 30 godina prošla kroz transformaciju kao niti jedna zemlja na planeti i iz koje mi svi možemo da naučimo toliko toga. Nadam se da će vam ovaj video pomoći da shvatimo kako je moguće izgraditi normalnu zemlju sa mnogo ljubavi i tolerancije i da ćemo mi koji živimo na našem Balkanu, nekako dobiti priliku da se jednako poštujemo i radimo jedni za druge. Za više ovakvih sadržaja: ► PRETPLATI SE na moj kanal: ► PRATI ME NA INSTAGRAMU: ► PODRŽI ME NA PATREONU: OSTALI KORISNI LINKOVI ZA PUTOVANJE: Za rezervaciju tura u ovom gradu - Za kupovinu E-sim kartice - Za rentanje auta - Za rezervaciju smještaja - | Proveo sam 100 SATI u NAJSIROMAŠNIJOJ ZEMLJI SVIJETA!. Iako sam do sada imao priliku da posjetim mnogo siromašnih zemalja svijeta, Burundi je bez dileme mjesto sa najtežim uslovima za život na planeti. Možda bi Kuba mogla da se stavi u tu kategoriju, jer i tamo je život sve samo ne lagan, ali način na koji ljudi žive u ovom mjestu, često zaista nije human. Zahvaljujući našem lokalnom prijatelju Sedriku, imali smo priliku da provedemo četiri dana ovdje, da obiđemo dobar dio zemlje, a sve sa ciljem da naučimo kako život ovdje zaista izgleda. Za više ovakvih sadržaja: ► PRETPLATI SE na moj kanal: ► PRATI ME NA INSTAGRAMU: ► PODRŽI ME NA PATREONU: OSTALI KORISNI LINKOVI ZA PUTOVANJE: Za rezervaciju tura u ovom gradu - Za kupovinu E-sim kartice - Za rentanje auta - Za rezervaciju smještaja - | Na ovom ostrvu su TRUDNICE KAŽNJAVANE DO SMRTI!. U moru teških priča koje sam našao na svojim putovanjima, ova na jezeru Bunioni smještena na jugu Ugande, jedna je od najtežih. Naime, tokom dugog niza godina, trudne žene ostavljane su ovdje da umru bez igdje ikoga, a ta praksa se ponavljalja kroz dugi niz generacija. Kako je uopšte došlo do ovoga, te šta zapravo stoji iza ove priče, saznaćete u ovom videu. Za više ovakvih sadržaja: ► PRETPLATI SE na moj kanal: ► PRATI ME NA INSTAGRAMU: ► PODRŽI ME NA PATREONU: OSTALI KORISNI LINKOVI ZA PUTOVANJE: Za rezervaciju tura u ovom gradu - Za kupovinu E-sim kartice - Za rentanje auta - Za rezervaciju smještaja - | Proveo sam 24 SATA sa NAJMANJIM LJUDIMA NA SVIJETU!. Tokom putovanja kroz Ugandu, Ruandu i Burundi, imao sam priliku da upoznam dva Batwa ili pigmejska plemena i provedem sa njima jedan dan. Da naučim više o njihovom životu i tome šta ih čini tako posebnim. Da čujem iz prve ruke koliko zapravo je teško živjeti njihovim životom i koliko ni sami nismo svjesni kako određeni stereotipi mogu da izmijene način kako gledamo na pojedine narode. Nadam se da će vam ovaj video približiti suštinu ovog naroda i da će vam otvoriti barem mali prozor u njihov svijet. Za više ovakvih sadržaja: ► PRETPLATI SE na moj kanal: ► PRATI ME NA INSTAGRAMU: ► PODRŽI ME NA PATREONU: OSTALI KORISNI LINKOVI ZA PUTOVANJE: Za rezervaciju tura u ovom gradu - Za kupovinu E-sim kartice - Za rentanje auta - Za rezervaciju smještaja - | UGANDA | Ovo je Afrika koju KRIJU OD VAS!. Uganda je sasvim sigurno jedna od onih zemalja u kojoj će svaki putnik pronaći nešto za sebe. Safariji, prekrasna priroda, zanimljive priče i legende, ukusna lokalna hrana i prije svega predivni ljudi. Možda i najbolji ljudi koje sam upoznao putujući Afrikom do sada i koji su zaista bili highlight ovog putovanja. Nakon sedam dana ovdje, snimio sam ovaj video sa ciljem da vam pokažem šta se sve može vidjeti ukoliko jednog dana dođete ovdje. Za više ovakvih sadržaja: ► PRETPLATI SE na moj kanal: ► PRATI ME NA INSTAGRAMU: ► PODRŽI ME NA PATREONU: OSTALI KORISNI LINKOVI ZA PUTOVANJE: Za rezervaciju tura u ovom gradu - Za kupovinu E-sim kartice - Za rentanje auta - Za rezervaciju smještaja - | Koja zemlja BIVŠE JUGOSLAVIJE je najbolja?. U ovom videu upoređujem sve države bivše Jugoslavije kroz više različitih kategorija – od prirode, hrane i istorije, do troškova života, gostoprimstva, mora, planina i još mnogo toga. Svaka kategorija ima svog pobjednika, a na kraju ostaje pitanje – koja zemlja je ukupno ostavila najbolji utisak? Slažete li se s mojim izborom ili biste nešto promijenili? Pišite u komentarima! 👇 Za više ovakvih sadržaja: ► PRETPLATI SE na moj kanal: ► PRATI ME NA INSTAGRAMU: ► PODRŽI ME NA PATREONU: OSTALI KORISNI LINKOVI ZA PUTOVANJE: Za rezervaciju tura u ovom gradu - Za kupovinu E-sim kartice - Za rentanje auta - Za rezervaciju smještaja - | Privatni koncert Dubioze Kolektiv na plaži u Hrvatskoj.  | Ovo je 7 NAJVEĆIH ZABLUDA o svijetu u kojem živimo!. Da li ste sigurni da poznajete svijet u kojem živimo? 🌍 U ovom videu razbijamo 7 najvećih zabluda o svijetu – od cijena u pojedinim državama i mjesta koja nepravedno imaju lošu reputaciju, do istorijskih činjenica, kulturnih običaja i opasnosti koje često potpuno pogrešno doživljavamo. Kroz zanimljive primjere iz cijelog svijeta pokazujem koliko nas predrasude, stereotipi i informacije koje često čujemo mogu odvesti u pogrešnom smjeru. Neke od ovih zabluda vjerovatno ste i sami smatrali istinom. Za više ovakvih sadržaja: ► PRETPLATI SE na moj kanal: ► PRATI ME NA INSTAGRAMU: ► PODRŽI ME NA PATREONU: OSTALI KORISNI LINKOVI ZA PUTOVANJE: Za rezervaciju tura u ovom gradu - Za kupovinu E-sim kartice - Za rentanje auta - Za rezervaciju smještaja - | Slavim pobjedu BiH reprezentacije sa Dubiozom Kolektiv❤️.  | Proveo sam 7 DANA U BJELORUSIJI i doživio SVE OVO!. Nakon sedam dana provedenih u Bjelorusiji, ostao sam oduševljen ovom zemljom na mnogo nivoa, a u ovom videu vas vodim od sjevera na jug sa ciljem da vam pokažem šta možete očekivati ako se nekada zadesite ovdje. Za više ovakvih sadržaja: ► PRETPLATI SE na moj kanal: ► PRATI ME NA INSTAGRAMU: ► PODRŽI ME NA PATREONU: OSTALI KORISNI LINKOVI ZA PUTOVANJE: Za rezervaciju tura u ovom gradu - Za kupovinu E-sim kartice - Za rentanje auta - Za rezervaciju smještaja - | Dovodim 11 SVJETSKIH BLOGERA da putuju Bosnom i Hercegovinom!. Kako najbolje promovisati svoju zemlju? Pored svih filozofskih, egzistencijalnih i nebitnih pitanja koje si postavim na dnevnom nivou, a vjerujte ima ih mnogo, ono o čemu uvijek razmišljam je upravo pitanje promocije Bosne i Hercegovine. Odnosno, kako drugima pokazati ono najljepše što imamo? Pa, možda da ovoga puta zovnem grupu od 11 stranih blogera i napravimo zajedničku priču. Ispod se nalaze profili ljudi koji dolaze na turu: Geography now - Halil Bekar - Franziska Niehus - Jay Palfrey - Gustav Rosted - Noelia - Daniel Pinto - Anastazja- Katarina Lazić - Kathy - Sam Urrea - Za više ovakvih sadržaja: ► PRETPLATI SE na moj kanal: ► PRATI ME NA INSTAGRAMU: ► PODRŽI ME NA PATREONU: OSTALI KORISNI LINKOVI ZA PUTOVANJE: Za rezervaciju tura u ovom gradu - Za kupovinu E-sim kartice - Za rentanje auta - Za rezervaciju smještaja - | Obišao sam SVE ZEMLJE EVROPE - Ovo su NAJBOLJI GRADOVI!. Nakon skoro 20 godina putovanja Evropom i prilike da posjetim apsolutno svaku od 44 zemlje starog kontinenta, mišljenja sam da nigdje ne postoje gradovi kao ovdje. Možda ja lično osjećam veće uzbuđenje putujući Afrikom ili Južnom Amerikom, ali ako ćemo realno, niti jedan kontinent na svijetu, nema gradove sa takvom istorijom i arhitekturom, kao što je Evropa. Nekako, koliko god je mala, toliko je različita i baš u tom miksu jezika, kultura i naroda, leži ono najbolje od nje. Stoga, nakon više od 200 posjećenih gradova Evrope, nakon obilaska praktično svih najbitnijih mjesta starog kontinenta, nakon lutanja onim velikim, ali i malim ljepoticama, želim da vam u ovom videu pokažem po meni 10 najljepših gradova, te koja to mjesta jednoga dana apsolutno i sami morate posjetiti. Za više ovakvih sadržaja: ► PRETPLATI SE na moj kanal: ► PRATI ME NA INSTAGRAMU: ► PODRŽI ME NA PATREONU: OSTALI KORISNI LINKOVI ZA PUTOVANJE: Za rezervaciju tura u ovom gradu - Za kupovinu E-sim kartice - Za rentanje auta - Za rezervaciju smještaja - | Ovo je NAJGORI TRENUTAK IKADA koji mi se desio na putovanju!. Iako sam putujući kroz 125 zemalja svijeta, na pojedinim destinacijama imao zaista teških trenutaka, ovo što mi se desilo početkom 2020. godine, bez dileme je nešto najteže kroz šta sam prošao. Za više ovakvih sadržaja: ► PRETPLATI SE na moj kanal: ► PRATI ME NA INSTAGRAMU: ► PODRŽI ME NA PATREONU: OSTALI KORISNI LINKOVI ZA PUTOVANJE: Za rezervaciju tura u ovom gradu - Za kupovinu E-sim kartice - Za rentanje auta - Za rezervaciju smještaja -",282000,"{""engagement_rate"": 0.881, ""likes_to_comments_ratio"": 8.07, ""avg_views_per_post"": 101670.1, ""total_views"": 87870836}","mnogo losssssa..<br>ovi nemaju pjma..prijatelj djastin  .samo uzme kinty<br>idi solo ako i mas muda ..zivi par neseci..nije to tako majstore<br>fack . | Niste vi ukapirali sirotinju..<br>yamajak citd..<br>Aj cao | <a href=""https://www.youtube.com/watch?v=Y_yexMDsS-U&amp;t=1570"">26:10</a> PA U NJEMACKOJ JE DOZOVOLJNO DA MOZES U APOTECI UZET 50 DO 70 GRAMA MJESECNO I DA SMIJES SADITI KUCI 3 BILJKE PO OSOBI I ISTO TAKO NOSITI SA SOBOM DO 25 GRAMA VANI AKO TE POLICIJA ZAUSTAVI DO 25 GRAMA !!! | JAMAJCANI NAJZDRAVIJI LJUDI NA SVIJETU!!! | CKEAJ JEL OVAJ VIDEO VEC BIO OBJAVIT NESTO MI JE POZNAT KAO DA SAM GA GLEDAO KOD TEBE NA KANALU VEC?!!?!? | Hvala mnogo ❤ | LaЖ! | Zapamtite ove reči: Sve ovo će se urušiti... | Zao mi je sto nisi posjetio One&amp;Only Gorilla&#39;s Nest u gradu Kinigiju koji je otvoren 2019 na kojem su projektu i izgradnji ucestvovalo oko 80 ljudi iz Bosne i Hercegovine | Bravo Robert ....  bravooooo... | Stvarno lepa emisja Svaka cast samo napred | Na našem kanalu se nalazi, po nama, solidan dokumentarac koji obrađuje temu genocida u Ruandi.. iz dana u dan. | Hvala puno za ovaj video. Svi znamo Ruandu po genocidu, ovo je otkrovenje kako je država iz pepela se uzdigla do afričke Švajcarske! Veliki pozdrav za sve dobre ljude gde god bili! | Pred par mjeseci sam gledao film Hotel Rwanda i nisam imao pojma da se nakon onakvog pokolja ova država razvila u ovaku modernu državu. | A ja ruznog dresa boze sacuvaj! | Bravooo Robi uvijek nešto što me posebno dirne , svaki video poseban kao i ovaj ....sretno dalje | samo jako Roberte .... | Koje cijene ..jadni ljudi | Iskreno ..baš tužno😢 | Ljep pozdrav Vama i Vašoj ekipi, zao mi je da Vas do sada nisam zapratila ili dala like 🙏🏼.... al ovaj video kad sam pregledala, sam morala to učiniti. Žalosno je vidjeti tako nešto u ovo doba, tu ljepu nasmijanu dječicu, uprkos svemu, tu nepravdu da uopšte tako nešto postoji na ovoj planeti. Stvarno Tužno.<br>Hvala Vam 🙏🏼🫶🏽 | Jedna od onih zaboravljenih priča koju je vjerujem vrijedilo ispričati. Tokom putovanja Ugandom, slučajno smo čuli za ovu priču tokom posjete jezeru Bunioni, a kako mi je privukla dosta pažnje, odlučio sam malo detaljne da se raspitam o njoj. Tom prilikom, uspjeli smo da stupimo u kontakt sa ženom koja je provela čak četiri dana na Ostrvu kazne, a ovo je njena priča. | Koliko Vi imate topao i prijatan glas.. Prelijepo Vas je slušati 😊 | Hvala na svemu .Upoznajemo svet sto je zaista jako zanimljivo. | STRAŠNO kakve stvari padaju ljudima na pamet.<br>DOBRA emisija, dobro je i ono gostovanje sa grčevima :) | Hvala",youtube,robert.dacesin,adventure_extreme,0.32,"{""eco_conscious"": 0.42, ""luxury_orientation"": 0.08, ""budget_orientation"": 0.35, ""adventure_orientation"": 0.81, ""family_friendly"": 0.12, ""authenticity_signal"": 0.63}",True,"[{""title"": ""Proveo sam 35 DANA U AMERICI i doživio ovo!"", ""caption"": ""Nakon 35 dana u Americi, mogu reći da sam doživio toliko toga. Upoznao toliko divnih ljudi, posjetio toliko nevjerovatnih lokacija, uživao u nevjerovatnoj prirodi ove zemlje, ali isto tako doživio i onu njenu drugu stranu. Onaj momenat nesigurnosti, kriminala, ali i nekih loših životnih navika koje su učinile da ovo bude možda zemlja sa najvećim razlika koje sam ikada vidio. Nadam se da će vam ovaj serijal ponuditi jednu realnu sliku Amerike i da ćete kroz njega upoznati neke malo poznate priče o ovoj zemlji. Za više ovakvih sadržaja: ► PRETPLATI SE na moj kanal: ► PRATI ME NA INSTAGRAMU: ► PODRŽI ME NA PATREONU: OSTALI KORISNI LINKOVI ZA PUTOVANJE: Za rezervaciju tura u ovom gradu - Za kupovinu E-sim kartice - Za rentanje auta - Za rezervaciju smještaja -"", ""thumbnail_url"": ""https://i.ytimg.com/vi/RD866uNPk6g/hqdefault.jpg"", ""post_url"": ""https://www.youtube.com/watch?v=RD866uNPk6g"", ""video_id"": ""RD866uNPk6g"", ""platform"": ""YouTube""}, {""title"": ""BIHAĆ | Grad sa NAJLJEPŠOM RIJEKOM NA SVIJETU!"", ""caption"": ""Iako sam možda proputovao priličan broj zemalja svijeta, apsolutno nigdje nisam pronašao rijeku kao što je Una. Iako će neko reći da je ovo subjektivna stvar, zaista sam stava da je Una najljepša ili ako ništa TOP pet rijeka koja postoji na našoj planeti, jer rijeke ovakve boje i čistoće, nešto su što zaista nemate često prilike vidjeti. U ovom videu o Bihaću, pričali smo dosta o njoj, ali i o istoriji samoga grada i svemu onoga što krasi njega i njegovu okolinu. Za više ovakvih sadržaja: ► PRETPLATI SE na moj kanal: ► PRATI ME NA INSTAGRAMU: ► PODRŽI ME NA PATREONU: OSTALI KORISNI LINKOVI ZA PUTOVANJE: Za rezervaciju tura u ovom gradu - Za kupovinu E-sim kartice - Za rentanje auta - Za rezervaciju smještaja -"", ""thumbnail_url"": ""https://i.ytimg.com/vi/2sWaFRzAj90/hqdefault.jpg"", ""post_url"": ""https://www.youtube.com/watch?v=2sWaFRzAj90"", ""video_id"": ""2sWaFRzAj90"", ""platform"": ""YouTube""}, {""title"": ""Proveo sam 8 DANA NA JAMAJCI i doživio SVE OVO!"", ""caption"": ""Jamajka je bez dileme jedna od najneobičnijih zemalja koje sam posjetio do sada, gdje je na jednoj maloj teritoriji stalo zaista toliko toga. Počev od muzike i kulta koji je Bob Marli ostavio iza sebe, rastafarijanaca i njihovog načina života, prekrasne prirode, plaža, pa sve do prilično opasnih gradova u kojima morate prilično otvoriti oči dok se šetate. U ovom videu, vodim vas kroz neke od zanimljivih lokacija ove zemlje, sa ciljem da vam pokažem šta sve možete raditi kada jednoga dana dođete ovdje. Za više ovakvih sadržaja: ► PRETPLATI SE na moj kanal: ► PRATI ME NA INSTAGRAMU: ► PODRŽI ME NA PATREONU: OSTALI KORISNI LINKOVI ZA PUTOVANJE: Za rezervaciju tura u ovom gradu - Za kupovinu E-sim kartice - Za rentanje auta - Za rezervaciju smještaja -"", ""thumbnail_url"": ""https://i.ytimg.com/vi/Y_yexMDsS-U/hqdefault.jpg"", ""post_url"": ""https://www.youtube.com/watch?v=Y_yexMDsS-U"", ""video_id"": ""Y_yexMDsS-U"", ""platform"": ""YouTube""}, {""title"": ""Posjetio sam NAJČISTIJI GRAD ČITAVE AFRIKE!"", ""caption"": ""Iako kada zamišljamo afričke gradove, vjerovatno prvo zamišljamo nered, haos, gužve u saobraćaju, te prljavštinu, činjenica je da na crnom kontinentu postoje gradovi koja su apsolutna suprotnost toga. Jedan od njih je i Kigali, glavni grad Ruande i po meni, najčistiji grad koji sam vidio do sada ovdje, a u ovom videu pokušaću da vam malo približim kako on izgleda. Za više ovakvih sadržaja: ► PRETPLATI SE na moj kanal: ► PRATI ME NA INSTAGRAMU: ► PODRŽI ME NA PATREONU: OSTALI KORISNI LINKOVI ZA PUTOVANJE: Za rezervaciju tura u ovom gradu - Za kupovinu E-sim kartice - Za rentanje auta - Za rezervaciju smještaja -"", ""thumbnail_url"": ""https://i.ytimg.com/vi/tCjZKbNqMr4/hqdefault.jpg"", ""post_url"": ""https://www.youtube.com/watch?v=tCjZKbNqMr4"", ""video_id"": ""tCjZKbNqMr4"", ""platform"": ""YouTube""}]"
@simisb2,"Instagram: @simisfws

For business inquiries: simibusiness18@gmail.com

","OTVORIO SAM SVOJU PIJACU!. 🔔 Ukljucite zvonce i bacite subscribe za jos klipova. 👋 Kontakt za poslovne saradnje/predloge/kritike: simibusiness18@gmail.com ✔ Simi instagram: 🥈Posetite i moj drugi kanal(Streaming): | POSETIO SAM SIMI OSTRVO NA 24H I NASAO DEVOJKU!. 🔔 Ukljucite zvonce i bacite subscribe za jos klipova. 👋 Kontakt za poslovne saradnje/predloge/kritike: simibusiness18@gmail.com ✔ Simi instagram: 🥈Posetite i moj drugi kanal(Streaming): | STOPIRANJEM DO GRCKE SA JANKOM!. 🔔 Ukljucite zvonce i bacite subscribe za jos klipova. 👋 Kontakt za poslovne saradnje/predloge/kritike: simibusiness18@gmail.com ✔ Simi instagram: 🥈Posetite i moj drugi kanal(Streaming): | STOPIRANJEM DO NORVESKE! *najveci rizik*. 🔔 Ukljucite zvonce i bacite subscribe za jos klipova. 👋 ✔ Simi instagram: Sokolov Instagram: Sokolov yt kanal: @Sokolovv7 Svinjac yt kanal: @Svinjac18 Kontakt za poslovne saradnje/predloge/kritike: simibusiness18@gmail.com ✔ Simi instagram: 🥈Posetite i moj drugi kanal(Streaming): | KO CE BOLJE POTROSITI 1000€ NA PIJACI! *najjace stvari*. 🔗 🔎 Kod [dxn4758] u pretrazi Temu aplikacije da dobiješ paket kupona od 10.000 RSD. 📦 Besplatna dostava i besplatni povraćaj u roku od 90 dana! 🔔 Ukljucite zvonce i bacite subscribe za jos klipova. 👋 Kontakt za poslovne saradnje/predloge/kritike: simibusiness18@gmail.com ✔ Simi instagram: 🥈Posetite i moj drugi kanal(Streaming): | SIMI - SVINJAC (Official Music Video) 4K. Beat, mix, master i aranžman: Kela Muzika: Kela,Bandra Tekst: Bandra Shot by STREETMODE Kamera: Ognjen Djakov, Kosta Crnobrnja Edit: Kosta Crnobrnja Ova pesma oznacava moj najveci POVRATAK do sada, voli vas Simi i idemo da razvalimo scenu! #1 🔔 Ukljucite zvonce i bacite subscribe za jos klipova. 👋 Kontakt za poslovne saradnje/predloge/kritike: simibusiness18@gmail.com ✔ Simi instagram: 🥈Posetite i moj drugi kanal(Streaming): | SIMI NOVA PESMA! 🔥.  | MOJA REAKCIJA NA BMW M4 POSLE SAOBRACAJNE NESRECE!. 🔔 Ukljucite zvonce i bacite subscribe za jos klipova. 👋 Kontakt za poslovne saradnje/predloge/kritike: simibusiness18@gmail.com ✔ Simi instagram: 🥈Posetite i moj drugi kanal(Streaming): | BICIKLOM OD BEOGRADA DO KOPAONIKA! *najtezi video*. Giveaway krece 10. Novembra i tada cete moci naruciti vasu majicu ili duks i samim tim ucestvovati u giveaway za AUTO AUDI A5! to je jedini uslov :D Instagram od SFWS Branda: Moj drugi kanal(Svinjac): Sokolov yt kanal: Kontakt za poslovne saradnje/predloge/kritike: simibusiness18@gmail.com ✔ Simi instagram: 🥈Posetite i moj drugi kanal(Streaming): | BICIKLOM PO BUREK U 5 UJUTRU SA PSOM!. 🔔 Ukljucite zvonce i bacite subscribe za jos klipova. 👋 Kontakt za poslovne saradnje/predloge/kritike: simibusiness18@gmail.com ✔ Simi instagram: 🥈Posetite i moj drugi kanal(Streaming): | AKO POJEDEMO NAJVECU PALACINKU NE PLACAMO NISTA! *uspeli?*. 🔔 Ukljucite zvonce i bacite subscribe za jos klipova. 👋 Kontakt za poslovne saradnje/predloge/kritike: simibusiness18@gmail.com ✔ Simi instagram: / simisfws 🥈Posetite i moj drugi kanal(Streaming): / @cemuto461 | ODVEO SAM JANKA NA NAJLON PIJACU!.  | POSETILI SMO NAJVECI VASAR!.  | DUPLIRAM PARE SVAKI DAN! *part 2*. 🔔 Ukljucite zvonce i bacite subscribe za jos klipova. 👋 Kontakt za poslovne saradnje/predloge/kritike: simibusiness18@gmail.com ✔ Simi instagram: 🥈Posetite i moj drugi kanal(Streaming): | DUPLIRAM PARE SVAKI DAN! *od 1€ do 10k€*. 🔔 Ukljucite zvonce i bacite subscribe za jos klipova. 👋 Kontakt za poslovne saradnje/predloge/kritike: simibusiness18@gmail.com ✔ Simi instagram: 🥈Posetite i moj drugi kanal(Streaming):",1440000,"{""engagement_rate"": 2.365, ""likes_to_comments_ratio"": 20.08, ""avg_views_per_post"": 695584.1, ""total_views"": 301094885}","Simi odblokiraj me covjece | Kakvo tele od momka | Ti si jedna <b>RETKO ISKRENA I POŠTENA DUŠA</b> Samo cjepaj 😊 I svako dobro od srca | Ćao Simi! 👋<br><br>Imam jednu ideju za tebe — da napraviš MTB stazu u okolini Kikinde. 🚵‍♂🔥<br><br>U Kikindi i okolnim mestima ima dosta ljudi koji voze bicikle, ali nema baš neka ozbiljna MTB staza sa skokovima, krivinama, usponima i spustevima.<br><br>Mislim da bi bilo brutalno da napraviš jednu takvu stazu i da snimiš ceo proces na YouTube-u. Mogla bi da bude dostupna klincima i odraslima koji vole MTB.<br><br>Mislim da bi to bio baš dobar projekat za Kikindu! 💪🚵‍♂ | Simii kad ce stupiranje Sa jankom I sokolov | Beeppp | Kako čovek meša pojmove...Aerodrom &quot;Makedonija&quot;, pozdrav za braću makedonce! | Da brat uvek si pozitivan i samo cepaj sa youtube | Ne znam za vas, ali ja sam se uživio, kao da sam sa Simijem tamo, zaista je prelijepo na tom ostrvu i klip je prezanimljiv.. bez uvelicavanja, definitivno najbolji kontent na balkanu, sve spontano snima i bez uljepšavanja.. BRAVO SIMI 🙌🏼🔥 | Najbolji deo kad jede lubenico i sir 😂😂😂 | Pa ti si PACOV OZBILJAN ... KAZE PRVI PUT U GRCKU I MAKEDONIJU HAHAHAHAHAHAHAHAHAHAHAHAHAHAHAHAH PACOVCINO MALA | Simi nije cuo za Solun 😂 | Simi nije cuo za Solun 😂 | Cura sa puntom preljepa❤️ | Simi lepši od Bake😂😂😂😂❤❤❤ | ❤ | Kol&#39;ko se Mitro trudi Za Vas?!? | Di Mitro? | Simi tebe sam gledao uvek zato što najmanje psuješ!sad si počeo jače da psuješ nego Bogdan Ilić i Muđa zajedno😡 | <a href=""https://www.youtube.com/watch?v=5kVFdUYphig&amp;t=13434"">3:43:54</a> 😂😂😂 ovo su najsmešniji momenti u klipu sve što ja napišem po vremenu | pola videa temo houl | <a href=""https://www.youtube.com/watch?v=X8swtsU5YxQ&amp;t=5193"">1:26:33</a> ❤❤❤ i od njega nesto normalno i pametno | Simi brat voli svaki narod kaze raspakivao sto kazu braca hrvati stvarno respect evo ja sam iz hrv i stvarno uzivam gledajuci njegove vidie i iskreni veliki respect bravoo💪💪 | <a href=""https://www.youtube.com/watch?v=X8swtsU5YxQ&amp;t=2412"">40:12</a> Pa CeKaJ bRe SiNe ma dobro Aj cao | Al zena koja snima na pocetak😂😂",youtube,simisb2,lifestyle_general,0.7,"{""eco_conscious"": 0.1, ""luxury_orientation"": 0.2, ""budget_orientation"": 0.5, ""adventure_orientation"": 0.6, ""family_friendly"": 0.1, ""authenticity_signal"": 0.3}",True,"[{""title"": ""OTVORIO SAM ROSTILJ U AKVAPARKU!"", ""caption"": ""🔔 Ukljucite zvonce i bacite subscribe za jos klipova. 👋 Kontakt za poslovne saradnje/predloge/kritike: simibusiness18@gmail.com ✔ Simi instagram: 🥈Posetite i moj drugi kanal(Streaming):"", ""thumbnail_url"": ""https://i.ytimg.com/vi/5z5BNIi1K78/hqdefault.jpg"", ""post_url"": ""https://www.youtube.com/watch?v=5z5BNIi1K78"", ""video_id"": ""5z5BNIi1K78"", ""platform"": ""YouTube""}, {""title"": ""OTVORIO SAM SVOJU PIJACU!"", ""caption"": ""🔔 Ukljucite zvonce i bacite subscribe za jos klipova. 👋 Kontakt za poslovne saradnje/predloge/kritike: simibusiness18@gmail.com ✔ Simi instagram: 🥈Posetite i moj drugi kanal(Streaming):"", ""thumbnail_url"": ""https://i.ytimg.com/vi/obhkj0EYk-E/hqdefault.jpg"", ""post_url"": ""https://www.youtube.com/watch?v=obhkj0EYk-E"", ""video_id"": ""obhkj0EYk-E"", ""platform"": ""YouTube""}, {""title"": ""POSETIO SAM SIMI OSTRVO NA 24H I NASAO DEVOJKU!"", ""caption"": ""🔔 Ukljucite zvonce i bacite subscribe za jos klipova. 👋 Kontakt za poslovne saradnje/predloge/kritike: simibusiness18@gmail.com ✔ Simi instagram: 🥈Posetite i moj drugi kanal(Streaming):"", ""thumbnail_url"": ""https://i.ytimg.com/vi/PfyP8m9xH4w/hqdefault.jpg"", ""post_url"": ""https://www.youtube.com/watch?v=PfyP8m9xH4w"", ""video_id"": ""PfyP8m9xH4w"", ""platform"": ""YouTube""}, {""title"": ""STOPIRANJEM DO GRCKE SA JANKOM!"", ""caption"": ""🔔 Ukljucite zvonce i bacite subscribe za jos klipova. 👋 Kontakt za poslovne saradnje/predloge/kritike: simibusiness18@gmail.com ✔ Simi instagram: 🥈Posetite i moj drugi kanal(Streaming):"", ""thumbnail_url"": ""https://i.ytimg.com/vi/O_LhRPPSd4g/hqdefault.jpg"", ""post_url"": ""https://www.youtube.com/watch?v=O_LhRPPSd4g"", ""video_id"": ""O_LhRPPSd4g"", ""platform"": ""YouTube""}]"
@ciklonomad,"Putujem biciklom oko sveta od 2011. Do sada sam vozila u više od 50 zemalja na pet kontinenata (Evropa, Azija, Južna i Severna Amerika, Australija), napravivši preko 130,000 km. Po zanimanju sam pisac, a moje knjige možete naručiti preko mog sajta snezanaradojicic.com
---
I have been cycling around the world since 2011. So far, I have ridden through more than 50 countries across five continents (Europe, Asia, South and North America, and Australia), covering over 130,000 km. I am a writer by profession, and my books can be ordered through my website, snezanaradojicic.com.
","PUSTINJA KAKVU NISAM OČEKIVALA 🇦🇺 AUSTRALIJA 🚴‍♀️ Ep. 46. 00:00 Gledaćete 00:40 Noviteti 02:03 Maleri 05:10 Napokon polazak 09:25 Standley Cashm 12:57 Prvo postavljanje novog šatora 15:05 Šetnjica do kanjona 23:44 Kako editujem 23:59 Kad ostarim, hoću da… 25:54 Via Ellery Creek Big Hole 34:23 Lose vesti 37:45 Ormiston Gorge 43:08 Ljudi 46:50 Via Mereenie Loop 51:43 Ali najgore tek sledi… Jednokratne donacije na PayPal: ciklonomad@gmail.com Mesečne donacije: Instagram: Blog: Facebook: Od 2011. putujem biciklom oko sveta, živeći kao nomad, uglavnom u šatoru. Do sada sam izvozila četiri kontinenta: Evropu, Aziju, Južnu i Severnu Ameriku, napravivši više od 120.000 km. Od januara 2026. nalazim se u Australiji i plan je da izvozim ceo kontinetn i zatim pređem na Novi Zeland. | ŠTA SU URADILI ABORIDŽINIMA 🇦🇺 AUSTRALIJA 🚴‍♀️ Ep. 45. Jednokratne donacije na PayPal: ciklonomad@gmail.com Mesečne donacije: Instagram: Blog: Facebook: Od 2011. putujem biciklom oko sveta, živeći kao nomad, uglavnom u šatoru. Do sada sam izvozila četiri kontinenta: Evropu, Aziju, Južnu i Severnu Ameriku, napravivši više od 120.000 km. Od januara 2026. nalazim se u Australiji i plan je da izvozim ceo kontinetn i zatim pređem na Novi Zeland. | KREĆEM! Stay tuned!.  | SMRZLA SAM SE U PUSTINJI 🇦🇺 AUSTRALIJA 🚴‍♀️ Ep. 44. Jednokratne donacije na PayPal: ciklonomad@gmail.com Mesečne donacije: Instagram: Blog: Facebook: Od 2011. putujem biciklom oko sveta, živeći kao nomad, uglavnom u šatoru. Do sada sam izvozila četiri kontinenta: Evropu, Aziju, Južnu i Severnu Ameriku, napravivši više od 120.000 km. Od januara 2026. nalazim se u Australiji i plan je da izvozim ceo kontinetn i zatim pređem na Novi Zeland. | KAKO IZGLEDA ABORIDŽINSKI ART CENTAR 🇦🇺 AUSTRALIJA 🚴‍♀️ Ep. 43. Jednokratne donacije preko PayPala: ciklonomad@gmail.com Mesečne donacije: Instagram: Blog: Facebook: Od 2011. putujem biciklom oko sveta, živeći kao nomad, uglavnom u šatoru. Do sada sam izvozila četiri kontinenta: Evropu, Aziju, Južnu i Severnu Ameriku, napravivši više od 120.000 km. Od januara 2026. nalazim se u Australiji i plan je da izvozim ceo kontinetn i zatim pređem na Novi Zeland. | ODAKLE mi HRABROST ZA australijsku PUSTINJU? 🇦🇺 AUSTRALIJA 🚴‍♀️ Ep. 42. Jednokratne donacije na PayPal: ciklonomad@gmail.com Mesečne donacije: Instagram: Blog: Facebook: Od 2011. putujem biciklom oko sveta, živeći kao nomad, uglavnom u šatoru. Do sada sam izvozila četiri kontinenta: Evropu, Aziju, Južnu i Severnu Ameriku, napravivši više od 120.000 km. Od januara 2026. nalazim se u Australiji i plan je da izvozim ceo kontinetn i zatim pređem na Novi Zeland. | 5 DANA kroz PUSTINJU TANAMI 🇦🇺 AUSTRALIJA 🚴‍♀️ Ep. 41. Jednokratne donacije na PayPalu: ciklonomad@gmail.com Mesečne donacije: Instagram: Blog: Facebook: Od 2011. putujem biciklom oko sveta, živeći kao nomad, uglavnom u šatoru. Do sada sam izvozila četiri kontinenta: Evropu, Aziju, Južnu i Severnu Ameriku, napravivši više od 120.000 km. Od januara 2026. nalazim se u Australiji i plan je da izvozim ceo kontinetn i zatim pređem na Novi Zeland. | NAJOPASNIJI GRAD U AUSTRALIJI 🇦🇺 AUSTRALIJA 🚴‍♀️ Ep. 40. Allice Springs je poznat kao grad sa najvišim stopama nasilnog kriminala, po uništavanju imovine i antisocijalnom ponašanju mladih. Kako bi se izborili s tim problemima, vlasti povremeno uvode policijski čas i zabranu prodaje alkohola. Jednokratne donacije: Mesečne donacije: Instagram: Blog: Facebook: Od 2011. putujem biciklom oko sveta, živeći kao nomad, uglavnom u šatoru. Do sada sam izvozila četiri kontinenta: Evropu, Aziju, Južnu i Severnu Ameriku, napravivši više od 120.000 km. Od januara 2026. nalazim se u Australiji i plan je da izvozim ceo kontinetn i zatim pređem na Novi Zeland. | Dalji planovi  🇦🇺 AUSTRALIJA 🚴‍♀️ Ep. 39. Jednokratne donacije: Mesečne donacije: Instagram: Blog: Facebook: Od 2011. putujem biciklom oko sveta, živeći kao nomad, uglavnom u šatoru. Do sada sam izvozila četiri kontinenta: Evropu, Aziju, Južnu i Severnu Ameriku, napravivši više od 120.000 km. Od januara 2026. nalazim se u Australiji i plan je da izvozim ceo kontinetn i zatim pređem na Novi Zeland. | BRIZBEJN SA SKUTERA 🇦🇺 AUSTRALIJA 🚴‍♀️ Ep. 38. Jednokratne donacije: Mesečne donacije: Instagram: Blog: Facebook: Od 2011. putujem biciklom oko sveta, živeći kao nomad, uglavnom u šatoru. Do sada sam izvozila četiri kontinenta: Evropu, Aziju, Južnu i Severnu Ameriku, napravivši više od 120.000 km. Od januara 2026. nalazim se u Australiji i plan je da izvozim ceo kontinetn i zatim pređem na Novi Zeland. | KRAJ PRVE ETAPE 🇦🇺 AUSTRALIJA 🚴‍♀️ Ep. 37. #Srbija #Hrvatska #Bosna #crnagora #republikasrpska #australia #australija #novizeland Mesečne donacije: Jednokratne donacije: Instagram: Blog: Facebook: Od 2011. putujem biciklom oko sveta, živeći kao nomad, uglavnom u šatoru. Do sada sam izvozila četiri kontinenta: Evropu, Aziju, Južnu i Severnu Ameriku, napravivši više od 120.000 km. Od januara 2026. nalazim se u Australiji i plan je da izvozim ceo kontinetn i zatim pređem na Novi Zeland. | NIGDE MESTA ZA KAMP! 🇦🇺 AUSTRALIJA 🚴‍♀️ Ep. 36. #srbija #bosna #hrvatska #crnagora #makedonija #slovenija #putovanja #savetizaputovanja #australija #avantura #bicikl #kampovanje #putokosveta #biciklomokosveta Jednokratne donacije: Mesečne donacije: Instagram: Blog: Facebook: Od 2011. putujem biciklom oko sveta, živeći kao nomad, uglavnom u šatoru. Do sada sam izvozila četiri kontinenta: Evropu, Aziju, Južnu i Severnu Ameriku, napravivši više od 120.000 km. Od januara 2026. nalazim se u Australiji i plan je da izvozim ceo kontinetn i zatim pređem na Novi Zeland. | OTROVNI PAUK U ŠATORU, POTOP I MOČVARE 🇦🇺 AUSTRALIJA 🚴‍♀️ Ep. 35. #srbija #bosna #hrvatska #crnagora #makedonija #slovenija #putovanja #savetizaputovanja #australija #avantura #bicikl #kampovanje #putokosveta #biciklomokosveta Jednokratne donacije: Mesečne donacije: Instagram: Blog: Facebook: Od 2011. putujem biciklom oko sveta, živeći kao nomad, uglavnom u šatoru. Do sada sam izvozila četiri kontinenta: Evropu, Aziju, Južnu i Severnu Ameriku, napravivši više od 120.000 km. Od januara 2026. nalazim se u Australiji i plan je da izvozim ceo kontinetn i zatim pređem na Novi Zeland. | BEŽIM od gladnih DINGOSA 🇦🇺 AUSTRALIJA 🚴‍♀️ Ep. 34. Jednokratne donacije: Mesečne donacije: Instagram: Blog: Facebook: Od 2011. putujem biciklom oko sveta, živeći kao nomad, uglavnom u šatoru. Do sada sam izvozila četiri kontinenta: Evropu, Aziju, Južnu i Severnu Ameriku, napravivši više od 120.000 km. Od januara 2026. nalazim se u Australiji i plan je da izvozim ceo kontinetn i zatim pređem na Novi Zeland. | Motori, burek i ex-Yu 🇦🇺 AUSTRALIJA 🚴‍♀️ Ep. 33. Jednokratne donacije: Mesečne donacije: Instagram: Blog: Facebook: Od 2011. putujem biciklom oko sveta, živeći kao nomad, uglavnom u šatoru. Do sada sam izvozila četiri kontinenta: Evropu, Aziju, Južnu i Severnu Ameriku, napravivši više od 120.000 km. Od januara 2026. nalazim se u Australiji i plan je da izvozim ceo kontinetn i zatim pređem na Novi Zeland.",17600,"{""engagement_rate"": 3.408, ""likes_to_comments_ratio"": 6.08, ""avg_views_per_post"": 7841.7, ""total_views"": 1920293}","KAKO SNIMA INSTA360<br><br>Softver ove kamere snima sferične kadrove od (skoro) 360 stepeni, a vi u editu birate hoćete li da uzmete kadar koji pokazuje šta je ispred vas, šta je iza, gore, dole ili sa strane.<br><br>Zato videi snimljeni ovom kamericom deluju kao da vas je neko snimao. Kamerica takođe softverski briše samu sebe sa snimka, kao i stick na kome stoji, pa ćete u videima snimljenim njome često videti da ljudi stiskaju šaku kao da nešto drže u njoj – dok vi ne vidite ništa.<br><br>Ili ćete se pitati: ma ko je/ga to prati i kako je stalno snima iz raznih uglova, kao da vozi/trči/hoda ispred?<br><br>Kad u Insta aplikaciji odaberete kadrove za svaki snimak, tek onda to prebacujete kao MP4 fajl u program u kome editujete.<br><br>To je puno posla, ali je taj posao zabavan i kreativan, a rezultat je, meni barem, neverovatan – zaista deluje kao da vas je snimala TV ekipa. (Da se ne uvrede TV poslenici, ovo je de facto sve amaterski.)<br><br>Uglavnom, rezultat mojih prvih snimaka i prvih edita videa snimljenih Insta360 je pred vama.<br><br>Meni se čini da je sad sve mnogo dinamičnije i autentičnije, jer običnom kamericom nikad ne bih uspela da zabeležim mnoge od tih scena, pogotovo susrete s ljudima. | Snežana ti si  zaista čudo o žene sve to nebi nikad videli da ti nisi išla i snimala da bimi videli❤😊😊 | Divim se svakom ovom javljanju veliko delo činite hvala mnogo i mnogo sreće Vam želim❤❤❤ | <a href=""https://www.youtube.com/watch?v=cEqF1JGtwUw&amp;t=1367"">https://www.youtube.com/watch?v=cEqF1JGtwUw&amp;t=1367s</a> | Samo jako Snežana 👍🚴‍♂️ | У ствари, термин Абориџин није био злонамеран или увредљив (како кажу), већ потиче од латинске фразе; ab origine, што дословно значи „од почетка“. Међутим, многи савремени Први народи не воле тај термин јер енглески префикс ab- може такође значити „далеко од“ или „не“ (као на пример у речи абнормално), што чини да звучи као да заправо значи „неоригинално“ (не бих се изненадио да је то била истинска „интелигентна“ лицемерна намера!?). Данас, многе заједнице преферирају термине попут Први народи, староседеоци или њихова специфична традиционална племенска имена. У сваком случају, ови људи су окупирани и присилно расељени на сопственој земљи, немају заједнички језик и културу којом би се бранили, и пошто је њихов традиционални начин живота потпуно уништен, безнадежно су зависни од свог окупатора. У сваком случају, веома незавидна ситуација, a негде дубље, вероватно је и створена како би се те групе људи разблажиле и нестале у времену и простору, што је заправо врста геноцида! | Ježim se dok slušam tvoju priču koju odlično znam, ali je vredelo kao podsetnik. Ne dolazi u obzir izjava da imaju niži nivo inteligencije, već je to posledica svega o čemu govoriš i to po merilima zapadnog sistema i generacijiskim oštećenjima-traumama koje imaju. Ali ti to znaš! <br>A SVE TO UŽASNO PODSEĆA NA KANADU, ustvari identična tragedija. | To su ti fini Britanci | HVALA ti puno Snežana. Svako dobro ti želim 👍👏💪🚴‍♂️ | Draga Snjezana ma vijeruj mi nekako mi zao tih ljudi a ti molim te cuvaj se nije svejedno uci u takav grad i hvala ti na ovom videu cuvaj se svu srecu ti zelim na tvojim putovanjima veliki pozdrav iz Knina ❤❤❤ | 👌🚴👏🖖 | Srecno . Ja napunih 40 ovog leta | Srecno❤ | Sretno jarane.  Svaka čast | Srecno draga Snezo !❤❤❤❤❤ | ❤🤗🙋 | P R E J A K O.<br>jedva cekamo sledeci video. | 🤗🙂🙃🤩🥰🍀🧩🧩🧩 | A ono meda dodje na veceru | Ko bi reako da je tako hladno u australijkskoj pustinji. Nego, zvezde na južnom nebu kažu da si na pravom putu s kojeg ne treba da skrećeš. Odjedanput je nastala nova realnost osamnaestog jula, a tek avgust što će biti dinamičan....Kuku😃 | И колико си била интернирана у овом логору? | Dobro je sto su vam dozvolili da snimas , steta sto su vas razocarali i osavili gorki utisak na vase putovanje . <br>Misleo sam da ces da napravis neki didgeridoo i boomerang i mozda neki painting a oni hoce da im radis kao crnac . <br>U neki prosli video mislim da si rekla da ces biti tri meseca tamo a vidim da si napustila camp po novog videa koji cu sad da pogledam pre sto odem na spavanje . | Prevaranata ima svuda i na svakom koraku nažalost, pa se ide parolom koga prevare prevarili su....<br>Do sledećeg videa ❤ | Kako su dobri videi. Ma divni ste!!!! | Tebi svaka cast na svim avanturama koje nama prenosis da vidimo. Ono sto si ti do sad uradila je hrabro, inspirativno i fascinantno. Htio bih samo da se osvrnem, na ovaj &quot;art centar&quot; mene strasno iritira ponasanje Aboridžini bas kao i Native Americans, cast izuzetcima ali su uglavnom neradnici! I gledaju kako najlakse da &quot;zarade&quot; ili da se okoriste pogotovo kada su u pitanju &quot;bijeli ljudi&quot;. Nikad nisam razdvajao ljude po vjeri, boji koze ili bilo cemu osim na dobre i lose. Ali mi toliko ide na zivce ta &quot; white guilt&quot; strasno mnogo nepravde, i zlocina je nazalost pocinjeno nad svim starosjediocima. Ali zar ja koji sam rodjen 80 i neke. Trebam da placam cijenu sto je neko ucinio nesto lose i igrom slucaja iste boje koze kao i ja.  Kao da sam ja nesto kriv. Isti slucaj je i u Americi. Alkoholizam, droge su najveci krivci a ne bijeli covjek. Svi mi biramo svoj put u zivotu, istina nekom je taj put otezan i pun prepreka ali takav je i sam zivot. Vjecita borba za nesto. Ja jos nisam upoznao osobu iz bivse Juge, da je beskucnik u Americi, (vjerovatno negdje i postoji) ali cinjenica je ako imas volju da si obezbjedis bolji zivot, onda i radis na tom da ostvaris neke ciljeve. Velika vecina starosjedioca funkcionisu na principu &quot;lezi hljebu da te jedem&quot;<br>Da ne pametujem vise, tebi sretno u svim buducim avanturama, pomno pratim i cekam tvoj iduci video. Sretno!",youtube,ciklonomad,adventure_extreme,0.8,"{""eco_conscious"": 0.6, ""luxury_orientation"": 0.1, ""budget_orientation"": 0.8, ""adventure_orientation"": 0.9, ""family_friendly"": 0.1, ""authenticity_signal"": 0.9}",True,"[{""title"": ""KAKAV KANJON USRED PUSTINJE!  🇦🇺 AUSTRALIJA 🚴‍♀️ Ep. 48"", ""caption"": ""Jednokratne donacije na PayPal: ciklonomad@gmail.com Mesečne donacije: Instagram: Blog: Facebook: Od 2011. putujem biciklom oko sveta, živeći kao nomad, uglavnom u šatoru. Do sada sam izvozila četiri kontinenta: Evropu, Aziju, Južnu i Severnu Ameriku, napravivši više od 120.000 km. Od januara 2026. nalazim se u Australiji i plan je da izvozim ceo kontinetn i zatim pređem na Novi Zeland."", ""thumbnail_url"": ""https://i.ytimg.com/vi/lB3B9U9gd5k/hqdefault.jpg"", ""post_url"": ""https://www.youtube.com/watch?v=lB3B9U9gd5k"", ""video_id"": ""lB3B9U9gd5k"", ""platform"": ""YouTube""}, {""title"": ""NE VERUJEM KUDA SAM PROŠLA! 🇦🇺 AUSTRALIJA 🚴‍♀️ Ep. 47"", ""caption"": ""Jednokratne donacije na PayPal: ciklonomad@gmail.com Mesečne donacije: Instagram: Blog: Facebook: Od 2011. putujem biciklom oko sveta, živeći kao nomad, uglavnom u šatoru. Do sada sam izvozila četiri kontinenta: Evropu, Aziju, Južnu i Severnu Ameriku, napravivši više od 120.000 km. Od januara 2026. nalazim se u Australiji i plan je da izvozim ceo kontinetn i zatim pređem na Novi Zeland."", ""thumbnail_url"": ""https://i.ytimg.com/vi/tRvAUqHbxk4/hqdefault.jpg"", ""post_url"": ""https://www.youtube.com/watch?v=tRvAUqHbxk4"", ""video_id"": ""tRvAUqHbxk4"", ""platform"": ""YouTube""}, {""title"": ""PUSTINJA KAKVU NISAM OČEKIVALA 🇦🇺 AUSTRALIJA 🚴‍♀️ Ep. 46"", ""caption"": ""00:00 Gledaćete 00:40 Noviteti 02:03 Maleri 05:10 Napokon polazak 09:25 Standley Cashm 12:57 Prvo postavljanje novog šatora 15:05 Šetnjica do kanjona 23:44 Kako editujem 23:59 Kad ostarim, hoću da… 25:54 Via Ellery Creek Big Hole 34:23 Lose vesti 37:45 Ormiston Gorge 43:08 Ljudi 46:50 Via Mereenie Loop 51:43 Ali najgore tek sledi… Jednokratne donacije na PayPal: ciklonomad@gmail.com Mesečne donacije: Instagram: Blog: Facebook: Od 2011. putujem biciklom oko sveta, živeći kao nomad, uglavnom u šatoru. Do sada sam izvozila četiri kontinenta: Evropu, Aziju, Južnu i Severnu Ameriku, napravivši više od 120.000 km. Od januara 2026. nalazim se u Australiji i plan je da izvozim ceo kontinetn i zatim pređem na Novi Zeland."", ""thumbnail_url"": ""https://i.ytimg.com/vi/ta_uoiD9zQM/hqdefault.jpg"", ""post_url"": ""https://www.youtube.com/watch?v=ta_uoiD9zQM"", ""video_id"": ""ta_uoiD9zQM"", ""platform"": ""YouTube""}, {""title"": ""ŠTA SU URADILI ABORIDŽINIMA 🇦🇺 AUSTRALIJA 🚴‍♀️ Ep. 45"", ""caption"": ""Jednokratne donacije na PayPal: ciklonomad@gmail.com Mesečne donacije: Instagram: Blog: Facebook: Od 2011. putujem biciklom oko sveta, živeći kao nomad, uglavnom u šatoru. Do sada sam izvozila četiri kontinenta: Evropu, Aziju, Južnu i Severnu Ameriku, napravivši više od 120.000 km. Od januara 2026. nalazim se u Australiji i plan je da izvozim ceo kontinetn i zatim pređem na Novi Zeland."", ""thumbnail_url"": ""https://i.ytimg.com/vi/rTRuA886rmo/hqdefault.jpg"", ""post_url"": ""https://www.youtube.com/watch?v=rTRuA886rmo"", ""video_id"": ""rTRuA886rmo"", ""platform"": ""YouTube""}]"
@dariokesegig0ca,"To sam ja Sićo, volim da snimam klipove.","Istražio sam Najnapredniji Grad na Svetu. Podržite kanal time što će te postati član: Drugi kanal @DarioKesegiPlus insta @dariokesegi @goca.96 TikTok: @dariokesegi Biznis mail: dariokesegi024@gmail.com | Testirao sam Dostavu Hrane iz 2076. Godine. Ovaj kod važi za sve korisnike! Upustvo za Instalaciju: Poveži se u preko 200+ destinacija širom sveta Podržite kanal time što će te postati član: Drugi kanal @DarioKesegiPlus insta @dariokesegi @goca.96 TikTok: @dariokesegi Biznis mail: dariokesegi024@gmail.com | Istražio Sam Najskuplji GRAD NA SVETU - Nije Dubai. Ovaj kod važi za sve korisnike! Upustvo za Instalaciju: Poveži se u preko 200+ destinacija širom sveta Podržite kanal time što će te postati član: Drugi kanal @DarioKesegiPlus insta @dariokesegi @goca.96 TikTok: @dariokesegi Biznis mail: dariokesegi024@gmail.com | Istražio Sam Zašto je Indija Toliko Prljava. Ovaj kod važi za sve korisnike! Upustvo za Instalaciju: Poveži se u preko 200+ destinacija širom sveta Podržite kanal time što će te postati član: Drugi kanal @DarioKesegiPlus insta @dariokesegi @goca.96 TikTok: @dariokesegi Biznis mail: dariokesegi024@gmail.com | Istražio sam zašto svi Mrze Indiju?. Ovaj kod važi za sve korisnike! Upustvo za Instalaciju: Poveži se u preko 200+ destinacija širom sveta Podržite kanal time što će te postati član: Drugi kanal @DarioKesegiPlus insta @dariokesegi @goca.96 TikTok: @dariokesegi Biznis mail: dariokesegi024@gmail.com | Istražio sam Grad sa 1.000.000 Mačaka. Ovaj kod važi za sve korisnike! Upustvo za Instalaciju: Poveži se u preko 200+ destinacija širom sveta Podržite kanal time što će te postati član: Drugi kanal @DarioKesegiPlus insta @dariokesegi @goca.96 TikTok: @dariokesegi Biznis mail: dariokesegi024@gmail.com | Iznenađenje iz Snova za Milin Rođendan. Ovaj kod važi za sve korisnike! Upustvo za Instalaciju: Poveži se u preko 200+ destinacija širom sveta Podržite kanal time što će te postati član: Drugi kanal @DarioKesegiPlus insta @dariokesegi @goca.96 TikTok: @dariokesegi Biznis mail: dariokesegi024@gmail.com | Istražio sam Africki Grad Smeća. CeraVe proizvode možete naći u apotekama i online ☀️☺️ #CeraVeSun #CeraVeSPF #SunCareYouWantToWear #SPFsvakidan #AD Ovaj kod važi za sve korisnike! Upustvo za Instalaciju: Poveži se u preko 200+ destinacija širom sveta Ahmed Afrički šampion: Turisticki vodici za Egipat: Podržite kanal time što će te postati član: Drugi kanal @DarioKesegiPlus insta @dariokesegi @goca.96 TikTok: @dariokesegi Biznis mail: dariokesegi024@gmail.com | Istražio sam Najstariju Piramidu od 7000 godina - EGIPATSKE MISTERIJE. Ovaj kod važi za sve korisnike! Upustvo za Instalaciju: Poveži se u preko 200+ destinacija širom sveta Turisticki vodici za Egipat: Podržite kanal time što će te postati član: Drugi kanal @DarioKesegiPlus insta @dariokesegi @goca.96 TikTok: @dariokesegi Biznis mail: dariokesegi024@gmail.com | Istražio sam Grad gde se Najviše Krade - džeparoši i prevare. Ovaj kod važi za sve korisnike! Upustvo za Instalaciju: Poveži se u preko 200+ destinacija širom sveta Podržite kanal time što će te postati član: Drugi kanal @DarioKesegiPlus insta @dariokesegi @goca.96 TikTok: @dariokesegi Biznis mail: dariokesegi024@gmail.com | Istražujem Svet Dok mi ne Nestane Para. Ovaj kod važi za sve korisnike! Upustvo za Instalaciju: Poveži se u preko 200+ destinacija širom sveta Podržite kanal time što će te postati član: Drugi kanal @DarioKesegiPlus insta @dariokesegi @goca.96 TikTok: @dariokesegi Biznis mail: dariokesegi024@gmail.com | FINALE - Prepešačio sam celu Srbiju - Cela Priča. Ovaj kod važi za sve korisnike! Upustvo za Instalaciju: Poveži se u preko 200+ destinacija širom sveta Doniraj krv: Podržite kanal time što će te postati član: Drugi kanal @DarioKesegiPlus insta @dariokesegi @goca.96 TikTok: @dariokesegi Biznis mail: dariokesegi024@gmail.com | 200€ Stojadin Test Izdržljivosti #1. Podržite kanal time što će te postati član: Hvala gostima: @dusann05 IG @lavinametal Drugi kanal @DarioKesegiPlus insta @dariokesegi @goca.96 TikTok: @dariokesegi Biznis mail: dariokesegi024@gmail.com Hall of the Mountain King by Kevin MacLeod is licensed under a Creative Commons Attribution 4.0 license. | Skriveni Deda (70), da li ste ikada čuli za Miću Akrobatu?!. Moj put kroz Srbiju se nastavlja, a svaki novi kilometar zahteva ozbiljnu izdržljivost i hidrataciju. Zato je tu Powerade Active Water da me osveži i drži u pogonu do samog cilja Podržite kanal time što će te postati član: Drugi kanal @DarioKesegiPlus insta @dariokesegi @goca.96 TikTok: @dariokesegi Biznis mail: dariokesegi024@gmail.com | Ocenjujem Najstariji Srpski Sok - 80 godina. Ako voliš tenkove i brzu akciju, baci oko na World of Tanks HEAT - možeš ga skinuti ovdje: Podržite kanal time što će te postati član: Drugi kanal @DarioKesegiPlus insta @dariokesegi @goca.96 TikTok: @dariokesegi Biznis mail: dariokesegi024@gmail.com",611000,"{""engagement_rate"": 1.051, ""likes_to_comments_ratio"": 26.34, ""avg_views_per_post"": 191131.7, ""total_views"": 77358749}","Желим доживотно да гледам овакве видее | treba da se preselite vo kina vi ivase pse | samo tako nastavite ❤❤❤❤❤ | Zemi Praviti Decuu Dario | Dariooo,nasla sam pesmu u klipuuuu! Ako može ili ako vi želite ubacite komentar u klipppp,video gde govorite boletu i jeci 100 sati DA a da oni to ne znaju ide pesma leto je na 4 minutu i 29 sekundiii. Nadam se da sam makar malo pomogla caoooo❤ | Dario kad će trke poče | <a href=""https://www.youtube.com/watch?v=xtSrw2B9dRw&amp;t=410"">6:50</a> industrijalizacija je novo zabarikadirati, og fanovi će znati🙌🙌 | LUDILO. | Aa gde je drugi deo iz Senzena 5 dana je proslo?? 😌🥲 | Ja zbog ovoga hteo da odem u Kinu😅 odličan video!! | Prelepi videi, opsednuta sam sa vama! Ali samo ne razumjem timeline, kad se ovo deshava a kad se uploaduva 😂😂 | Najbolji kraj videa | prije 4 godine se na marian placu prodavalo se preko 100 stanova 27 000  kad te vidim pomislim FAKE | Sve pohvale za sve vas i samo cu reci youtuber number 1 i to je to,vidis se da to baš jako voliš i da živiš taj život..Saljem vam veliki pozdrav iz Zagreba💪🏻💪🏻🍛🍜🥩🍱 | Koliko je Jeca jedna zanimljiva i prezahvalna osoba. Bravo! | Danas sam otkrila ovaj kanal i vec pregledala 5 videa … zarazno dobra ekipa ! ❤ | Ako trebate potrošiti budget, dođite u hrvatsku 🤣🤣🤣<br>Pre jako video | Odstupate od teme. | Super reportaza, zanimljivo od pocetka do kraja. | Kakve ruzne tetovaze /sta ljudi radite to od sebe ??? | Rekao sam sta sam rekao... | ❤ | Jeca mala prljavica ona bi da se mazne sa zmazanima | Kad sam bila mlada devojka želela sam da odem u Indiju, GOA. Tamo je drugačije, plaže, žurke... A sada neee! Ne želim vrućine, potencijalnu kobru i ostale opasne zmije da me roknu... A tek komarci, od kojih nema bežanja. Ma neka! | Nadam se da niste išli u Indiju odmah poslije Japana🤣",youtube,dariokesegig0ca,not_travel_related,0.75,"{""eco_conscious"": 0.1, ""luxury_orientation"": 0.2, ""budget_orientation"": 0.1, ""adventure_orientation"": 0.1, ""family_friendly"": 0.05, ""authenticity_signal"": 0.3}",False,"[{""title"": ""Istražio Sam NAJVEĆU Metropolu, a nikada niste čuli za nju!"", ""caption"": ""Za više informacija o najjačem Xiaomi telefonu posetite: Podržite kanal time što će te postati član: Drugi kanal @DarioKesegiPlus insta @dariokesegi @goca.96 TikTok: @dariokesegi Biznis mail: dariokesegi024@gmail.com"", ""thumbnail_url"": ""https://i.ytimg.com/vi/9SXuZR8OISE/hqdefault.jpg"", ""post_url"": ""https://www.youtube.com/watch?v=9SXuZR8OISE"", ""video_id"": ""9SXuZR8OISE"", ""platform"": ""YouTube""}, {""title"": ""Istražio sam Najnapredniji Grad na Svetu"", ""caption"": ""Podržite kanal time što će te postati član: Drugi kanal @DarioKesegiPlus insta @dariokesegi @goca.96 TikTok: @dariokesegi Biznis mail: dariokesegi024@gmail.com"", ""thumbnail_url"": ""https://i.ytimg.com/vi/8-OTJcd6H3E/hqdefault.jpg"", ""post_url"": ""https://www.youtube.com/watch?v=8-OTJcd6H3E"", ""video_id"": ""8-OTJcd6H3E"", ""platform"": ""YouTube""}, {""title"": ""Testirao sam Dostavu Hrane iz 2076. Godine"", ""caption"": ""Ovaj kod važi za sve korisnike! Upustvo za Instalaciju: Poveži se u preko 200+ destinacija širom sveta Podržite kanal time što će te postati član: Drugi kanal @DarioKesegiPlus insta @dariokesegi @goca.96 TikTok: @dariokesegi Biznis mail: dariokesegi024@gmail.com"", ""thumbnail_url"": ""https://i.ytimg.com/vi/xtSrw2B9dRw/hqdefault.jpg"", ""post_url"": ""https://www.youtube.com/watch?v=xtSrw2B9dRw"", ""video_id"": ""xtSrw2B9dRw"", ""platform"": ""YouTube""}, {""title"": ""Istražio Sam Najskuplji GRAD NA SVETU - Nije Dubai"", ""caption"": ""Ovaj kod važi za sve korisnike! Upustvo za Instalaciju: Poveži se u preko 200+ destinacija širom sveta Podržite kanal time što će te postati član: Drugi kanal @DarioKesegiPlus insta @dariokesegi @goca.96 TikTok: @dariokesegi Biznis mail: dariokesegi024@gmail.com"", ""thumbnail_url"": ""https://i.ytimg.com/vi/mafSt0I4mPU/hqdefault.jpg"", ""post_url"": ""https://www.youtube.com/watch?v=mafSt0I4mPU"", ""video_id"": ""mafSt0I4mPU"", ""platform"": ""YouTube""}]"
@straftatv6959,"Putopisna emisja Štrafta TV doneće Vam puno saznanja o neobičnim mestima, skrivenim prirodnim lepotama i osobenostima koje do sad niste znali. 
Raskošna priroda, fantastična hrana, dobre priče i humor naizgled običnih ljudi i uopšte ta atmosfera su nešto što Miiša i Danijela kao autori ovog serijala žele da prenesu gledaocima. 
","Bili Smo Na KRAJ SVETA!. #Srbija #Arkanj #NaKrajSveta Dobro došli na još jedno nezaboravno putovanje sa ekipom Štrafte! Ovog puta zaputili smo se do Čarde, skrivenog dragulja u prelepom Arkanju. Vojvodina krije svoje dragulje i nadamo se da će ovo biti jedan koji ćete posetiti. Pridružite nam se dok istražujemo ovaj zabačeni kutak sveta, prepun neotkrivenih lepota i sami procenite da li vam se dopada da tamo pobegnete za vikend. Pretplatite se na naš kanal i pritisnite zvonce da ne propustite ni jednu avanturu! Ako vam se svidelo, lajkujte, komentarišite, podelite sa prijateljima! Instagram: | Ponovo Hvatamo Straftu. Nakon krace ( LOL ) pauze, mi se polako pripremamo da ponovo hvatamo Straftu. | Zašto po selima postavljaju zavetni krst?. Na našim putovanjima po Srbiji mi naiđemo na svašta. Neke epizode ne snimimo do kraja zbog raznoraznih okolnosti, ali svakako volimo da sa vama podelimo naša iskustva. Da li ste znali zašto na njivama postoje zavetni krstovi? | 3 jezera Fruške gore koja možete obići za jedan dan| Štrafta tv, Ep.15. Uvek je pitanje šta osim manastira obići na Fruškoj gori. Ovaj put ekipa Štrafte vas vodi do Borkovačkog, Bešenovačkog i Ledinačkog jezera. | Da li ste znali ovo o Zlatiboru i njegovoj okolini? | Izlet na Ribničko jezero | Štrafta tv, Ep.14. #srbija #zlatibor Da li ste znali da je Palisad prvi izgrađeni hotel na Zlatiboru? Pogledajte kako on danas izgleda i šta sve nudi, a potom pođite sa nama na piknik do Ribničkog jezera. Zapratite nas i na društvenim mrežama: | Autentične lokacije u okolini Zlatibora | Štrafta tv, Ep.13. #zlatibor #srbija Dve najlepše atrakcije Zlatibora su svakako Stopića pećina i vodopad Gostilje, tako da su nezaobilazna destinacija svakome ko dolazi na ovu planinu. Tako ni mi nismo ostali imuni na ove prirodne lepote, pa vam u današnjoj epizodi predstavljamo ove dve lokacije, koje nikako ne smete zaobići kada se nalazite u Zlatiborskom okrugu. Zapratite nas i na društvenim mrežama: | Vodice i Dobroselica | Štrafta tv, Ep.12. Zlatiborski okrug je prava mala oaza prirodnih lepota. Sela u njegovoj okolini nedovoljno su spomenuta i ovo je epizoda u kojoj smo vam predstavili izletište Vodice i najslikanije selo Dobroselica. Oba se nalaze na 15-ak kilometara od Zlatibora i idealna su destinacija za sve ljubitelje netaknute prirode. Kakve tajne se kriju tamo, pogledajte i čujte u našoj novoj epizodi. Zapratite nas i na društvenim mrežama: | Restoran Pećinar, Ljubiš #shorts.  | Dragulji Ovčarsko-kablarske klisure | BANJSKI POTOK, Trbovec i selo Potočanje | Štrafta tv, Ep.11. Postoje mnoga mesta u Srbiji koja su skrivena od pogleda a vredna su svake pažnje. Ovaj put na našem putu ka Zlatiboru, napravili smo nekoliko pauza i skrenuli smo sa glavnog puta, pred nama su se prikazale neverovatne lepote koje vam predlažemo da vidite. Da li ste se čuli za vikend naselje Trbovec u Ovčarsko-kablarskoj klisuri? Videli ste čudesne lepote Banjskog potoka? Selo Potočanje, krije svoje tajne a da li smo ih otkrili saznajte u našoj novoj epizodi! Zapratite nas i na društvenim mrežama: | Ovčarsko-kablarska klisura #shorts. Deo sa snimanja naredne epizode Štrafte. Ako ima neki zainteresovani sponzor... :) | Srpski Amazon. Gornje Podunavlje Da vam neko na kvizu znanja postavi pitanje za milion dinara: koje područje Srbije pripada ""Evropskom Amazonu"" da li biste znali odgovor? | Bačko Podunavlje | SRPSKI Amazon | Štrafta tv, Ep.10. Na svakom našem putovanju otkrijemo neke zanimljivosti o kojima se malo zna. Te priče čujemo uglavnom od meštana koji su zaljubljenici u kraj u kom žive, a mi te priče najviše volimo. Ovaj put neke nove tajne otkrili smo u specijalnom rezervatu prirode Gornje Podunavlje. Ova oaza prirode predstavlja jedinstven biser za odmor u prirodi, a uživanje možete upotpuniti vožnjom nepreglednim rukavcima i kanalima Dunava, šetnjom obeleženim stazama, autentičnim ribljim specijalitetima i mirnim noćima u seoskim domaćinstvima. U novoj epizodi otkrijte na koji način možete lako i sami da se snađete u srpskoj Amazoniji. Naravno, obavezno saznajte i šta je Karapandža. To je pikanterija koju je za vas pripremila ekipa emisije Štrafta tv. U susret novoj sezoni mnogo bi nam značilo da ostavite komentar, lajk i kliknite na subscribe. Pratite nas i podržite i na društvenim mrežama | Fotograf na odmoru | Mišin Vlog sa STARE PLANINE  | Štrafta tv, Ep.9. Prošao je zimski san, nastavljamo tamo gde smo stali, predstavljamo vam još jedan deo Srbije, ali ovaj put malo drugačije. Miša je rešio da ode na godišnji odmor nenajavljeno, ali se vratio sa nekim zanimljivim snimcima i fotografijama sa Stare Planine. Kako izgleda kada fotograf ode na Staru Planinu - pogledajte u ovom vlogu. Ukoliko vam se sviđa video, ostavite komentar, lajk i kliknite na subscribe, ukoliko to još niste. Pratite nas i podržite i na društvenim mrežama | Skriveni vidikovci TARE | Štrafta tv, Ep.8|drugi deo. Danas nastavljamo Tara offroad avanturu sa Nichim Izazvanim, i stižemo u Drvengrad, našu krajnju destinaciju. Na povratku ka Zaovinama, obilazimo dva zaista predivna vidikovca, pravimo piknik u prirodi i naravno, neke fotografije za uspomenu. Nadamo se da Vam se dopala ova, kao i prethodna epizoda Štrafte, Ukoliko jeste, kliknite na Like i na Subscribe, i ostavite nam neki komentar. Zahvaljujemo se Nichimu što nam je bio sjajan vodič i saputnik, porodici Mandić koji su nas ugostili u Konacima Zaovljanska Jezera i što su nam organizovali ovu predivnu vožnju. Ukoliko i Vi želite da doživite Taru na ovaj jedinstven način, obavezno posetite njihov instagram profil: kao i profil: I svakako zapratite Pratite nas i podržite i na društvenim mrežama | Šta videti na planini Tari?| Neotkrivene lepote | Štrafta TV, Ep.7 - prvi deo. Offroad avantura džipom u potrazi za neotkrivenim prirodnim lepotama Tare za nas je bila posebno i dragoceno iskustvo. Snimljeno je letos ali sad je idealno vreme da vidite ovaj video i možda se usudite da ove lepote vidite i pod snegom. Hvala @nichimizazvan i @konacizaovljanskajezera što su nam otkrili lepote za koje nismo znali. Jezera Spajići i Lipovica, vrelo u Graovcu i najlepši pogled na Beli Rzav samo su deo onog što vas čeka u prvom delu naše offroad avanture. Naravno, neizostavno je prikazati kakav je srpski domaćin a mi smo imali tu sreću da potpuno neplanirano i autentično snimimo i to. Pišite nam da li vam se dopada ono što ste videli. I naravno ako želite da nas podržite, obavezno kliknite na like, subscribe i bacite neki komentar. Pratite Štraftu i na socijalnim mrežama: Pogledajte i profile naših prijatelja:",479,"{""engagement_rate"": 8.406, ""likes_to_comments_ratio"": 11.58, ""avg_views_per_post"": 2455.7, ""total_views"": 86211}","Super sve!Voditeljka da nauči šta je salaš pa onda snimanje.😊 | Obozavam! ❤ | Superica. Bas ste zabavni | ......a di sam jaaaaa na kotliCcccc????? | Bilo bi lepo, da izvadite ruke iz džepova kada ste ispred zavetnog krsta, i ako dajete zavet da se prekrstite, a ne da izigravate i ismejavate te običaje. Vrlo ne ukusno i bez poštovanja. | Prelepa emisija,bravo❤ | Bešenovačko je vašar, bukvalno vašar, samo ringišpil fali, tu cepa 17 različitih narodnjaka na ozvučenju, ali najgore od svega je ulaz u samo jezero/vodu, ozbiljno vam kažem, čuvajte kosti.... | Lijepa zena samo obukla onu kosuljetinu i na njoj mlati, sto ce zenama kosulje. Drugo sto ce vam muzika kada nesto snimate srbi neznaju nista stogod rade neka muzika | i sad se pitaju da li je kolega ispeglao koleginicu ovde u ovoj prelepoj prirodi a glupo bi bilo da ne iskoriste to... jos kad rece kolega svasta se desava ovde slatko se nasmejala pa jos i prokomentarisala :) | Ima li ribe i dal može da se peca | Vec u prvom kadru se vidi komercijalizacija 😂😂😂😂<br>Losiji ste nego u videu pre godinu dana<br>Bas nas briga za Palisad hotel koji reklamirate, a onda Zlatni bor kafic gde pijete kafu, i nije nam vazno sta vi pijete i kako se tamo osecate. Odmah idemo djonom na reklamu, veliki dislike. Izgubili ste spontanost u razgovoru, citate scenario koji stoji na papiru pored kafe😂. Mnogo slenga u govoru! Zasto? A tek osoblje hotela koje dobija bubicu i tekst😂😂😂<br>Dosadni ste. Da ste snimili bez sponzora emisija ne bi imala takav kontekst. Prekinucu video na pocetku jer me ne zanima prezentacija hotela | Piknik jedinstven | Овде сам због шармантне водитељке. Наставите да снимате. | Волели смо и ми х. Палисад и боравили у њему неколико пута. Добро је својевремено обновљен и преуређен, али, све је у њему полатиничено, што нам никако не прија, да нема српског језика.<br> Слике су припадале, као и хотел, друштву и држави некада, а при продаји хотела су практично поклоњене купцу, што је био велики пропуст и штета за државу. | Al gde smestiti silne ljude koji dolaze tu, ako nema hotela i apartmana...A ko ne voli urbano, ima Zlatibor mnogo vise od samog centra mesta",youtube,straftatv6959,lifestyle_general,0.68,"{""eco_conscious"": 0.62, ""luxury_orientation"": 0.12, ""budget_orientation"": 0.71, ""adventure_orientation"": 0.58, ""family_friendly"": 0.44, ""authenticity_signal"": 0.84}",True,"[{""title"": ""Bili Smo Na KRAJ SVETA!"", ""caption"": ""#Srbija #Arkanj #NaKrajSveta Dobro došli na još jedno nezaboravno putovanje sa ekipom Štrafte! Ovog puta zaputili smo se do Čarde, skrivenog dragulja u prelepom Arkanju. Vojvodina krije svoje dragulje i nadamo se da će ovo biti jedan koji ćete posetiti. Pridružite nam se dok istražujemo ovaj zabačeni kutak sveta, prepun neotkrivenih lepota i sami procenite da li vam se dopada da tamo pobegnete za vikend. Pretplatite se na naš kanal i pritisnite zvonce da ne propustite ni jednu avanturu! Ako vam se svidelo, lajkujte, komentarišite, podelite sa prijateljima! Instagram:"", ""thumbnail_url"": ""https://i.ytimg.com/vi/XgpPir5uAFQ/hqdefault.jpg"", ""post_url"": ""https://www.youtube.com/watch?v=XgpPir5uAFQ"", ""video_id"": ""XgpPir5uAFQ"", ""platform"": ""YouTube""}, {""title"": ""Ponovo Hvatamo Straftu"", ""caption"": ""Nakon krace ( LOL ) pauze, mi se polako pripremamo da ponovo hvatamo Straftu."", ""thumbnail_url"": ""https://i.ytimg.com/vi/o_7fGvAnR8E/hqdefault.jpg"", ""post_url"": ""https://www.youtube.com/watch?v=o_7fGvAnR8E"", ""video_id"": ""o_7fGvAnR8E"", ""platform"": ""YouTube""}, {""title"": ""Zašto po selima postavljaju zavetni krst?"", ""caption"": ""Na našim putovanjima po Srbiji mi naiđemo na svašta. Neke epizode ne snimimo do kraja zbog raznoraznih okolnosti, ali svakako volimo da sa vama podelimo naša iskustva. Da li ste znali zašto na njivama postoje zavetni krstovi?"", ""thumbnail_url"": ""https://i.ytimg.com/vi/DprZ5uT0q_E/hqdefault.jpg"", ""post_url"": ""https://www.youtube.com/watch?v=DprZ5uT0q_E"", ""video_id"": ""DprZ5uT0q_E"", ""platform"": ""YouTube""}, {""title"": ""3 jezera Fruške gore koja možete obići za jedan dan| Štrafta tv, Ep.15"", ""caption"": ""Uvek je pitanje šta osim manastira obići na Fruškoj gori. Ovaj put ekipa Štrafte vas vodi do Borkovačkog, Bešenovačkog i Ledinačkog jezera."", ""thumbnail_url"": ""https://i.ytimg.com/vi/KiE57368A6o/hqdefault.jpg"", ""post_url"": ""https://www.youtube.com/watch?v=KiE57368A6o"", ""video_id"": ""KiE57368A6o"", ""platform"": ""YouTube""}]"
@travelmilos,Najiskrenija iskustva i saveti sa putovanja. Ideje za putovanja kao travel vlog dokumentarci. Tekstualna forma na blogu http://putuj.rs,"Here are the most amaizing sunsets in Dubai ! Dubai Creek Harbour #dubai #uae #sunset.  | Ohridsko jezero - najlepši izlet na izvor Crnog Drima #ohrid #makedonija #makedonia #putovanje.  | TOP utisci sa letovanja u Egiptu u oktobru #leto #egipat.  | Vožnja kvadova i bagija u Egiptu - izlet u sred pustinje! #egipat #letovanje.  | Da li je Opatija NAJLEPŠI gradić na hrvatskom moru?.  | Istočni Kipar kao opcija za letovanje. Protaras - LIČNO iskustvo. Letovanje na Kipru je sve popularnije. Mi smo odabrali Protaras, na istočnoj obali Kipra i proveli svoje letovanje. U ovom videu donosim iskustvo i utiske potpuno iskreno, prikazujem hotele, obalu, plaže. Protaras je pun hotela na samoj obali sa opcijom polupansiona. Nije kao Grčka, mnogo je razvijenije. Plaže su jako egzotične i lepe za kupanje. U ovom videu su svi saveti za vaše putovanje na Kipar. Informacije o hotelima, izletima, rentacar 00:00 - 03:19 Uvod 03:19 - 07:07 Hoteli i plaže u Protarasu 07:07 - 10:14 Miloševi utisci, restorani, noćni barovi 10:14 - 11:41 Rentacar na Kipru i transport 11:41 - 14:18 Nissi plaža 14:18 - 15:36 Zaključak o Protarasu | Transplantacija kose u Istanbulu - moja iskustva. Presadio sam kosu u Turskoj i na taj korak sam se odlučio u svojoj 38. godini. Još od svoje 30. godine sam imao problem sa opadanjem kose, koji se nastavljao iz godine u godinu. Smatrao sam da je jedino rešenje transplantacija kose, odnosno presadjivanje kose u Istanbulu. U ovom videu sam izneo svoje iskustvo i utiske, najiskrenije moguće, jer saradnja nije bila plaćena niti sponzorisana. Specijalno za moje pratioce, obezbedio sam 30% popusta i dovoljno je samo da se prijavite putem linka kako bi čuli sve detalje ponude. Svoje utiske, pitanja i komentare slobodno ostavite u komentaru videa. Sve najbolje! 00:00 - 01:08 - Uvod 01:08 - 05:04 - Pre transplantacije 05:04 - 13:14 - Oporavak i prvi dani 13:14 - 15:18 - 4 meseca nakon transplantacije 15:18 - 18:16 - PRP tretman 18:16 - 23:15 - 6 meseci nakon transplantacije 23:15 - 24:19 - 14 meseci posle i trenutno stanje | Dino Merlin - najlepši momenti koncerta u Beogradu (22.11.2023). Pevač Dino Merlin održao je četiri koncerta u Beogradu, u punoj Areni. Ovo su najlepši momenti sa červrtog koncerta gde su gosti bili i Ivana Banfić i Vesna Zmijanac. Pesme koje ćete čuti u videu: Bosnom behar probeharao, Moj je život Švicarska, Danas sam OK i mnoge druge. Uživajte | Kopaonik - prvi sneg u novoj sezoni 2024 i priprema skijališta - Cinematic video. Prvi veći sneg na Kopaoniku i priprema staza za sezonu 2023-2024. Šetnja kroz centar i preko ski staze Karaman do Pajinog presla. Povratak u centar. Prikaz pripreme ski staza. | Šetnja podrške narodu Palestine u Beogradu 12.11.2023..  | Kafana u Ohridu - mix SRPSKIH i MAKEDONSKIH pesama UŽIVO. Najbolja makedonska i srpska muzika u restoranu Tino u Ohridu, na Ohridskom jezeru. Kafansko veče za pamćenje uz muziku uživo. Starogradski orkestar, violina, harmonika, gitara - unplugged! Uživajte! Pesme: 00:00 - 01:22 - Lepa Brena - Čik pogodi - uživo 01:22 - 03:57 - Lepa Brena - Golube - uživo 03:57 - 07:00 - Što ke mi život kada te nema - uživo 07:00 - 08:48 - Šaban Šaulić - Viđaš li mi staru ljubav - uživo 08:48 - 10:00 - Staniša Stošić - Lela Vranjanka - uživo | Efto Pupinovski - Lihnida kajce veslase - 4K video Ohridskoto ezero. Prekrasna makedonska tradicionalna pesna ispeana od Efto Pupinovski za koja videoto e sozdadeno vo 2023 godina so najubavite 4K snimki od Ohridskoto Ezero i gradot Ohrid. So ovaa pesna sakav da go začuvam spomenot na najubavata pesna za Ohridskoto Ezero so najubavite video ramki što gi snimiv i kupiv za videoto da bide vistinsko uživanje. Pominav 5 dena na Ohridskoto Ezero i ova e mojot podarok za site Makedonci. Videoto od mojata poseta možete da go poglednete na sledniot link podolu. So počit. | Durmitor - najlepša planina u Crnoj Gori, Vražje jezero i Smrčevo brdo #CrnaGora #planine.  | Let iznad Ohridskog jezera paraglajderom sa FlyOhrid #OhridskoJezero #makedonija.  | Najlepša plaža u Crnoj Gori? Dobra Voda kod Bara #CrnaGora #letovanje. ",6530,"{""engagement_rate"": 5.905, ""likes_to_comments_ratio"": 8.84, ""avg_views_per_post"": 27705.3, ""total_views"": 2267228}","Koja je cena voznje brodicem? | ❤😂🎉😅 | Za mene definitivno jeste:) Pozdrav iz Zemuna, vidimo se u septembru (rujnu) ove godine!!! | Moj grad!❤⛵️🚤🛶☀️☀️☀️☀️☀️☀️ | Ne samo najljepši na Kvarneru nego na Jadranu!!❤ | Da...svakako.   mislim,da komunalno , u dalmaciji i ostatku Istre,je znatno zakazalo,kao i njihovi gradonačelnici. Svi znamo da nisu dovoljne zgrade,vec  uredenje  vanjskog prostora,koji daje dojam,čistoce,i uređenosti.  Misle da se to neprimjecuje.",youtube,travelmilos,lifestyle_general,0.78,"{""eco_conscious"": 0.2, ""luxury_orientation"": 0.6, ""budget_orientation"": 0.3, ""adventure_orientation"": 0.4, ""family_friendly"": 0.2, ""authenticity_signal"": 0.9}",True,"[{""title"": ""Here are the most amaizing sunsets in Dubai ! Dubai Creek Harbour #dubai #uae #sunset"", ""caption"": """", ""thumbnail_url"": ""https://i.ytimg.com/vi/Q4WsWa1UeWk/hqdefault.jpg"", ""post_url"": ""https://www.youtube.com/watch?v=Q4WsWa1UeWk"", ""video_id"": ""Q4WsWa1UeWk"", ""platform"": ""YouTube""}, {""title"": ""Ohridsko jezero - najlepši izlet na izvor Crnog Drima #ohrid #makedonija #makedonia #putovanje"", ""caption"": """", ""thumbnail_url"": ""https://i.ytimg.com/vi/VYRJdFUBtSw/hqdefault.jpg"", ""post_url"": ""https://www.youtube.com/watch?v=VYRJdFUBtSw"", ""video_id"": ""VYRJdFUBtSw"", ""platform"": ""YouTube""}, {""title"": ""TOP utisci sa letovanja u Egiptu u oktobru #leto #egipat"", ""caption"": """", ""thumbnail_url"": ""https://i.ytimg.com/vi/odVtZytWbRs/hqdefault.jpg"", ""post_url"": ""https://www.youtube.com/watch?v=odVtZytWbRs"", ""video_id"": ""odVtZytWbRs"", ""platform"": ""YouTube""}, {""title"": ""Vožnja kvadova i bagija u Egiptu - izlet u sred pustinje! #egipat #letovanje"", ""caption"": """", ""thumbnail_url"": ""https://i.ytimg.com/vi/G7n-NnrRRDI/hqdefault.jpg"", ""post_url"": ""https://www.youtube.com/watch?v=G7n-NnrRRDI"", ""video_id"": ""G7n-NnrRRDI"", ""platform"": ""YouTube""}]"
@serbianontheroad,"Travel blog of musician from Belgrade, Serbia. NOT INTERESTED IN POLITICS! I have friends all around the world, all religions and nations. See you around...
","RUČAK ZA 1 EVRO U INDIJI, grad Pushkar - nemam pojma šta jedem, ali sam pretekao #indija #pushkar. 👉 Consider Supporting the Channel 👇 : ☕ Buying me a coffee RUČAK ZA 1 EVRO U INDIJI, grad Pushkar - nemam pojma šta jedem, ali sam pretekao #indija #pushkar Travel blog of musician from Belgrade, Serbia NOT INTERESTED IN POLITICS I have friends all around the world, and want to make more Please subscribe to my channel, I wish to quit daily job and live from traveling and making videos. I hope you will like my videos, and if you have any suggestion, please write to me. Regards from Serbia, hope to see you soon... | Zaboravljene priče Srbije: EP1 OSTRVICA - Radič Postupovič, tvrđava na Ostrvici, rat sa Turcima. 👉 Consider Supporting the Channel 👇 : ☕ Buying me a coffee Zaboravljene priče Srbije: EP1 OSTRVICA - Radič Postupovič, tvrđava na Ostrvici, rat sa Turcima Na vrhu Ostrvica planine Rudnik nekada je stajala moćna tvrđava, koja je bila jedno od glavnih uporišta srpske vojske. Ova Zaboravljena priča Srbije govori o Radiču Postupoviču i davnim bitkama. #legende #srbija #ostrvica #rudnik #radič #radispostupovic #srednjivek Travel blog of musician from Belgrade, Serbia NOT INTERESTED IN POLITICS I have friends all around the world, and want to make more Please subscribe to my channel, I wish to quit daily job and live from traveling and making videos. I hope you will like my videos, and if you have any suggestion, please write to me. Regards from Serbia, hope to see you soon... | Najava emisije ""Zaboravljene priče Srbije"" - Sredom na Balkan Trip TV #srbija #legende #predanja. 👉 Consider Supporting the Channel 👇 : ☕ Buying me a coffee Najava emisije ""Zaboravljene priče Srbije"" - Sredom na Balkan Trip TV #srbija #legende #predanja Travel blog of musician from Belgrade, Serbia NOT INTERESTED IN POLITICS I have friends all around the world, and want to make more Please subscribe to my channel, I wish to quit daily job and live from traveling and making videos. I hope you will like my videos, and if you have any suggestion, please write to me. Regards from Serbia, hope to see you soon... | 🌊 SITONIJA 3 🌊 Treći Deo - Severoistok Sitonije #sitonija #grcka #grčka #halkidiki #letovanje. 👉 Consider Supporting the Channel 👇 : ☕ Buying me a coffee 🌊 SITONIJA 3 🌊 Treći Deo - Upoznajte Raj Halkidikija #sitonija #grcka #grčka #halkidiki #letovanje Travel blog of musician from Belgrade, Serbia NOT INTERESTED IN POLITICS I have friends all around the world, and want to make more Please subscribe to my channel, I wish to quit daily job and live from traveling and making videos. I hope you will like my videos, and if you have any suggestion, please write to me. Regards from Serbia, hope to see you soon... | 🌊 SITONIJA 2 🌊 Drugi Deo - Upoznajte Raj Halkidikija #sitonija #grcka #grčka #halkidiki #letovanje. 👉 Consider Supporting the Channel 👇 : ☕ Buying me a coffee 🌊 SITONIJA 2 🌊 Drugi Deo - Upoznajte Raj Halkidikija #sitonija #grcka #grčka #halkidiki #letovanje Dobrodošli na Sitoniju, drugi prst Halkidikija, poznat po prelepim plažama, kristalno čistom moru i netaknutoj prirodi. U drugom delu vodiča kroz Sitoniju pokazaćemo vam šta sve možete videti, koje plaže posetiti, gde odsesti i kako najbolje iskoristiti svoj odmor na ovom čarobnom mestu u Grčkoj. 📍 U ovom videu: – Uvod u Sitoniju – Najlepše plaže (kratki pregled) – Mesta koja vredi obići – Saveti za dolazak i boravak 👉 Pretplatite se na moj kanal #Sitonija #Halkidiki #Grčka #PlažeGrčke #Letovanje #Putovanja #Turizam #Grčka2025 #SitonijaPlaže #Vodič #TravelSerbia #Putujmo #More #Odmor #Plaže Travel blog of musician from Belgrade, Serbia NOT INTERESTED IN POLITICS I have friends all around the world, and want to make more Please subscribe to my channel, I wish to quit daily job and live from traveling and making videos. I hope you will like my videos, and if you have any suggestion, please write to me. Regards from Serbia, hope to see you soon... | 🌊 SITONIJA 1 🌊 Prvi Deo – Uvod u Raj Halkidikija 🇬🇷 #sitonija #grcka #grčka #halkidiki #letovanje. 👉 Consider Supporting the Channel 👇 : ☕ Buying me a coffee 🌊 SITONIJA 🌊 Prvi Deo – Uvod u Raj Halkidikija 🇬🇷 #sitonija #grcka #grčka #halkidiki #letovanje Dobrodošli na Sitoniju, drugi prst Halkidikija, poznat po prelepim plažama, kristalno čistom moru i netaknutoj prirodi. U ovom prvom delu vodiča kroz Sitoniju pokazaćemo vam šta sve možete videti, koje plaže posetiti, gde odsesti i kako najbolje iskoristiti svoj odmor na ovom čarobnom mestu u Grčkoj. 📍 U ovom videu: – Uvod u Sitoniju – Najlepše plaže (kratki pregled) – Mesta koja vredi obići 👉 Pretplatite se za drugi deo gde ćemo detaljno obići plaže, taverne i skrivene uvale Sitonije. #Sitonija #Halkidiki #Grčka #PlažeGrčke #Letovanje #Putovanja #Turizam #Grčka2025 #SitonijaPlaže #Vodič #TravelSerbia #Putujmo #More #Odmor #Plaže Travel blog of musician from Belgrade, Serbia NOT INTERESTED IN POLITICS I have friends all around the world, and want to make more Please subscribe to my channel, I wish to quit daily job and live from traveling and making videos. I hope you will like my videos, and if you have any suggestion, please write to me. Regards from Serbia, hope to see you soon... | 🏝️ PLAŽA TOURKOLIMNIONAS 🏝️ Skrivena oaza Sitonije 🇬🇷 #sitonija #tourkolimnionas #grcka #halkidiki. 👉 Consider Supporting the Channel 👇 : ☕ Buying me a coffee 🏝️ PLAŽA TOURKOLIMNIONAS 🏝️ Skrivena oaza Sitonije 🇬🇷 #sitonija #tourkolimnionas #grcka #halkidiki U ovom videu vodimo vas na plažu Tourkolimnionas na Sitoniji, jedno od najlepših i najmirnijih mesta u Halkidikiju. Saznajte kako da dođete do plaže, gde da parkirate i šta vas sve očekuje na ovom prelepom mestu sa kristalno čistom vodom i prirodnim stenama idealnim za ronjenje i uživanje u miru daleko od gužve. 📍 Lokacija: Plaža Tourkolimnionas, Sitonija, Halkidiki, Grčka 💙 Šta očekivati: Mir, čista voda, prirodne stene, savršeno za opuštanje 👉 Pratite moj kanal za puno interesantnih videa #Tourkolimnionas #Sitonija #Halkidiki #Grčka #PlažeGrčke #Letovanje #Putovanja #PlažaTourkolimnionas #Odmor #Priroda #Ronjenje #More #Plaže #TravelSerbia #Putujmo #Grčka2025 Travel blog of musician from Belgrade, Serbia NOT INTERESTED IN POLITICS I have friends all around the world, and want to make more Please subscribe to my channel, I wish to quit daily job and live from traveling and making videos. I hope you will like my videos, and if you have any suggestion, please write to me. Regards from Serbia, hope to see you soon... | 🏖️ Ormos Panagias – mirna luka Sitonije🏖️ #ormospanagias #sitonija #grčka #travel #putopis. 👉 Consider Supporting the Channel 👇 : ☕ Buying me a coffee 🏖️ Ormos Panagias – mirna luka Sitonije🏖️ #ormospanagias #sitonija #grčka #travel #putopis Dobrodošli u Ormos Panagias, malo ribarsko mesto na Sitoniji, idealno za opuštanje i izlete do čuvenog Svete Gore. U ovom videu šetamo kroz luku, plaže i ulice Ormos Panagiasa, uživamo u pogledu na brodiće i mirnu atmosferu ovog mesta. 🏖️ Ormos Panagias je poznat i kao polazna tačka za krstarenja oko Atosa i ima predivne riblje taverne sa svežom ribom direktno iz Egeja. Pogledajte kako izgleda ovo mirno grčko mesto i planirajte svoj sledeći odmor. 👉 Ako vam se dopao video, lajkujte, podelite i zapratite kanal za još snimaka iz Grčke! Travel blog of musician from Belgrade, Serbia NOT INTERESTED IN POLITICS I have friends all around the world, and want to make more Please subscribe to my channel, I wish to quit daily job and live from traveling and making videos. I hope you will like my videos, and if you have any suggestion, please write to me. Regards from Serbia, hope to see you soon... | 🏖️ Karidi Plaža – Rajska Uvala Sitonije! 🏖️ Najlepša Plaža Vurvurua #karidi #sitonija #grčka. 👉 Consider Supporting the Channel 👇 : ☕ Buying me a coffee 🏖️ Karidi Plaža – Rajska Uvala Sitonije! 🏖️ Najlepša Plaža Vurvurua #karidi #sitonija #grčka Travel blog of musician from Belgrade, Serbia NOT INTERESTED IN POLITICS I have friends all around the world, and want to make more Please subscribe to my channel, I wish to quit daily job and live from traveling and making videos. I hope you will like my videos, and if you have any suggestion, please write to me. Regards from Serbia, hope to see you soon... | 🏝️ KAVOUROTRIPES 🏝️Rajska Plaža Sitonije koju Morate Videti! #kavourotripes #sitonija #grcka #plaża. 👉 Consider Supporting the Channel 👇 : ☕ Buying me a coffee 🏝️ KAVOUROTRIPES 🏝️Rajska Plaža Sitonije koju Morate Videti! #kavourotripes #sitonija #grcka #plaża Dobrodošli na Kavourotripes, jednu od najlepših i najfotogeničnijih plaža na Halkidikiju! Ova skrivena uvala sa belim stenama, tirkiznim morem i netaknutom prirodom pravi je mali raj na zemlji. 🐚 📍 Lokacija: Istočna obala Sitonije, Halkidiki, Grčka 🌊 More: Kristalno čisto, plitko, idealno za ronjenje 🏖️ Plaža: Kombinacija peska i stena, savršena za avanturiste i ljubitelje prirode 🚗 Pristup: Autom do šume, zatim kratka šetnja pešice U ovom videu donosimo ti autentične kadrove, zvuke mora i atmosferu koja će ti pomoći da osetiš duh ove čarobne plaže. 👉 Ne zaboravi da lajkuješ, komentarišeš i zapratite kanal za još vodiča kroz Grčku! 📌 Više detalja o plažama Sitonije pročitaj na sajtu: www.mojagrcka.com #Kavourotripes #Sitonija #Halkidiki #Grčka2025 #PlažeGrčke #GreeceMyGreece Travel blog of musician from Belgrade, Serbia NOT INTERESTED IN POLITICS I have friends all around the world, and want to make more Please subscribe to my channel, I wish to quit daily job and live from traveling and making videos. I hope you will like my videos, and if you have any suggestion, please write to me. Regards from Serbia, hope to see you soon... | PYRGADIKIA SITONIJA mesto za uživanje #pyrgadikia #sitonija. 👉 Consider Supporting the Channel 👇 : ☕ Buying me a coffee Travel blog of musician from Belgrade, Serbia NOT INTERESTED IN POLITICS I have friends all around the world, and want to make more Please subscribe to my channel, I wish to quit daily job and live from traveling and making videos. I hope you will like my videos, and if you have any suggestion, please write to me. Regards from Serbia, hope to see you soon... | VOURVOUROU – Skriveni raj Sitonije | Plaže, Priroda i Kristalno More u Grčkoj #vourvourou #sitonija. 👉 Consider Supporting the Channel 👇 : ☕ Buying me a coffee VOURVOUROU – Skriveni raj Sitonije | Plaže, Priroda i Kristalno More u Grčkoj #vourvourou #sitonija Travel blog of musician from Belgrade, Serbia NOT INTERESTED IN POLITICS I have friends all around the world, and want to make more Please subscribe to my channel, I wish to quit daily job and live from traveling and making videos. I hope you will like my videos, and if you have any suggestion, please write to me. Regards from Serbia, hope to see you soon... | SARTI - Jedan od najlepših gradova Sitonije #sarti #sitonija #grčka #halkidiki. 👉 Consider Supporting the Channel 👇 : ☕ Buying me a coffee SARTI - Jedan od najlepših gradova Sitonije #sarti #sitonija #grčka #halkidiki Travel blog of musician from Belgrade, Serbia NOT INTERESTED IN POLITICS I have friends all around the world, and want to make more Please subscribe to my channel, I wish to quit daily job and live from traveling and making videos. I hope you will like my videos, and if you have any suggestion, please write to me. Regards from Serbia, hope to see you soon... | 🐘 INDIJA drugi deo: MUMBAI - Elefanta ostrvo i Zlatna pagoda 🐘 🇮🇳 #mumbai #india #bombay #putopis 🐪. 👉 Consider Supporting the Channel 👇 : ☕ Buying me a coffee 🐘 INDIJA drugi deo: MUMBAI - Elefanta ostrvo i Zlatna pagoda 🐘 🇮🇳 #mumbai #india #bombay #putopis 🐪 Travel blog of musician from Belgrade, Serbia NOT INTERESTED IN POLITICS I have friends all around the world, and want to make more Please subscribe to my channel, I wish to quit daily job and live from traveling and making videos. I hope you will like my videos, and if you have any suggestion, please write to me. Regards from Serbia, hope to see you soon... | 🐘 INDIJA prvi deo: MUMBAI 🐘 🇮🇳 #mumbai #india #bombay #putopis 🐪. 👉 Consider Supporting the Channel 👇 : ☕ Buying me a coffee 🐘 INDIJA prvi deo: MUMBAI 🐘 🇮🇳 #mumbai #india #bombay #putopis 🐪 Travel blog of musician from Belgrade, Serbia NOT INTERESTED IN POLITICS I have friends all around the world, and want to make more Please subscribe to my channel, I wish to quit daily job and live from traveling and making videos. I hope you will like my videos, and if you have any suggestion, please write to me. Regards from Serbia, hope to see you soon...",2490,"{""engagement_rate"": 2.431, ""likes_to_comments_ratio"": 13.41, ""avg_views_per_post"": 7437.4, ""total_views"": 705486}","Da li ima mogucnosti da biras neljute obroke? Sta je bilo posle? Da li si se zarazio? | Što se mrštiš kada voliš ljuto 😂 | Prelepoooi | Lepo i veoma kvalitetno urađeno. Hvala najlepše za sva tri dela. | Bravo za snimak 100% | Hvala za ova 3 dela video 😊😊😊😊. Plaze su jakoo lepe na Sitoniji | Top | A tuseva nidje??? | Odlično si odradio ovu&quot; reportažu&quot;,profi 👏 | Uh Marmaras već petnest godina Jun i Septembar...tamo kupujem plac i to u planini... Marmaras ❤",youtube,serbianontheroad,backpacker_budget,0.86,"{""eco_conscious"": 0.22, ""luxury_orientation"": 0.07, ""budget_orientation"": 0.92, ""adventure_orientation"": 0.35, ""family_friendly"": 0.18, ""authenticity_signal"": 0.81}",True,"[{""title"": ""RUČAK ZA 1 EVRO U INDIJI, grad Pushkar - nemam pojma šta jedem, ali sam pretekao #indija #pushkar"", ""caption"": ""👉 Consider Supporting the Channel 👇 : ☕ Buying me a coffee RUČAK ZA 1 EVRO U INDIJI, grad Pushkar - nemam pojma šta jedem, ali sam pretekao #indija #pushkar Travel blog of musician from Belgrade, Serbia NOT INTERESTED IN POLITICS I have friends all around the world, and want to make more Please subscribe to my channel, I wish to quit daily job and live from traveling and making videos. I hope you will like my videos, and if you have any suggestion, please write to me. Regards from Serbia, hope to see you soon..."", ""thumbnail_url"": ""https://i.ytimg.com/vi/-0OHSnEsHPQ/hqdefault.jpg"", ""post_url"": ""https://www.youtube.com/watch?v=-0OHSnEsHPQ"", ""video_id"": ""-0OHSnEsHPQ"", ""platform"": ""YouTube""}, {""title"": ""Zaboravljene priče Srbije: EP1 OSTRVICA - Radič Postupovič, tvrđava na Ostrvici, rat sa Turcima"", ""caption"": ""👉 Consider Supporting the Channel 👇 : ☕ Buying me a coffee Zaboravljene priče Srbije: EP1 OSTRVICA - Radič Postupovič, tvrđava na Ostrvici, rat sa Turcima Na vrhu Ostrvica planine Rudnik nekada je stajala moćna tvrđava, koja je bila jedno od glavnih uporišta srpske vojske. Ova Zaboravljena priča Srbije govori o Radiču Postupoviču i davnim bitkama. #legende #srbija #ostrvica #rudnik #radič #radispostupovic #srednjivek Travel blog of musician from Belgrade, Serbia NOT INTERESTED IN POLITICS I have friends all around the world, and want to make more Please subscribe to my channel, I wish to quit daily job and live from traveling and making videos. I hope you will like my videos, and if you have any suggestion, please write to me. Regards from Serbia, hope to see you soon..."", ""thumbnail_url"": ""https://i.ytimg.com/vi/zRI5wluQhV0/hqdefault.jpg"", ""post_url"": ""https://www.youtube.com/watch?v=zRI5wluQhV0"", ""video_id"": ""zRI5wluQhV0"", ""platform"": ""YouTube""}, {""title"": ""Najava emisije \""Zaboravljene priče Srbije\"" - Sredom na Balkan Trip TV #srbija #legende #predanja"", ""caption"": ""👉 Consider Supporting the Channel 👇 : ☕ Buying me a coffee Najava emisije \""Zaboravljene priče Srbije\"" - Sredom na Balkan Trip TV #srbija #legende #predanja Travel blog of musician from Belgrade, Serbia NOT INTERESTED IN POLITICS I have friends all around the world, and want to make more Please subscribe to my channel, I wish to quit daily job and live from traveling and making videos. I hope you will like my videos, and if you have any suggestion, please write to me. Regards from Serbia, hope to see you soon..."", ""thumbnail_url"": ""https://i.ytimg.com/vi/6vFdqs-jneQ/hqdefault.jpg"", ""post_url"": ""https://www.youtube.com/watch?v=6vFdqs-jneQ"", ""video_id"": ""6vFdqs-jneQ"", ""platform"": ""YouTube""}, {""title"": ""🌊 SITONIJA 3 🌊 Treći Deo - Severoistok Sitonije #sitonija #grcka #grčka #halkidiki #letovanje"", ""caption"": ""👉 Consider Supporting the Channel 👇 : ☕ Buying me a coffee 🌊 SITONIJA 3 🌊 Treći Deo - Upoznajte Raj Halkidikija #sitonija #grcka #grčka #halkidiki #letovanje Travel blog of musician from Belgrade, Serbia NOT INTERESTED IN POLITICS I have friends all around the world, and want to make more Please subscribe to my channel, I wish to quit daily job and live from traveling and making videos. I hope you will like my videos, and if you have any suggestion, please write to me. Regards from Serbia, hope to see you soon..."", ""thumbnail_url"": ""https://i.ytimg.com/vi/bR5GZrJHaT8/hqdefault.jpg"", ""post_url"": ""https://www.youtube.com/watch?v=bR5GZrJHaT8"", ""video_id"": ""bR5GZrJHaT8"", ""platform"": ""YouTube""}]"
@blackandginger,"Ẹ ku abọ! *** Welcome! *** Dobro došli!

Let us tell you a little about ourselves. Salman is from Nigeria, Leona is from Serbia. Little Frida, Well she's Afro-European. We fell in love in the USA. That's the short version. If you would like to know more, great. That's why this channel exist. That's one of the reasons actually. 
With this channel we also want to knock some barriers. Barriers of differences. We want to send a message to the world: Differences are good! Differences are what makes the world so great. Greet them with open arms and heart! 
We'll teach each other languages (Yoruba, Serbian, And Hungarian), travel and learn all about each others countries of origin. Through our journey, we'll tell you stories and anecdotes about our relationship. It will be so much fun! 

So subscribe, and get to know all about a life of a mixed race couple, follow us on Instagram @blackandginger_ Facebook @blackandgingerr

With love, Mubi and Leona","I Spent 7 Days Breaking Through This 25 Year Old Concrete Bunker (Black And Ginger). Breaking a 25-year-old concrete bunker with no construction experience was probably the craziest part of this entire project. Before we could build our dream swimming pool, we had to destroy what was already there and that meant weeks of heavy machinery, concrete, rebar, dust, exhaustion, and a lot of moments where I genuinely wondered if I had bitten off more than I could chew. This is Episode 1 of our bunker-to-pool transformation, following the pilot/overview episode where we introduced the crazy idea of turning an old bunker in our backyard into a family swimming pool ( ). This time, we're going back to the beginning. I start by removing the retaining walls and tons of soil sitting on top of the bunker before bringing in the heavy machinery and attacking the concrete roof. What started as a relatively simple idea quickly turned into a much bigger challenge once I discovered just how much reinforcement was inside the concrete. And I had zero construction experience. I had to figure things out as I went, taking advice from my father-in-law, who actually built this bunker around 25 years ago. There were rented concrete breakers, angle grinders, rebar, eight-hour workdays, broken concrete everywhere, and one particularly brutal section of the roof that nearly broke me mentally. But I wasn't doing it alone. Leona and the kids became my biggest cheerleaders throughout the entire process — with the kids being fascinated by the heavy machinery and Leona providing a healthy combination of encouragement, jokes, and questionable suggestions involving TNT. 😂 Once the bunker roof finally came down, the next challenge was figuring out how to bring the depth up to the 1.30m we needed for our pool. That meant breaking the fallen concrete into smaller pieces, bringing in 10 cubic meters of fine sand, watering and compacting it, and slowly filling the massive space left behind by the bunker roof. And then, finally... the pool arrived. We managed to buy our Intex pool out of season for 67,000 RSD instead of around 101,000 RSD, which saved us a significant amount of money on a project that already had plenty of expenses. This whole transformation has been years in the making, and this is only the beginning. Next episode: we finally start turning this destroyed bunker into an actual swimming pool — leveling the ground, preparing the base, installing the pool and starting the structure that will eventually become our finished backyard oasis. If you enjoy DIY projects, home transformations, family projects, backyard makeovers, swimming pools, or simply watching someone attempt something they probably shouldn't have attempted... 😂 Subscribe and follow the transformation from bunker → swimming pool. 🏊‍♂️ FROM BUNKER TO POOL Pilot / Overview: [ ] Episode 1: Breaking the Bunker Next: Building the Pool 💰 PROJECT COSTS SO FAR We're keeping track of the costs throughout the series so you can see what it actually takes to turn an old bunker into a swimming pool. 🔨 Concrete breaker rental — €35/day 🏖️ Fine sand (10m³ total) €400 🏊‍♂️ Intex pool — 67,000 RSD 🚚 + many more costs coming throughout the series. I'll keep adding the costs as the project develops so you can get a realistic idea of what a project like this can cost. Thanks for watching and following our crazy little family project. ❤️ #PoolBuild #DIYPool #BunkerTransformation RELEVANT LINKS SUBSCRIBE : Facebook : Instagram: Email : mubiandleona@gmail.com SALMANOVIC MUSIC CHANNEL: | This used to be a 25-year-obunker. 🏚️ #blackandginger #intexpool.  | We Turned a 25-Year-Old Bunker Into Our Dream Backyard Pool (Black And Ginger). Can you turn a 25-year-old bunker into a swimming pool? 🤔 That's exactly what we set out to do. What started as an old underground bunker that made half of our backyard unusable turned into the biggest DIY project we've ever taken on. We spent months breaking through reinforced concrete, learning new skills, solving one problem after another, and transforming an abandoned structure into a beautiful semi-inground swimming pool for our family. This wasn't just about building a pool, it became a family project. My wife, our kids, our friends, my engineer father-in-law, and even thousands of you who followed the journey on Instagram helped keep this project moving. There were moments when I wanted to quit, but together we made it happen. In this Pilot Episode, you'll see the complete transformation from start to finish: 🏗️ Demolishing a 25-year-old concrete bunker ⛏️ Breaking through an incredibly thick reinforced concrete roof 🛠️ Learning to weld for the first time to build a custom steel deck frame 🏊 Installing a semi-inground Intex swimming pool 🔧 Solving plumbing leaks and unexpected construction problems 💧 Turning 17,000 liters of muddy borehole water into crystal-clear pool water 🌿 Creating a backyard space our family will enjoy for years to come This video gives you the complete story, while the upcoming episodes will dive into every stage of the build in detail—from demolition and excavation to welding, decking, plumbing, and finishing touches. If you've ever dreamed of building your own backyard pool, tackling a huge DIY project, or simply enjoy watching incredible backyard transformations, this series is for you. 👍 If you enjoyed this project, please leave a like, subscribe, and let us know in the comments: Would you have demolished the bunker, or would you have left it alone? Thank you to everyone who followed this journey and encouraged us along the way. Your messages genuinely helped us push through the toughest parts of the build. 🎥 Upcoming Episodes: • Episode 1 – Breaking the Bunker • Episode 2 – Preparing the Foundation • Episode 3 – Building the Steel Deck Frame • Episode 4 – Installing the Pool & Plumbing • Episode 5 – Finishing the Deck & Final Reveal Follow our family's adventures as we take on DIY projects, home improvements, gardening, family life, and everything in between. RELEVANT LINKS Facebook : Instagram: Email : mubiandleona@gmail.com SALMANOVIC MUSIC CHANNEL: #DIY #SwimmingPool #BackyardTransformation #PoolBuild #IntexPool #DeckBuilding #HomeImprovement #DIYProject #BackyardOasis #Renovation #FamilyProject #Welding #Construction #PoolDeck #BlackAndGinger | We Waited Months for This Harvest... Was It Worth It? (Black And Ginger). After planting our permaculture garden earlier this season, it's finally time to enjoy the rewards. In this episode of our Village Life in Serbia series, our family spends the day harvesting fresh cherries, beets, and green peas while the kids experience the joy of picking food straight from the garden. The cherry trees were already growing on the property when we bought our village house, making this our very first family cherry harvest. Together, we fill baskets with fresh cherries that will later be turned into homemade Serbian jam and delicious desserts. For the kids, especially Frida. This wasn't just about collecting fruit and vegetables. It was about learning where food comes from, discovering that vegetables don't always look like the perfect ones in supermarkets, and enjoying the simple pleasures of village life. From harvesting beets to loading the van and even taking over the camera, this became one of her favorite days at the village. Our goal with this project is to create a place where our children can grow up connected to nature, learn practical skills, and appreciate the value of growing their own food. Every season teaches us something new, and we're excited to share that journey with you. If you enjoy family vlogs, homesteading, gardening, permaculture, slow living, rural life, and village life in Serbia, Subscribe to our channel 👍 If you enjoyed this video: Subscribe for more Village Life episodes Leave a comment and tell us your favorite part of harvest season Share this video with someone who dreams of living closer to nature Thank you for supporting our journey! 🌿 Follow Our Journey 📸 Instagram: Facebook : Email : mubiandleona@gmail.com SALMANOVIC MUSIC CHANNEL: #VillageLife #Harvest #Homestead #Permaculture #Gardening #CherryHarvest #FamilyVlog #LivingOffTheLand #GrowYourOwnFood #SlowLiving #CountryLife #VillageLiving #GardenHarvest #OrganicGardening #SustainableLiving #Homesteading #Serbia #LifeInSerbia #FamilyAdventure #BlackAndGinger | Afro Festival Serbia 🇷🇸- Museum of African Arts Belgrade #familyvlog #blackandginger #salmanovic.  | I Didn't Expect This at The Afro Festival in Serbia 🇳🇬🇷🇸 - Museum of African Arts Belgrade. What started as a simple family day out turned into one of the most memorable events we've attended in Serbia. 🇷🇸🌍 We visited the Africa Day celebration at the Museum of African Arts in Belgrade, expecting great music, delicious food, and a chance to experience different African cultures. What we didn't expect was how many incredible people we would meet along the way. From reconnecting with fellow Africans and speaking Yoruba with someone outside my own family, to meeting subscribers who recognized me from YouTube and Instagram, this day reminded me just how powerful culture can be in bringing people together. One of the highlights for me was seeing so many Serbians genuinely enjoying and appreciating African music, art, fashion, food, and traditions. It was a beautiful reminder that culture has the power to connect people even when they don't speak the same language. While I spent most of the day exploring the festival, networking, and making new friends, Leona, her mom, and the kids were soaking up the incredible live performances, making it a perfect family day for everyone. Thank you to everyone who stopped to say hello, shared a conversation, or made us feel so welcome. We can't wait to come back next year! If you enjoy videos about multicultural life, family adventures, life in Serbia, and the journey of a Nigerian family building a life abroad, make sure to subscribe and join us for the next adventure. ❤️ Thanks for watching! #AfricaDay #Belgrade #Serbia #Nigeria #AfricanCulture #MuseumOfAfricanArts #FamilyVlog #LifeInSerbia #Multicultural #TravelVlog #Yoruba #Africa #BelgradeVlog #NigerianInSerbia #culture RELEVANT LINKS SALMANOVIC MUSIC CHANNEL: Facebook : Instagram: Email : mubiandleona@gmail.com | Can a Parkside Tiller Replace a Tractor? Our Honest Test (Black And Ginger). After months of planning and growing seedlings, it was finally time to prepare our vegetable garden in rural Serbia. Instead of hiring a tractor right away, we decided to try a budget-friendly option: the Parkside petrol tiller from Lidl. The idea was simple—save money and prepare the soil ourselves for tomatoes and red bell peppers. But did it actually work? In this episode, we compare the Parkside tiller against a local farmer's tractor, looking at the cost, time, effort, and final result. We also start planting the tomatoes and peppers we've been growing from seed and continue our journey of turning an overgrown village property into a productive homestead. This year we're experimenting with two different gardening approaches: our established permaculture garden and a more traditional vegetable garden. Over the coming months we'll find out which method produces the best harvest. 🌱 What would you choose: a small tiller or a tractor? Let us know in the comments! #homestead #gardening #serbia #villagelife #tractor #parkside #lidl #vegetablegarden #permaculture RELEVANT LINKS SUBSCRIBE : Facebook : Instagram: Email : mubiandleona@gmail.com SALMANOVIC MUSIC CHANNEL: | An Arsenal Fan's Champions League Final Journey in Budapest  - Black And Ginger. I didn't have a ticket to the UEFA Champions League Final. But that wasn't going to stop me from experiencing it. Together with my friend Stefan, I made the journey from Serbia to Budapest to join thousands of football fans gathered around the giant screens and fan zones for one of the biggest nights in football. What should have been a simple road trip quickly turned into an adventure, with border crossing issues, long queues, unexpected detours, and a race against time to make it before kickoff. Along the way, I explored Budapest, met football fans from different countries, bought my first new Arsenal shirt in years, and experienced the incredible atmosphere that only a Champions League Final can create. Back home, my family was also watching. My daughter Frida was fully invested in the match, cheering, celebrating, and feeling every emotion just like a true Arsenal supporter. The result didn't go the way we hoped, but this video isn't really about winning or losing. It's about the journey, the people, the atmosphere, and what it feels like to be surrounded by thousands of football fans sharing the same passion. No ticket. No regrets. If you've ever travelled for football, let me know your favorite football trip in the comments. 🔴⚪ Come On Arsenal! #Arsenal #ChampionsLeague #Budapest #FootballVlog RELEVANT LINKS SUBSCRIBE : Facebook : Instagram: Email : mubiandleona@gmail.com SALMANOVIC MUSIC CHANNEL: | 6 Years Transforming Our Backyard Into a Family Garden - Black And Ginger. Six years ago, this backyard was nothing more than a storage space behind our apartment. No pergola. No treehouse. No garden. No fire pit. During lockdown in 2020, out of pure boredom, we started cleaning it up… and without realizing it, that small project slowly became something much bigger. In this episode, we build a DIY smokeless fire pit using recycled materials, old bricks, and a lot of trial and error while reflecting on how this garden transformed alongside our lives over the past six years. From dead lawns and failed ideas to birthdays, family evenings, and building spaces for our children, this is the story of how Black & Ginger Garden slowly came to life.This isn’t a perfect renovation story. It’s a real one. If you enjoy slow living, DIY projects, family-centered spaces, garden transformations, homesteading inspiration, or building meaningful homes on a budget — welcome. 🌿🔥Thank you for watching and being part of the journey. RELEVANT LINKS Black And Ginger Residence Series: SUBSCRIBE : Facebook : Instagram: Email : mubiandleona@gmail.com SALMANOVIC MUSIC CHANNEL: #BlackAndGinger #GardenTransformation #DIYFirePit #SmokelessFirePit #FamilyGarden #BackyardTransformation #DIYGarden #SlowLiving #GardenDesign #OutdoorLiving #HomesteadJourney #BackyardMakeover #DIYProjects #VillageLife #FamilyVlog #PergolaDesign #GardenIdeas #DIYLandscaping #OutdoorSpace #CozyGarden | 15 Friends Showed Up to Help Us Build Our Village Dream (Serbian Moba) - Black And Ginger. In this episode of our Village House series, we experience something deeply rooted in Serbian tradition, Moba. Instead of a regular birthday celebration, we invited our friends and family to spend the day with us helping transform our village house. No gifts. No party. Just people coming together to work, build, cook, and celebrate life in a different way. From fixing the water system and preparing the land, to building our first fence and clearing years of overgrowth — this was one of the most emotional and meaningful days on our journey so far. We also had surprise moments, homemade food, kids running around, and of course… a birthday celebration in the middle of all the work. This is more than just renovation for us. It’s about building a place for the future, step by step, together. In Serbia, this kind of gathering is called ""Moba"" where community replaces contractors, and friendship replaces labor.Our dream is to continue developing this land into something bigger: a place for natural building, natural living, homegrown food, workshops and shared learning. If you enjoy this journey, consider subscribing and following the story as we move between our Village House and City House projects. Next episode, we switch back to the city and continue building our other project. Thank you for being here with us. RELEVANT LINKS ▶ Watch Episode 1 & 2 here: SUBSCRIBE : Facebook : Instagram: Email : mubiandleona@gmail.com SALMANOVIC MUSIC CHANNEL: village house, serbia village life, serbian tradition, moba serbia, rural serbia, homestead europe, village renovation, diy fence building, land clearing, family vlog, serbian culture, traditional work serbia, countryside living, self sufficient living, homestead project, building a fence, rural renovation, family project, expat life serbia, living in serbia, village life vlog, homestead vlog, natural building, sustainable living, renovation vlog, land development, community work, family work day, birthday vlog, surprise birthday, serbian moba tradition | 3.200m² za 10.500€ u selu 🇷🇸. Kupili smo plac sa dve kuće u malom selu na severu Srbije🇷🇸 koje se zove Jankov Most 🌉 Naš san je da tamo polako izgradimo samoodrživ način života♻️ da gajimo svoju hranu🍅, uzgajamo životinje 🐓, dočekujemo goste i stvaramo afro-evropski prostor koji spaja ljude i kulture 🇳🇬🇷🇸🇭🇺 Epizoda 1 i 2 su sada na YouTube Zapratite nas i pratite avanturu🥰🥰 #serbianvillage #salmanovic #homesteadjourney #jankovmost #selfsufficientliving | Turning Our Village Land in Serbia Into a Food Garden. In this episode of our village house series in Serbia, we take the first real step toward growing our own food. After buying an old village house and land, we’re slowly learning how to turn it into a place where our family can live closer to nature and become more self-reliant. Today that journey continues as we begin preparing our first garden beds and planting the vegetables that we hope will feed our family. With three kids running around, a curious dog supervising the work, and plenty of learning along the way, this is our first attempt at building permaculture-style garden beds and planting our first crops. From leveling the land and mixing soil to planting onions and preparing the beds for cucumbers and more, this day marks the beginning of something we’ve been dreaming about for a long time. For us, this project is not just about gardening. It’s about learning new skills, involving the kids, and slowly building a life that is a little more independent and connected to the land. Meanwhile, life doesn’t stop in the city either. Between visits to the village land, we also work on improving our family home, reminding ourselves that every space we live in deserves care and attention. By the end of the day, the first plants are in the ground, the kids are exhausted, and the journey toward a homegrown garden has officially begun. If you’re new to the series, start with Episode 1, where we bought the village house and showed the property for the first time. ▶ Watch Episode 1 here: [ ] Subtitles are available in multiple languages, so feel free to switch to the language that works best for you. What you'll see in this episode • Preparing our first garden beds • Building simple permaculture-style planting beds • Mixing soil and natural fertilizers • Planting our first vegetables • Family life between the village and the city • Kids discovering the joy of working with soil About the series This series follows our family's journey as we restore and develop a village property in Serbia, learning step by step how to live closer to nature, grow our own food, and build a sustainable family lifestyle. New episodes every week. If you enjoy family homestead projects, village life, and watching land slowly transform into something beautiful, make sure to subscribe and follow the journey. RELEVANT LINKS Facebook : Instagram: Email : mubiandleona@gmail.com SALMANOVIC MUSIC CHANNEL: #villageLife #homesteadJourney #serbia #growingfood #familyvlog #permaculture #homestead #gardenproject #selfreliance | €10,500 for 3,200m² in Serbia… But There’s a Catch (Black And Ginger). We bought an abandoned property in a small Serbian village for just €10,500… but what we found was far from perfect. Two collapsing houses. A yard completely taken over by nature. And land that hasn’t been touched in years. But instead of walking away, we decided to take on the challenge. Our goal is to turn this place into a self-sufficient off-grid homestead — growing our own food, building natural homes, and creating a better life for our family. In this first episode, we: – Show the property for the first time – Discover the real condition of the houses – Start clearing the land – Take the very first steps toward our off-grid life This is not just a renovation project. This is the beginning of a completely new way of living. If you want to follow this journey, make sure to subscribe and join us as we build our life from the ground up. f you’re a brand or company interested in supporting this project (tools, solar, water systems, building materials), feel free to reach out — we’d love to collaborate. RELEVANT LINKS SUBSCRIBE : Facebook : Instagram: Email : mubiandleona@gmail.com SECOND CHANNEL: | Inside a Nigerian Wedding Reception 🇳🇬 | Music, Money Spraying & Culture. My Serbian wife experienced her first Nigerian wedding reception, and the energy, music, and money spraying completely surprised her 🇳🇬 From bargaining for souvenirs at the Arts & Culture market to dancing our way into the reception hall, this day was full of unforgettable Nigerian wedding traditions. This is Part 3 of our Nigerian wedding series, where we explore Nigerian culture, negotiate prices in the market, prepare for the big day, and celebrate my brother Teslim and his wife, Veronica's wedding reception with family, music, dancing, and classic Nigerian wedding games. If you're watching from Nigeria 🇳🇬 drop a comment and tell us what city you're watching from! We’ve been blown away by the love and support from Nigeria and the Nigerian diaspora around the world. RELEVANT LINKS Watch All Episodes: SUBSCRIBE : Facebook : Instagram: Email : mubiandleona@gmail.com Salman's Music CHANNEL: Nigerian weddings are known for their incredible energy, colorful fashion, dancing, and the famous tradition of spraying money during the celebration. In this video you’ll see what a real Nigerian wedding reception looks like, experience the joy of an African wedding celebration, and get a glimpse of Nigerian culture, family traditions, and wedding festivities. #NigerianWedding #AfricanWedding #MoneySpraying #NigerianCulture #NigerianReception | A Traditional Nigerian wedding 🇳🇬 #africatravel #familytravel. ",16900,"{""engagement_rate"": 1.103, ""likes_to_comments_ratio"": 5.5, ""avg_views_per_post"": 4117.7, ""total_views"": 2454923}","Nema odustajanja  , samo hrabro u sve izazove  . A posle uživancija . Živeli i uživajte sa vašom dečicom . ❤ | i am enjoying it bro. waiting for the next episode. God Bless your family | Zasto ste postavili ovaj video,kad isti ovaj video imate odranije!? | You guys should give me a serbian connect na...😢 | I&#39;m surprised with the quality | Bravo bravo bravo  ! Sad uživajte , zaslužili ste. . ❤ | Svaka čast,šta je sledeće na redu,? | Amazing work Brother 🇧🇷🇧🇷🇧🇷 | You must have a strong backbone to practically start &amp; complete this project. I laughed seeing you stretch while Leona narrated what was about to occur 😅 | please upload full video | bro you are awesome. i envy you mate. i can&#39;t do anything with my hands. i grew up watching dad pays for everything. He never allowed us to do anything other than studying. | This is crazy bro. Did you major in some kind of engineering | Let&#39;s go quick <br>There no quick 😂😂😂 | 💚 | ❤❤❤❤❤🤍🤍🤍🤍🤍🤍🤍🤍🤍🤍🇵🇷🇵🇷🇵🇷 | Deci nije do života 😂 | Healthy family that’s kil.ling it. Salman only you get more than 10 careers o. Landlord, Videographer, Narrator, DJ, Farmer, Handyman etc | Salmanoviću brate živio ti nama  i ti  i tvoja predivna porodica   .  ❤❤❤ | ❤️❤️❤️❤️❤️❤️❤️❤️❤️❤️❤️❤️❤️❤️❤️❤️❤️❤️❤️❤️🤍🤍🤍🤍🤍🤍🤍🤍🤍🤍 | 🎉🎉🎉🎉❤❤❤❤😊😊😊 | Serbian support from Germany Brother! ♥️ God bless you and your family. 🙏<br><br>Sorry had to update this comment, cause was short on time bcz of my 9yr daughter, but couldn&#39;t wait to support my Serbian-Nigerian Brother.<br><br>Iam an IT Guy. So you use CapCut? If not. Use it. I will be 09.07. till 29.07. in Serbia. If God allows I will show you or we speak on telephone how to use it to expand your reach and push your channel.<br><br>Will be in July in Serbia with my Nigerian Sister from Abuja.",youtube,blackandginger,not_travel_related,0.86,"{""eco_conscious"": 0.2, ""luxury_orientation"": 0.4, ""budget_orientation"": 0.3, ""adventure_orientation"": 0.5, ""family_friendly"": 0.9, ""authenticity_signal"": 0.9}",False,"[{""title"": ""3 KIDS. 1 FESTIVAL. TOTAL CHAOS! 😂 | Our Family Adventure at Malom Festival (Black And Ginger)"", ""caption"": ""What happens when you take three kids on a two-hour road trip to a tiny village in northern Serbia for a three-day festival? Well… with the Black & Ginger family, you already know there is going to be adventurous. This time, we're heading to Orom, Serbia, for Malom Festival. A unique Hungarian-Serbian festival built around an old windmill in the heart of Vojvodina. 🌾🎶And from the moment we leave home, the adventure begins. Frida has packed enough toys to survive an apocalypse mostly because she has a plan for keeping her brothers away from her favourite ones. 😂 We arrive at our accommodation, discover that it's also three-star like our own Black & Ginger Residence, and Frida immediately gives herself the job of showing everyone around. The accommodation itself was beautiful, an old traditional house that had been renovated while keeping some of its original character. And best of all for us parents, there was a whole playground outside for the kids. Trampoline, swings, slide, colouring and plenty of space to play without reaching for a phone. ❤️ Then it's finally time to head to Malom Festival. Once we finally arrive, we discover a festival that's very different from the huge commercial festivals we're used to seeing. \""Malom\"" which means windmill in Hungarian, takes its name from the old windmill around which the festival is organised. There was handmade art, local organizations, traditional Hungarian music, children's workshops, circus activities, a pool, food, music, camping and plenty of places to simply sit down and enjoy the atmosphere. But what made Malom Festival special for me personally was something I didn't expect. Growing up around Hungarian culture and spending a lot of time camping and attending cultural events, walking around Malom gave me a strange feeling of being back home. The combination of Hungarian and Serbian culture, the relaxed atmosphere and the people coming together reminded me of a part of my childhood. And then, completely unexpectedly, I started meeting people I hadn't seen in years — including my aunt! ❤️ Meanwhile, the kids had their own adventure. Frida found the animal welfare activities, Toby got involved with the traditional music, the kids enjoyed the pool, and Frida even tried her hand at circus skills with the School of Circus from Novi Sad. 🎪 And after a full day of exploring, we eventually decided it was time to stop before three tired children turned our lovely festival experience into a family meltdown. Because this was only DAY ONE. Malom is a three-day festival, and we've got plenty more to show you. And in Part 2, we're going to face a pretty big obstacle that puts our little family adventure to the test… Will the Black & Ginger family manage to overcome it together? You'll have to watch the next episode to find out. 👀 🌾 ABOUT MALOM FESTIVAL Malom Festival takes place in Orom, in northern Serbia, and brings together music, culture, art, nature, traditional activities and family-friendly entertainment. The festival's name comes from the Hungarian word malom, meaning windmill, referring to the historic windmill at the centre of the festival grounds. 🖤 ABOUT BLACK & GINGER We're the Black & Ginger family — a multicultural family living in Serbia and sharing our everyday adventures, family life, travel, food, culture, DIY projects and everything in between. If you enjoy real family adventures, Serbia, multicultural families, village life, festivals and a healthy dose of chaos, subscribe and come along for the ride. ❤️ 👉 Subscribe to Black & Ginger and join our family adventures! 🎥 WATCH NEXT Part 2 of our Malom Festival adventure is coming next! Something goes seriously off-plan… 👀 RELEVANT LINKS SUBSCRIBE : Facebook : Instagram: Email : mubiandleona@gmail.com SALMANOVIC MUSIC CHANNEL:"", ""thumbnail_url"": ""https://i.ytimg.com/vi/qt3SGqLDp7E/hqdefault.jpg"", ""post_url"": ""https://www.youtube.com/watch?v=qt3SGqLDp7E"", ""video_id"": ""qt3SGqLDp7E"", ""platform"": ""YouTube""}, {""title"": ""I Spent 7 Days Breaking Through This 25 Year Old Concrete Bunker (Black And Ginger)"", ""caption"": ""Breaking a 25-year-old concrete bunker with no construction experience was probably the craziest part of this entire project. Before we could build our dream swimming pool, we had to destroy what was already there and that meant weeks of heavy machinery, concrete, rebar, dust, exhaustion, and a lot of moments where I genuinely wondered if I had bitten off more than I could chew. This is Episode 1 of our bunker-to-pool transformation, following the pilot/overview episode where we introduced the crazy idea of turning an old bunker in our backyard into a family swimming pool ( ). This time, we're going back to the beginning. I start by removing the retaining walls and tons of soil sitting on top of the bunker before bringing in the heavy machinery and attacking the concrete roof. What started as a relatively simple idea quickly turned into a much bigger challenge once I discovered just how much reinforcement was inside the concrete. And I had zero construction experience. I had to figure things out as I went, taking advice from my father-in-law, who actually built this bunker around 25 years ago. There were rented concrete breakers, angle grinders, rebar, eight-hour workdays, broken concrete everywhere, and one particularly brutal section of the roof that nearly broke me mentally. But I wasn't doing it alone. Leona and the kids became my biggest cheerleaders throughout the entire process — with the kids being fascinated by the heavy machinery and Leona providing a healthy combination of encouragement, jokes, and questionable suggestions involving TNT. 😂 Once the bunker roof finally came down, the next challenge was figuring out how to bring the depth up to the 1.30m we needed for our pool. That meant breaking the fallen concrete into smaller pieces, bringing in 10 cubic meters of fine sand, watering and compacting it, and slowly filling the massive space left behind by the bunker roof. And then, finally... the pool arrived. We managed to buy our Intex pool out of season for 67,000 RSD instead of around 101,000 RSD, which saved us a significant amount of money on a project that already had plenty of expenses. This whole transformation has been years in the making, and this is only the beginning. Next episode: we finally start turning this destroyed bunker into an actual swimming pool — leveling the ground, preparing the base, installing the pool and starting the structure that will eventually become our finished backyard oasis. If you enjoy DIY projects, home transformations, family projects, backyard makeovers, swimming pools, or simply watching someone attempt something they probably shouldn't have attempted... 😂 Subscribe and follow the transformation from bunker → swimming pool. 🏊‍♂️ FROM BUNKER TO POOL Pilot / Overview: [ ] Episode 1: Breaking the Bunker Next: Building the Pool 💰 PROJECT COSTS SO FAR We're keeping track of the costs throughout the series so you can see what it actually takes to turn an old bunker into a swimming pool. 🔨 Concrete breaker rental — €35/day 🏖️ Fine sand (10m³ total) €400 🏊‍♂️ Intex pool — 67,000 RSD 🚚 + many more costs coming throughout the series. I'll keep adding the costs as the project develops so you can get a realistic idea of what a project like this can cost. Thanks for watching and following our crazy little family project. ❤️ #PoolBuild #DIYPool #BunkerTransformation RELEVANT LINKS SUBSCRIBE : Facebook : Instagram: Email : mubiandleona@gmail.com SALMANOVIC MUSIC CHANNEL:"", ""thumbnail_url"": ""https://i.ytimg.com/vi/oTYQSW_ZYUA/hqdefault.jpg"", ""post_url"": ""https://www.youtube.com/watch?v=oTYQSW_ZYUA"", ""video_id"": ""oTYQSW_ZYUA"", ""platform"": ""YouTube""}, {""title"": ""This used to be a 25-year-obunker. 🏚️ #blackandginger #intexpool"", ""caption"": """", ""thumbnail_url"": ""https://i.ytimg.com/vi/NFemtH4DBaQ/hqdefault.jpg"", ""post_url"": ""https://www.youtube.com/watch?v=NFemtH4DBaQ"", ""video_id"": ""NFemtH4DBaQ"", ""platform"": ""YouTube""}, {""title"": ""We Turned a 25-Year-Old Bunker Into Our Dream Backyard Pool (Black And Ginger)"", ""caption"": ""Can you turn a 25-year-old bunker into a swimming pool? 🤔 That's exactly what we set out to do. What started as an old underground bunker that made half of our backyard unusable turned into the biggest DIY project we've ever taken on. We spent months breaking through reinforced concrete, learning new skills, solving one problem after another, and transforming an abandoned structure into a beautiful semi-inground swimming pool for our family. This wasn't just about building a pool, it became a family project. My wife, our kids, our friends, my engineer father-in-law, and even thousands of you who followed the journey on Instagram helped keep this project moving. There were moments when I wanted to quit, but together we made it happen. In this Pilot Episode, you'll see the complete transformation from start to finish: 🏗️ Demolishing a 25-year-old concrete bunker ⛏️ Breaking through an incredibly thick reinforced concrete roof 🛠️ Learning to weld for the first time to build a custom steel deck frame 🏊 Installing a semi-inground Intex swimming pool 🔧 Solving plumbing leaks and unexpected construction problems 💧 Turning 17,000 liters of muddy borehole water into crystal-clear pool water 🌿 Creating a backyard space our family will enjoy for years to come This video gives you the complete story, while the upcoming episodes will dive into every stage of the build in detail—from demolition and excavation to welding, decking, plumbing, and finishing touches. If you've ever dreamed of building your own backyard pool, tackling a huge DIY project, or simply enjoy watching incredible backyard transformations, this series is for you. 👍 If you enjoyed this project, please leave a like, subscribe, and let us know in the comments: Would you have demolished the bunker, or would you have left it alone? Thank you to everyone who followed this journey and encouraged us along the way. Your messages genuinely helped us push through the toughest parts of the build. 🎥 Upcoming Episodes: • Episode 1 – Breaking the Bunker • Episode 2 – Preparing the Foundation • Episode 3 – Building the Steel Deck Frame • Episode 4 – Installing the Pool & Plumbing • Episode 5 – Finishing the Deck & Final Reveal Follow our family's adventures as we take on DIY projects, home improvements, gardening, family life, and everything in between. RELEVANT LINKS Facebook : Instagram: Email : mubiandleona@gmail.com SALMANOVIC MUSIC CHANNEL: #DIY #SwimmingPool #BackyardTransformation #PoolBuild #IntexPool #DeckBuilding #HomeImprovement #DIYProject #BackyardOasis #Renovation #FamilyProject #Welding #Construction #PoolDeck #BlackAndGinger"", ""thumbnail_url"": ""https://i.ytimg.com/vi/jc7teaV8Oig/hqdefault.jpg"", ""post_url"": ""https://www.youtube.com/watch?v=jc7teaV8Oig"", ""video_id"": ""jc7teaV8Oig"", ""platform"": ""YouTube""}]"
@shortytam,"Welcome to my cozy little corner of the internet. I’m Tam — a woman learning to slow down, embrace creativity, and find beauty in everyday life.

After retiring early from a stressful career, I created this space to share the things that bring me peace and joy: home décor, seasonal decorating, Halloween magic, relaxing store walks, travel adventures, cinematic storytelling, and a little humor along the way.

Whether we're wandering through HomeGoods, transforming my home for the seasons, creating spooky skits, or simply enjoying life's quieter moments, I hope these videos feel like spending time with a friend.

So kick of your shoes, get cozy and join me on this journey....especially if you love Halloween.

","I’m Tired… But I’m Still Looking for Halloween! 🎃 | HomeGoods + Marshalls. The Halloween hunt continues! 🎃🖤 I may be a little tired today, but apparently not tired enough to stay out of HomeGoods and Marshalls. 😂 Come shop with me as I look around to see what new Halloween finds have hit the shelves! Business inquires only shortytam27@gmail.com Follow me on IG Mailing address P.O. Box 6927 Douglasville, GA 30154 ▪️Disclaimer▪️ I am not a psychologist. Although I have worked in the mental health and law enforcement field the views on this channel and my advice are of my own. This content is for entertainment purposes only. I do not own the rights to the music played in this video This video is not sponsored | Are you Halloween everyday or No? #thriller #halloween #hometour #homedecor.  | Come Inside! My 2026 Halloween Home Tour | Dining Room, Office & Hallway. It’s finally time to show you what I’ve been putting together! 🎃🖤 Come tour my dining room, office and hallway all dressed up for Halloween 2026. And make sure you stick around until darkness falls… because everything looks completely different at night. 👀✨ Business inquires only shortytam27@gmail.com Follow me on IG Mailing address P.O. Box 6927 Douglasville, GA 30154 ▪️Disclaimer▪️ I am not a psychologist. Although I have worked in the mental health and law enforcement field the views on this channel and my advice are of my own. This content is for entertainment purposes only. I do not own the rights to the music played in this video This video is not sponsored | Found More Katherine’s Collection at HomeGoods… Then Ran Into Hobby Lobby Real Quick!. We’re starting at HomeGoods, where I spotted even more Katherine’s Collection Halloween pieces! Then I ran into Hobby Lobby real quick and discovered the Christmas trees, ribbon and picks are already out—and 50% off in mid-August! 🎃🎄 Business inquires only shortytam27@gmail.com Follow me on IG Mailing address P.O. Box 6927 Douglasville, GA 30154 ▪️Disclaimer▪️ I am not a psychologist. Although I have worked in the mental health and law enforcement field the views on this channel and my advice are of my own. This content is for entertainment purposes only. I do not own the rights to the music played in this video This video is not sponsored | Why I Didn't Show You This HomeGoods Find. I've been holding onto this HomeGoods find because I wanted to give it its own moment. The minute I saw this Katherine's Collection piece, I knew I wanted it—I just wasn't ready to reveal it yet. Come see why this Halloween treasure was worth the wait. 🎃🖤 Business inquires only shortytam27@gmail.com Follow me on IG Mailing address P.O. Box 6927 Douglasville, GA 30154 ▪️Disclaimer▪️ I am not a psychologist. Although I have worked in the mental health and law enforcement field the views on this channel and my advice are of my own. This content is for entertainment purposes only. I do not own the rights to the music played in this video This video is not sponsored | SERIOUS Halloween Hunting! 👀 Searching for More Katherine's Collection Treasures. The Halloween hunt continues! 🎃 Come shop with me as I search for more Katherine's Collection pieces at HomeGoods and see if I discover another incredible find. You never know what's waiting around the next corner during Halloween season! Business inquires only shortytam27@gmail.com Follow me on IG Mailing address P.O. Box 6927 Douglasville, GA 30154 ▪️Disclaimer▪️ I am not a psychologist. Although I have worked in the mental health and law enforcement field the views on this channel and my advice are of my own. This content is for entertainment purposes only. I do not own the rights to the music played in this video This video is not sponsored | The $21 Halloween DIY I’m obsessed With #halloween #halloween2026.  | I Went Back to HomeGoods... After I Realized What She Really Was! 🎃. Come shopping with me as I hunt for Halloween treasures at HomeGoods and Marshalls! One piece immediately caught my eye, but I walked away. After I got home, I started researching another Halloween item I'd purchased and accidentally discovered that the witch I'd left behind was Wych Hazel Wormwood from Katherine's Collection. The moment I realized what she was, I knew I had to go back and hope she was still there. Of course, the Halloween fun didn't stop there—we also headed to Marshalls and found some beautiful Bella Lux witches along the way. Business inquires only shortytam27@gmail.com Follow me on IG Mailing address P.O. Box 6927 Douglasville, GA 30154 ▪️Disclaimer▪️ I am not a psychologist. Although I have worked in the mental health and law enforcement field the views on this channel and my advice are of my own. This content is for entertainment purposes only. I do not own the rights to the music played in this video This video is not sponsored | 🎃 Come Decorate With Me | HomeGoods Finds & a Cozy Halloween Tablescape. Come spend the day with me as I stop by HomeGoods, share a few fun Halloween finds, and add some cozy witchy touches to my dining table. If you love elegant Halloween decorating, vintage-inspired décor, and a little spooky charm, I hope this gives you some inspiration for your own home. 🖤🎃✨ Business inquires only shortytam27@gmail.com Follow me on IG Mailing address P.O. Box 6927 Douglasville, GA 30154 ▪️Disclaimer▪️ I am not a psychologist. Although I have worked in the mental health and law enforcement field the views on this channel and my advice are of my own. This content is for entertainment purposes only. I do not own the rights to the music played in this video This video is not sponsored | HomeGoods find! Can’t believe I found her today. #witch #halloween.  | Spend a Cozy ""Pretend"" Halloween Evening With Me | Making Homemade Egg Rolls + A Witch's Tale 🎃. Let's pretend it's a Halloween night! Today we're making homemade egg rolls, chatting, and enjoying a relaxing night together. Then, before we wrap up, I'll share a short witch's tale to end the evening with a little Halloween magic. 🖤🕯️ If you love cozy cooking, Halloween decorating, and slowing down for the season, I hope you'll feel right at home here. Thanks so much for watching! If you enjoyed today's video, don't forget to like, subscribe, and tell me in the comments—what's your favorite Halloween tradition? 🎃 Business inquires only shortytam27@gmail.com Follow me on IG Mailing address P.O. Box 6927 Douglasville, GA 30154 ▪️Disclaimer▪️ I am not a psychologist. Although I have worked in the mental health and law enforcement field the views on this channel and my advice are of my own. This content is for entertainment purposes only. I do not own the rights to the music played in this video This video is not sponsored | HomeGoods HALLOWEEN 2026 Is PACKED! 😱 I Couldn't Believe My Eyes!. HomeGoods came through with Halloween this year! 🎃 I stopped in just to see what had arrived, and I couldn't believe how much spooky décor filled the shelves. From gothic treasures to whimsical pumpkins and hauntingly beautiful finds, there was Halloween around every corner. Come shop with me and let's see what's new for Halloween 2026! 🖤 If you're decorating this season, I hope this gives you plenty of inspiration. Don't forget to like, subscribe, and let me know your favorite find in the comments! Business inquires only shortytam27@gmail.com Follow me on IG Mailing address P.O. Box 6927 Douglasville, GA 30154 ▪️Disclaimer▪️ I am not a psychologist. Although I have worked in the mental health and law enforcement field the views on this channel and my advice are of my own. This content is for entertainment purposes only. I do not own the rights to the music played in this video This video is not sponsored | Decorating for Halloween 2026 🎃 Cozy Decorating Inspiration to Get You Started. I'm not finished decorating yet, but I wanted to invite you along anyway! 🖤 In today's video, I'm sharing my Halloween 2026 decorating progress, cozy spooky corners, and the little details that make this season feel so magical. If you've been waiting for the motivation to start decorating, I hope this gives you the inspiration to begin creating your own Halloween home. Are you already decorating, or are you waiting a little longer? 🎃👻 Business inquires only shortytam27@gmail.com Follow me on IG Mailing address P.O. Box 6927 Douglasville, GA 30154 ▪️Disclaimer▪️ I am not a psychologist. Although I have worked in the mental health and law enforcement field the views on this channel and my advice are of my own. This content is for entertainment purposes only. I do not own the rights to the music played in this video This video is not sponsored | At Home Never Disappoints... But Marshalls Totally Surprised Me!. Today we're visiting At Home, Five Below, and Marshalls to see what's new for Halloween! 🎃 At Home lived up to the hype as always, but Marshalls ended up being the biggest surprise. I wasn't expecting to find some of the Halloween décor they had, and there were a few pieces that definitely caught me off guard. Come shop with me and see what we discover! Business inquires only shortytam27@gmail.com Follow me on IG Mailing address P.O. Box 6927 Douglasville, GA 30154 ▪️Disclaimer▪️ I am not a psychologist. Although I have worked in the mental health and law enforcement field the views on this channel and my advice are of my own. This content is for entertainment purposes only. I do not own the rights to the music played in this video This video is not sponsored | HomeGoods Halloween Was SO GOOD… Then I Headed to Michaels! 🎃. Today we're checking out all the spooky finds at HomeGoods before heading to Michaels to use my coupon and see what Halloween treasures we can bring home. Come shop with me, get inspired, and let's see what this year's collections have to offer! ✨ If you love cozy Halloween decorating, vintage-inspired finds, and shopping with me, don't forget to subscribe for more spooky adventures! Business inquires only shortytam27@gmail.com Follow me on IG Mailing address P.O. Box 6927 Douglasville, GA 30154 ▪️Disclaimer▪️ I am not a psychologist. Although I have worked in the mental health and law enforcement field the views on this channel and my advice are of my own. This content is for entertainment purposes only. I do not own the rights to the music played in this video This video is not sponsored",7290,"{""engagement_rate"": 3.659, ""likes_to_comments_ratio"": 6.75, ""avg_views_per_post"": 2533.0, ""total_views"": 1779535}","I don’t get the hype with the Coke ghost either Tam. 🥴 | I will Zelle you for that Katherine Collection pumpkin! I’ve been looking and can’t find him! I got to 4 HomeGoods daily. Nothing for me!! | Tam, I’ve been out school shopping and at the same time looking for that life size headless horseman from Homegoods and also keeping an eye out for the batty lady in the window. No luck anywhere. I did see some of those floor witches that we used to see all the time that are all fancy.  Remember when they had those everywhere?  No gingerbread houses like we used to see or the floor witches really.  Kennesaw didn’t have the vulture anymore 😞 but did have the pumpkin man with glasses and the reaper guy.  I’m just not seeing anything new anywhere.  I thought there would be something more.  I saw Christmas being put out though.  Not ready for that!<br>We have one of those same bushes in our yard, and it got so big it was basically a tree.  My husband cut it back and the trunk was about 4 inches around.  After he cut it, the thing looked ridiculous.  I wouldn’t let it get any bigger or you’ll have a tree too.  We just never got to it, so it was out of control.   🎃 🎃 | 🙏🏾🥰❤️🌹👸🏽💯💫 | There is so much in the way of interesting decor this year. I don&#39;t get the ghost coke either. | i would say i have “spooky” items year round but i wouldn’t consider them halloween. | Everyday!  I have a few spooky items out year round  from travels to England. | Halloween every day 🖤😊 | Love the holagram ❤❤ super cool | Absolutely love it!!! SO COOL!!! You did such a good job!!! Wow!!!Thank you for showing!!🎃🎃 | Oh my gosh. Looks amazing!! | The decor is amazing ❤🍁🎃 | Wow you did an amazing job , loved it | ❤❤❤ | Really love the pre-shopping car chat, you’re always so full positive of energy. | I think we saw you over in the parking lot at Homegoods yesterday.  I don’t go to that location very often.  I was leaving but saw a black car like you’ve shown before.  I couldn’t see anybody though.  I would have been waving at you.  I saw a veteran handicap plate though.  Now I’m wondering if it was really you.  So if you saw a crazy person straining to look through the car window at you as you were driving up, it was me.  😂  Anyway, I loved the terrarium that you made and I can’t wait for your reveal.  Something fun to look forward to for sure.  Hey I found that infamous gumball machine at Michael’s in Smyrna last week.  I used a 25.00 coupon reward to buy it and the percent off.  I get outside the store and see a small indentation on the clear plastic and go back to see if they will discount it any.  She said she could but I would lose my 25.00.  I’m a bit disgruntled about all that.  I’m most likely going to return it though because I’m just peavy like that. | Nothing better than enjoying a cup of coffee AND a great video from Tamara!😊🎃 | Great vlog! Looking forward to the reveal 🎃👻✨️ | You were right, Christmas already at Hoobie Loobie. See, that&#39;s what I tell people when I hear &quot;it&#39;s too early for Halloween&quot;. I tell them that you&#39;ll be seeing Christmas soon. Can&#39;t wait to see what you do with those lanterns! 🎃🖤🧡 | The vulture is amazing…such detail.  I also noticed that you painted the cabinet black, love it. I have to ask…did you move into a new home? For some strange reason this house looks different. TFS.. | Love the self portrait ❤ | I would say your hallway is perfect! Maybe just add some pumpkin lights to the stairs, and some sparkling fairy lights. Or electric candles in front of a spooky mirror ! For a whimsical witch vibe. Or floating pumpkins and candles on the ceiling , work vertically if you have limited space 🎃🦇🎃🦇🎃👻👻👻👻☠️ | Love your dining table decor!  I like that you put the raven in the hallway too near the witch.  Love all your decor. | Can you show your dining room table?",youtube,shortytam,lifestyle_general,0.55,"{""eco_conscious"": 0.2, ""luxury_orientation"": 0.1, ""budget_orientation"": 0.4, ""adventure_orientation"": 0.1, ""family_friendly"": 0.5, ""authenticity_signal"": 0.6}",False,"[{""title"": ""I Found My MOST WANTED Katherine’s Collection Piece at HomeGoods! 😱🎃"", ""caption"": ""I NEVER thought I’d find this Katherine’s Collection piece in the wild! I fell in love with it weeks ago after seeing it online, but that price? Absolutely not. 😂 Then I walked into HomeGoods today and THERE IT WAS! Come Halloween hunting with me and see the piece I’ve been hoping to find. 🎃🖤 Business inquires only shortytam27@gmail.com Follow me on IG Mailing address P.O. Box 6927 Douglasville, GA 30154 ▪️Disclaimer▪️ I am not a psychologist. Although I have worked in the mental health and law enforcement field the views on this channel and my advice are of my own. This content is for entertainment purposes only. I do not own the rights to the music played in this video This video is not sponsored"", ""thumbnail_url"": ""https://i.ytimg.com/vi/sU6xwhKLxfU/hqdefault.jpg"", ""post_url"": ""https://www.youtube.com/watch?v=sU6xwhKLxfU"", ""video_id"": ""sU6xwhKLxfU"", ""platform"": ""YouTube""}, {""title"": ""Going Home ❤️ | Thrifting at My Parents’ House + Halloween Goodies"", ""caption"": ""Come home with me! ❤️ I’m spending some time with my mom and dad, picking up some Halloween goodies my mom has been collecting for me, and doing a little “thrifting” around their house. 😂 A little family time, a little nostalgia, a little Halloween… and a few treasures coming home with me. 🎃❤️ Business inquires only shortytam27@gmail.com Follow me on IG Mailing address P.O. Box 6927 Douglasville, GA 30154 ▪️Disclaimer▪️ I am not a psychologist. Although I have worked in the mental health and law enforcement field the views on this channel and my advice are of my own. This content is for entertainment purposes only. I do not own the rights to the music played in this video This video is not sponsored"", ""thumbnail_url"": ""https://i.ytimg.com/vi/VZPFRQWyH6o/hqdefault.jpg"", ""post_url"": ""https://www.youtube.com/watch?v=VZPFRQWyH6o"", ""video_id"": ""VZPFRQWyH6o"", ""platform"": ""YouTube""}, {""title"": ""I’ve Seen the Dead… And Something Else 👻"", ""caption"": ""I’ve told bits and pieces of these stories over the years, but today I’m sitting down to share some of the strange, creepy and unexplained things that have actually happened to me. 👻 And listen… I’m not saying I know exactly WHAT happened. 😂 I’m just telling you what I saw, what I heard, and what I experienced. Some of these stories happened years ago, but I still remember exactly how they made me feel — and there are a few things I still can’t explain to this day. So grab something to drink, turn the lights down, and come hang out with me while I tell you my true scary ghost stories. And PLEASE tell me in the comments: Have you ever experienced something you couldn’t explain? 👀 Thanks for watching and hanging out with me! ❤️ #TrueGhostStories #ScaryStories #ParanormalStories #GhostStories Business inquires only shortytam27@gmail.com Follow me on IG Mailing address P.O. Box 6927 Douglasville, GA 30154 ▪️Disclaimer▪️ I am not a psychologist. Although I have worked in the mental health and law enforcement field the views on this channel and my advice are of my own. This content is for entertainment purposes only. I do not own the rights to the music played in this video This video is not sponsored"", ""thumbnail_url"": ""https://i.ytimg.com/vi/bDkC0GNJe1w/hqdefault.jpg"", ""post_url"": ""https://www.youtube.com/watch?v=bDkC0GNJe1w"", ""video_id"": ""bDkC0GNJe1w"", ""platform"": ""YouTube""}, {""title"": ""Why I DON’T Chase Halloween Trends | HomeGoods + Lowe’s Halloween Shopping"", ""caption"": ""Come Halloween hunting with me at HomeGoods and Lowe’s! 🎃🖤 Today we’re checking out what’s in stores, but we’re also chatting about why I don’t feel the need to chase every viral Halloween trend. I’d rather collect pieces I genuinely love and create a Halloween home that feels like ME. Let’s shop, talk décor, and see what catches my eye! Business inquires only shortytam27@gmail.com Follow me on IG Mailing address P.O. Box 6927 Douglasville, GA 30154 ▪️Disclaimer▪️ I am not a psychologist. Although I have worked in the mental health and law enforcement field the views on this channel and my advice are of my own. This content is for entertainment purposes only. I do not own the rights to the music played in this video This video is not sponsored"", ""thumbnail_url"": ""https://i.ytimg.com/vi/7yY-GhjcdMc/hqdefault.jpg"", ""post_url"": ""https://www.youtube.com/watch?v=7yY-GhjcdMc"", ""video_id"": ""7yY-GhjcdMc"", ""platform"": ""YouTube""}]"
@gligorijevicana,"trying to capture and enjoy the little moments of life🍒 // lifestyle, travel & more","life lately in Luxembourg 🇱🇺 // balancing my time with a job, daily routine & Vianden pool. Another little weekly vlog from Luxembourg 🇱🇺 I'm slowly getting into my new routine after starting my full-time job, so this vlog is basically a little mix of work days, getting ready in the morning, editing my own videos after work, some Vinted finds, and a weekend trip to Vianden (pool). We also went to a swimming pool surrounded by nature with a view of Vianden Castle, which ended up being such a nice way to spend the weekend. I hope you enjoy this vlog🤍 ✨instagram / tiktok: @gligorijevicana ✨my jewelry brand: @saporeclay ✨e-mail: anagligorijevic5@gmail.com -- This video is not sponsored, all opinions stated are honest and my own. luxembourg vlog, life in luxembourg, living in luxembourg, luxembourg daily vlog, luxembourg lifestyle, week in my life luxembourg, working in luxembourg, new job vlog, first weeks at work, luxembourg city vlog, vianden luxembourg, vianden castle, things to do in luxembourg, luxembourg weekend, luxembourg travel vlog, daily life in europe, european lifestyle vlog, get ready with me, makeup routine, vintage finds, vinted haul | 24 hours in venice 🇮🇹 // experiencing REDENTORE for the first time. Welcome back to another vlog! ❤️🇮🇹✨ This time I'm spending only 24 hours in Venice for one very special occasion: Redentore Festival. Even though I lived in Venice during my master's degree, I had never experienced Redentore before. From fireworks over the lagoon, meeting old friends, wandering through my favorite streets again, to finding a leather bag for my new job, this weekend reminded me why Venice will always feel like a second home. I hope you enjoy spending these 24 hours with me🤍 ✨Instagram: ✨TikTok: ✨My jewelry brand SAPORE: ✨Collaborations e-mail: anagligorijevic5@gmail.com Music: Italian Morning by Twin Musicom is licensed under a Creative Commons Attribution 4.0 license. Artist: __ This video is not sponsored, all opinions stated are honest and my own. 24 hours in venice, venice vlog, redentore festival venice, festa del redentore, fireworks in venice, venice italy travel, venice weekend, living in venice, venice travel guide, italy vlog, visiting venice in summer, venice traditions, things to do in venice, studying in venice, venice italy 2026 | i got a job in Luxembourg🇱🇺 // first days at work, yoga & creator events. Welcome back to another vlog from Luxembourg! 🤍 This week was full of firsts: I finally tried yoga in Luxembourg, attended a beauty & wellness creator event, and... officially started my new full-time job! After months of job hunting and wondering what would happen after moving to Luxembourg, I'm so happy I can finally share this new chapter with you. I also take you behind the scenes of my everyday life, meal prep, Sapore, and balancing a full-time job while continuing YouTube and social media. I hope you enjoy spending a few days with me! 🤍 -- Instagram: @gligorijevicana TikTok: gligorijevicana e-mail: anagligorijevic5@gmail.com This video is not sponsored, all opinions stated are honest and my own. Luxembourg vlog, moving to Luxembourg, living abroad, expat life, getting a job abroad, first day at work, content creator, social media manager, daily vlog, yoga in Luxembourg, creator event, Europe lifestyle, working in Luxembourg | i came home to Serbia after 6 months abroad 🇷🇸🐈 // family time, my baby cat & mini summer trips. I came back home to Serbia after 6 months of living abroad in Luxembourg🇷🇸🤍 This was a very chaotic but very special trip back home: spending time with my family and friends, visiting the countryside, getting my hair done, taking care of some paperwork, and of course spending as much time as possible with Mishki 🐈🥹🐾 And yes… if you have seen my viral Instagram video, you will be seeing A LOT more of him in this vlog 😂 I hope you enjoy coming back to Serbia with me 🤍 Thank you so much for watching and I will see you in my next vlog! #serbia #serbiavlog #livingabroad Instagram: @gligorijevicana TikTok: gligorijevicana e-mail: anagligorijevic5@gmail.com This video is not sponsored, all opinions stated are honest and my own. | weekend in Amsterdam 🇳🇱 canals, fries & summer days. Hello everyone! 🌷 This time we're spending a weekend in Amsterdam, walking along the canals, eating the famous Dutch fries, tasting way too much cheese, having a picnic in Vondelpark and simply enjoying one of my favorite cities in Europe. It was also my husband's first time visiting Amsterdam, so I loved showing him all the little places that made me fall in love with the city over the years. Before the trip I also packed with my new Level8 Voyageur carry-on suitcase, which you'll see throughout the vlog. ✨ You can use my code ANA15 for 15% OFF Level8 luggage: Thank you so much for watching and don't forget to subscribe for more travel and lifestyle vlogs every week! 🤍 Instagram: @gligorijevicana TikTok: gligorijevicana e-mail: anagligorijevic5@gmail.com -- amsterdam vlog, weekend in amsterdam, amsterdam travel vlog, amsterdam summer, netherlands travel, things to do in amsterdam, vondelpark, amsterdam canals, dutch fries, cheese museum amsterdam, amsterdam travel guide, europe travel, travel vlog, weekend getaway, lifestyle vlog, level8 luggage, carry on suitcase, packing for amsterdam | Luxembourg in summer☀️ // national day, lake escape & coffee dates⭐. Come spend a few summer days with me in Luxembourg! 🇱🇺 In this vlog we're celebrating Luxembourg National Day, watching the military parade, exploring the city during the festivities, escaping the heat with a trip to Upper Sûre Lake, meeting a friend for coffee, working on social media projects and simply enjoying everyday life during one of the hottest weeks of the summer. If you're planning a trip to Luxembourg, moving or you're curious what daily life here actually looks like, I hope this vlog gives you a little inspiration. Thank you so much for watching!❤️ ✨Bag info (mine is Myra Mini Bag Cobalt) : & you can use code: ANA for 10% off✨ -- Instagram: @gligorijevicana TikTok: gligorijevicana e-mail: anagligorijevic5@gmail.com This video is not sponsored, all opinions stated are honest and my own. | realistic productive day at home // cleaning, content creation & my small business. Spend a productive day with me at home in Luxembourg ☀️ In today's vlog I'm catching up on everything that has been piling up lately: cleaning the apartment, editing videos, creating content, working on my jewelry brand Sapore and sharing some of my favorite skincare and haircare products. Not every day is exciting or filled with travel, but these slower days are often the ones that help me stay organized and creative. Thank you for watching and spending the day with me🤍 ✨ My jewelry brand: #productiveday #dayinmylife #luxembourg #smallbusinessowner #vlog __ Instagram: @gligorijevicana TikTok: gligorijevicana e-mail: anagligorijevic5@gmail.com This video is not sponsored, all opinions stated are honest and my own. __ productive day in my life, productive sunday, productive day vlog, realistic day in my life, daily vlog, lifestyle vlog, creator life, content creator, small business owner, jewelry business, sapore jewelry, working from home, editing videos, cleaning motivation, apartment cleaning, home reset, self care routine, skincare routine, hair care routine, luxembourg vlog, life in luxembourg, cozy vlog, realistic productivity, sunday routine, productive lifestyle | Outfit check in Paris🥖. // what I wore on a rainy day in Paris🍒 i love adding the pop of red recently❤️… and it’s matching with the metro sign🚊🤭 p.s. i found this jacket on a street market just a couple of hours before this video!🤫 — #Paris #PostcardsFromParis #RainyParis #LifeInParis #ParisOutfit paris, france, weekend in paris, paris travel diary, paris outfit, paris streets, life in paris, living in paris, paris photo dump, paris aesthetic, european travel, travel reel, paris weekend getaway, metro paris, paris lifestyle, city moments, paris architecture, paris memories, paris postcards, travel europe | coming back to Paris after moving away... 🇫🇷. Hello everyone ❤️ This vlog is a little different from my usual Paris videos. Instead of sharing travel tips and things to do, this weekend was all about revisiting memories. It was my first time back in Paris since moving away earlier this year, and I honestly didn't know how emotional it would feel. We spent the weekend wandering through some of my favorite neighborhoods, browsing flea markets, walking past places that meant a lot to me, and remembering a chapter of my life that still feels very close. Paris was a dream of mine long before I ever lived there, and coming back reminded me how much can change in just a few months, and how some places never really leave you... I hope you enjoy spending this weekend in Paris with me ❤️ ✨ Travel Paris vlogs: 1. 2. 3. ✨ Playlist - My life in Paris: Thank you so much for watching! #parisvlog #parisfrance #lifeinparis -- Instagram / TikTok: @gligorijevicana e-mail: anagligorijevic5@gmail.com This video is not sponsored, all opinions stated are honest and my own. -- paris vlog, first time back in paris, moving away from paris, life in paris, paris memories, paris weekend, paris travel diary, living in paris, paris lifestyle, paris flea market, le marais, palais royal, paris aesthetic, paris walking tour, france travel vlog, returning to paris, paris city life, paris france, european travel, paris diary | What I wore in Cairo⭐️. // old cairo outfit check🔺… back with animated mini me🤭 | summer in Luxembourg🇱🇺 // Vianden castle, trams and showing my mom around. Hello everyone 🌿 After our Egypt trip, I'm finally back with a vlog from Luxembourg. This week my mom came to visit, so we spent a few sunny days exploring together, visiting Vianden Castle, wandering through Luxembourg, stopping by the Tram Museum, enjoying summer weather, colorful outfits, good food, and simply slowing down for a bit. I hope you enjoy spending a few summer days with us in Luxembourg 💛 ✨ Places in this vlog: Vianden Castle Luxembourg City Tram Museum Pfaffenthal Elevator Local cafés (Brod) & summer walks Let me know your favorite places around Luxembourg in the comments, I'm always looking for new places to explore! #luxembourg #luxembourgvlog #vianden #slowtravel #dailyvlogInstagram: --- @gligorijevicana TikTok: gligorijevicana e-mail: anagligorijevic5@gmail.com This video is not sponsored, all opinions stated are honest and my own. | my first time in Egypt🇪🇬 // Cairo chaos, pyramids & the Red Sea. My first time in Egypt(finally)!!! 🇪🇬 From Cairo’s chaotic streets and local markets to walking around the pyramids and snorkeling in the Red Sea… this trip surprised me in the best way possible. In this vlog we explored: - downtown Cairo & Zamalek - the pyramids of Giza (wow!!!) - Hurghada & the Red Sea (snorkeling, boat tour...) - local markets in Cairo & all the chaos around it - the Grand Egyptian Museum: as a cherry on top This trip was also special because my husband grew up in Cairo, so instead of overplanning everything, I experienced Egypt more through local recommendations, family places and everyday life. Hope you enjoy this little travel diary with us, I can't wait to go back to Egypt again!🤍 -- Egypt travel vlog, first time in Egypt, Cairo vlog, Hurghada vlog, pyramids Egypt, Red Sea snorkeling, Grand Egyptian Museum, Egypt itinerary, Cairo travel guide, cinematic travel vlog -- Instagram: @gligorijevicana TikTok: gligorijevicana e-mail: anagligorijevic5@gmail.com This video is not sponsored, all opinions stated are honest and my own. | Porto vlog 🇵🇹 food, beach & everything that went wrong….. Welcome to Porto 🇵🇹✨ This was my first time in Portugal and I already know I’ll be back… but this trip did not go exactly as planned. In this vlog I'm showing you: wandering through Porto’s streets & azulejos, trying pastel de nata (many times…hihi), São Bento station & city views, Douro river & sunset, amazing food market, beach day, fado concert experience, and… chaotic apartment situations 😅 We tried not to overplan and just enjoy the city slowly, walking, eating and discovering Porto as it comes. Let me know if you’ve been to Porto or if it’s on your list? ✨ #porto #portugalvlog #travelvlog -- Instagram: @gligorijevicana TikTok: gligorijevicana e-mail: anagligorijevic5@gmail.com This video is not sponsored, all opinions stated are honest and my own. | Luxembourg lately 🇱🇺:  duck race, new friends & little moments. Welcome to another vlog from Luxembourg 🌸 This week was full of little moments: a coffee date, an architecture lecture, Luxembourg’s famous duck race, meeting new people, working on Sapore orders, and adjusting to everyday life here. Sometimes the calmest days become the nicest memories. Hope you enjoy spending a few days with me 🤍 #luxembourg #livingabroad #vlog -- Instagram: @gligorijevicana TikTok: gligorijevicana e-mail: anagligorijevic5@gmail.com This video is not sponsored, all opinions stated are honest and my own. | life in Luxembourg // easter festival, picnic & a big life update!!. Welcome to another vlog from Luxembourg 🌸 In this video, I’m taking you along for spring days during Easter holidays: we visited a traditional local festival & explored a nearby village + enjoyed a sunny picnic in the city. I’m also sharing a little life update (finally got my residence permit!) and ending the vlog with a cozy evening, some creative time working on my brand Sapore Clay, and an honest review of a new restaurant in Luxembourg. Hope you enjoy this little mix of everyday moments, travel and my life lately 🤍 #luxembourg #luxembourgvlog #springvlog #lifestylevlog -- Instagram: @gligorijevicana TikTok: gligorijevicana e-mail: anagligorijevic5@gmail.com This video is not sponsored, all opinions stated are honest and my own.",23900,"{""engagement_rate"": 0.457, ""likes_to_comments_ratio"": 7.36, ""avg_views_per_post"": 3134.6, ""total_views"": 4301503}","Nice vlog ! Can you do a grocery haul ? | Love your vlogs!❤ | Šteta da prijevod/ titlovi nisu na našem jeziku.. | Venice is a unique place. I&#39;d love to go there again someday. | Lovely video. Makes me nostalgic for Venice - I must go back soon. You look so happy! | 🩷🩷🩷 | Sooo officially a content creator from 9–6… and then a content creator again from 6–12 😭😂<br>But don’t worry, Sapore and youtube aren’t going anywhere 💌 just adding one more thing to my daily schedule😅 | Od jedne devojke koja je zavrsila arhitekturu sam cula da radi freelance preko nekih sajtova. Nije mi najjasniji koncept, radi online tako sto joj mere satnicu koja je 20e i klijenti su joj uglavnom u Spaniji ili Portugalu. Satnica nije ni malo mala, ali meni zvuci suludo da neko online projektuje i da se to takl naplacuje. Kako se dogovoris sa ljudima sta zele, sta im treba, kao nadjes otvoreni oglas i udri ?! Da li je tebi poznat ovakav koncept i da li si ti radila nesto slicno? | Could you tell me the rent you are paying and how did you find the apartment through which site plz ...i am also in need to change. | Heej, cestitam za posao🥳.. U buducnosti planiram da se preselim u Lux, zanima me ovako iz prve ruke da li je za posao dovoljan engleski jezik ili traze jos francuski, njemacki ili luksemburski..😂 | Ja volim da spremam bolonjeze. spremim otprilike 1kg bolonjeza. Pripremim porcije u kesama za zamrzivac i samo ih spljostim da se lakse skladisti i odmrznu. Onda samo pastu pravim po potrebi.<br>Eto jedna idejaa ❤ | Mishki is the cutest floof ever! I love your calm energy! | Koliko kostaju pramenovi i sisanje u beogradu? U zagrebu je jako skupo oko 150 eura | Zanimljiv video❤ | Lijepa !!! 🌞 sunce, smokve, Mishki, wow ! | Have you ever been to Amsterdam, and if yes: what’s your fav spot in the city?🥰🍟 | Yes! I liked the garden around Rijksmuseum, the museum itself and of course the whole city.❤😊🎉 | What a gorgeous vlog! Amsterdam during summer has such a unique, magical energy. There&#39;s nothing quite like grabbing some fries and just sitting by the canals. We were exploring and filming around those same spots not long ago, and your video perfectly captured that beautiful, cozy atmosphere. Lovely editing! | May I know how&#39;s the weather there now? I&#39;m gpoing to visit first week of August :) | Every time I go I stay in De Pijp!! Such a beautiful city 💖💖",youtube,gligorijevicana,lifestyle_general,0.86,"{""eco_conscious"": 0.2, ""luxury_orientation"": 0.2, ""budget_orientation"": 0.5, ""adventure_orientation"": 0.2, ""family_friendly"": 0.1, ""authenticity_signal"": 0.9}",True,"[{""title"": ""a summer weekend in Luxembourg 🇱🇺 // reformer pilates, Mamma Mia! & everyday life"", ""caption"": ""a little vlog from life in luxembourg 🇱🇺 this week we had a day of filming at work where i finally got to try flying a drone for the first time (and yes, i was terrified of crashing the company drone 😂). then we have a little sapore clay time, a first reformer pilates class, an open-air mamma mia movie night and a very random sunday watching a race of waiters in luxembourg. i was invited to try the beginner reformer pilates class at @risebarrepilates and, as a complete beginner, i actually really enjoyed it! the teacher was super nice and explained everything throughout the class, so it felt very beginner-friendly. hope you enjoy another little look into my life in luxembourg 🤍 ♡ find me here: instagram: @gligorijevicana sapore clay: @saporeclay email: anagligorijevic5@gmail.com #luxembourgvlog #luxembourglife #dailyvlog This video is not sponsored, all opinions stated are honest and my own. -- luxembourg vlog, luxembourg life, life in luxembourg, living in luxembourg, daily vlog luxembourg, luxembourg lifestyle, luxembourg city vlog, weekend in luxembourg, working in luxembourg, content creator in luxembourg, pilates in luxembourg, reformer pilates luxembourg, beginner reformer pilates, mamma mia luxembourg, summer in luxembourg, sapore clay, day in my life luxembourg"", ""thumbnail_url"": ""https://i.ytimg.com/vi/RXmA8b09qb8/hqdefault.jpg"", ""post_url"": ""https://www.youtube.com/watch?v=RXmA8b09qb8"", ""video_id"": ""RXmA8b09qb8"", ""platform"": ""YouTube""}, {""title"": ""life lately in Luxembourg 🇱🇺 // balancing my time with a job, daily routine & Vianden pool"", ""caption"": ""Another little weekly vlog from Luxembourg 🇱🇺 I'm slowly getting into my new routine after starting my full-time job, so this vlog is basically a little mix of work days, getting ready in the morning, editing my own videos after work, some Vinted finds, and a weekend trip to Vianden (pool). We also went to a swimming pool surrounded by nature with a view of Vianden Castle, which ended up being such a nice way to spend the weekend. I hope you enjoy this vlog🤍 ✨instagram / tiktok: @gligorijevicana ✨my jewelry brand: @saporeclay ✨e-mail: anagligorijevic5@gmail.com -- This video is not sponsored, all opinions stated are honest and my own. luxembourg vlog, life in luxembourg, living in luxembourg, luxembourg daily vlog, luxembourg lifestyle, week in my life luxembourg, working in luxembourg, new job vlog, first weeks at work, luxembourg city vlog, vianden luxembourg, vianden castle, things to do in luxembourg, luxembourg weekend, luxembourg travel vlog, daily life in europe, european lifestyle vlog, get ready with me, makeup routine, vintage finds, vinted haul"", ""thumbnail_url"": ""https://i.ytimg.com/vi/kBU1I7SGSLg/hqdefault.jpg"", ""post_url"": ""https://www.youtube.com/watch?v=kBU1I7SGSLg"", ""video_id"": ""kBU1I7SGSLg"", ""platform"": ""YouTube""}, {""title"": ""24 hours in venice 🇮🇹 // experiencing REDENTORE for the first time"", ""caption"": ""Welcome back to another vlog! ❤️🇮🇹✨ This time I'm spending only 24 hours in Venice for one very special occasion: Redentore Festival. Even though I lived in Venice during my master's degree, I had never experienced Redentore before. From fireworks over the lagoon, meeting old friends, wandering through my favorite streets again, to finding a leather bag for my new job, this weekend reminded me why Venice will always feel like a second home. I hope you enjoy spending these 24 hours with me🤍 ✨Instagram: ✨TikTok: ✨My jewelry brand SAPORE: ✨Collaborations e-mail: anagligorijevic5@gmail.com Music: Italian Morning by Twin Musicom is licensed under a Creative Commons Attribution 4.0 license. Artist: __ This video is not sponsored, all opinions stated are honest and my own. 24 hours in venice, venice vlog, redentore festival venice, festa del redentore, fireworks in venice, venice italy travel, venice weekend, living in venice, venice travel guide, italy vlog, visiting venice in summer, venice traditions, things to do in venice, studying in venice, venice italy 2026"", ""thumbnail_url"": ""https://i.ytimg.com/vi/rU93CLXq_qc/hqdefault.jpg"", ""post_url"": ""https://www.youtube.com/watch?v=rU93CLXq_qc"", ""video_id"": ""rU93CLXq_qc"", ""platform"": ""YouTube""}, {""title"": ""i got a job in Luxembourg🇱🇺 // first days at work, yoga & creator events"", ""caption"": ""Welcome back to another vlog from Luxembourg! 🤍 This week was full of firsts: I finally tried yoga in Luxembourg, attended a beauty & wellness creator event, and... officially started my new full-time job! After months of job hunting and wondering what would happen after moving to Luxembourg, I'm so happy I can finally share this new chapter with you. I also take you behind the scenes of my everyday life, meal prep, Sapore, and balancing a full-time job while continuing YouTube and social media. I hope you enjoy spending a few days with me! 🤍 -- Instagram: @gligorijevicana TikTok: gligorijevicana e-mail: anagligorijevic5@gmail.com This video is not sponsored, all opinions stated are honest and my own. Luxembourg vlog, moving to Luxembourg, living abroad, expat life, getting a job abroad, first day at work, content creator, social media manager, daily vlog, yoga in Luxembourg, creator event, Europe lifestyle, working in Luxembourg"", ""thumbnail_url"": ""https://i.ytimg.com/vi/Mt1IWqdlIXk/hqdefault.jpg"", ""post_url"": ""https://www.youtube.com/watch?v=Mt1IWqdlIXk"", ""video_id"": ""Mt1IWqdlIXk"", ""platform"": ""YouTube""}]"
@nadjaslife,,"In Serbia AGAIN | weekend activities, 18th birthday & friends. Jos jedan vikend u Srbiji ovog leta! | A FEW DAYS AT HOME | back to pilates, family & packing again. Par dana kod kuce, pa ponovo idemo u Srbiju! | YOUR STORIES, MY OPINIONS. Malo drugaciji tip Girl Talk-a! | PARIS VLOG | All white birthday party, friends & fun. 2 dana u Parizu! | Back home | work, nephew, clothing haul & more. Vracamo se u rutine! | A WEEK IN SERBIA | travel vlog. Nedelju dana uzivanja u Srbiji! | PACK WITH ME for 1 week of travel. Pakovanje za nedelju dana odmora :) | OUTFITS FOR DIFFERENT OCCASIONS PART 2. Part 2 je morao da se desi i meni je bilo prezanimljivo! | SUNDAY RESET | clean my apartment with me. Moralo je da se dogodi jedno dubinsko ciscenje pre putovanja! | HOT GIRL summer Glow Up | nails, glow juice, pilates, masks & hot girl walks. Jedan weekly vlog (par dana kraci haha) za vas! | DAILY VLOG | Shooting content & going out. Da se vratimo malo na daily vlogove :) | Chitchat GRWM | Storytime & my weekend plans. Pa malo i da procaskamo :) | WEEKEND VLOG | beach day, family time & going out with friends. Jos jedan vikend vlog je tu za vas! Uzivajte :) | AUNTY MODE ON | a day with my nephew. Najlepsi dan u poslednje vreme! | Monthly reset routine | cleaning & decluttering, shooping, goals check in. Mesecni reset mog. prostora :)",57800,"{""engagement_rate"": 2.672, ""likes_to_comments_ratio"": 29.97, ""avg_views_per_post"": 44328.6, ""total_views"": 15867872}","Čestitam tetkaa! Jako su ti intetrsantni videi bas volim vlogovee iz srbije svi stedivni❤❤❤❤ | Čestitam tetka! 🩵 | Velika mana je sto snimas kratke vlogove skoro da nista ne snimas sjeckano je iz djelova nista se ne razumije znaci uzas ali ako ti se svidja tako okej ali par vlogova je sve brdo zdola niko nista ne konta bas nije okej mogla si da ne snimas al okej | ❤❤ | ❤❤❤ | mozes li da snimis kako pravis to sa boranijom i mlevenim mesom ili bar da napises recept😅 | Ti izgledas prelepo❤️<br>Neka je sa srecom tetka😊 | kolee meden ❤❤ cestitam tetkaa | Kole je original baba Ivana😊 | Čestitam tetka❤❤❤❤ | Ja nisam vidjela story😭 | Predlazem da dok citas pricu ne dajes svoje komentare izmedju citanja nego procitas celu pricu i onda das celokupni komentar na pricu, vratis se procitas jos jednom neki deo ako ti treba i to iskomentarises itd 😊 | Odakle je majcica bas je slatka🥹💖 | Prezanimjiv video | Nadja na mom faksu ima jedan decko koga znam jos iz osnovne i posle toga sam se svojom najboljom drugaricom istu srednju u skolu koju je zamisli i on ali on je to namerno uradio jer sa mu se i ja njemu svidela i sta ja sad da radim | vlog je kraci jer devojka uziva u momentu :) svakakoo top vlogic🦋 | Rekla je da ce se potruditi da snima cesce ali i da zeli da ostvaruje neke svoje ciljeve | Obozavam tvoje vlogove ali ovaj je bio baaas kratak,nemam vremena nista da obavim dok gledam koliko je brzo zavrsio😅❤️❤️❤️ | Htela sam da te pitam dali bi se ti nekada tetovirala u zivotu?.I zaista me zanima tvoje mileenje u vezi svega toga o tetoviranju🥹❤ | Odakle ti je bela majcica🥹🥹😍 | Za bela suknica probaj sa crvene gace😊 ne bi trebalo da se providi | Ija se zovem Ivanaaa❤❤❤ | ❤❤ | Divna Nađaa!🤍🤍 | ❤❤❤❤",youtube,nadjaslife,lifestyle_general,0.78,"{""eco_conscious"": 0.3, ""luxury_orientation"": 0.2, ""budget_orientation"": 0.6, ""adventure_orientation"": 0.4, ""family_friendly"": 0.7, ""authenticity_signal"": 0.7}",True,"[{""title"": ""Slow SUMMER days | chill days & fun times"", ""caption"": ""Malo uzivanja u ovim letnjim danima!"", ""thumbnail_url"": ""https://i.ytimg.com/vi/YJSwSN7L9SY/hqdefault.jpg"", ""post_url"": ""https://www.youtube.com/watch?v=YJSwSN7L9SY"", ""video_id"": ""YJSwSN7L9SY"", ""platform"": ""YouTube""}, {""title"": ""Car diaries | Being spontaneous & having a YES attitude"", ""caption"": ""Pa da popricamo malo o zivotu ovog leta!"", ""thumbnail_url"": ""https://i.ytimg.com/vi/ud4K8vB_R7Q/hqdefault.jpg"", ""post_url"": ""https://www.youtube.com/watch?v=ud4K8vB_R7Q"", ""video_id"": ""ud4K8vB_R7Q"", ""platform"": ""YouTube""}, {""title"": ""Weekend vlog | beach, my nephews, errands, cleaning & going out"", ""caption"": ""Jedan prelep vikend sa porodicom i prijateljima!"", ""thumbnail_url"": ""https://i.ytimg.com/vi/A3OnXAKP2Uo/hqdefault.jpg"", ""post_url"": ""https://www.youtube.com/watch?v=A3OnXAKP2Uo"", ""video_id"": ""A3OnXAKP2Uo"", ""platform"": ""YouTube""}, {""title"": ""TEODOR IS HERE | Aunty x2"", ""caption"": ""Drugi najlepsi dan mog zivota!"", ""thumbnail_url"": ""https://i.ytimg.com/vi/jzQthdF_K_o/hqdefault.jpg"", ""post_url"": ""https://www.youtube.com/watch?v=jzQthdF_K_o"", ""video_id"": ""jzQthdF_K_o"", ""platform"": ""YouTube""}]"
@putevimasveta_dusannikolic,"Bavimo se snimanjem putopisnih emisija. Naše emisije imaju za cilj prikazivanje turističkih ponuda različitih destinacija u Evropi i svetu. Pored prikazivanja turističkih ponuda i zanimljivosti koje nas na putu zadese, jedan deo emisije posvećujemo istoriji mesta koje posetimo. Cilj nam je da naše emisije ne budu samo informativnog, već i obrazovnog karaktera. Tokom leta destinacije obilazimo motorom, a zimi skijamo i planinarimo. 

Naše  emisije emituje 8 Televizija u Srbiji:
•	TV Info Puls - Vranje;
•	TV PI Kanal - Pirot;
•	RTV Kuršumlija - Kuršumlija;
•	RTV Jasenica - Smederevska Palanka;
•	RTV Kraljevo - Kraljevo;
•	Televizija K23 - Subotica;
•	TV Kikinda - Kikinda;
•	TV Jefimija - Kruševac.

DOBRODOŠLI !!! 

","Vozio sam putevima kroz NESTVARNU prirodu Srbije | Kupalište na obali Rzava | UPOZNAJ SRBIJU ep.3. U trećoj epizodi serijala „Upoznaj Srbiju“ krećem od Vezirovog Ranča i preko Javora stižem do brane Zlatarskog jezera. Put me zatim vodi kroz Novu Varoš, Kokin Brod, Jasenovo i Ljubiš, pa preko Visoke do obala Velikog Rzava i neobičnog kupališta Bosa Noga. Nastavljam dalje kroz Arilje, Požegu i Kosjerić, sve do Valjeva. Najveći deo ove emisije provodim na motoru, vozeći putevima koji prolaze kroz prelepu prirodu, planinske predele i manje poznate krajeve Srbije. Još jedno putovanje van autoputeva i još jedan podsetnik koliko toga lepog možemo pronaći u sopstvenoj zemlji. Dobrodošli u novu epizodu! #putopis #srbija #letovanje #dokumentarac #turizam #turizamsrbija #motor Ukoliko želite da podržite našu skromnu produkciju da postane još bolja i da bude u mogućnosti da izbacuje više materijala, to možete učiniti tako što ćete kliknuti na dugmiće ispod videa: like, share, subscribe, kao i na ""srce zahvalnosti"" koje u sebi ima simbol dolara. Takođe, možete pomoći i deviznim donacijama putem PayPal-a: oinomajdoctore@gmail.com Kao i donacijama u dinarima putem tekućeg računa: 160540010123656757 Ne zaboravite da zapratite kanal i uključite 🔔 da bi ste dobili obaveštenje za nove emisije. 📽 Autor emisije ""UPOZNAJ SRBIJU"": Dušan Nikolić 📽 Kamera: Aleksandra Kržalić i Dušan Nikolić 📽 Dron operater: Dušan Nikolić & Envato 📽 Montaža: Dušan Nikolić 📸 ZAPRATI NAS NA INSTAGRAMU, FACEBOOKU I TIKTOKU: Facebook: / dusan.nikolic.735 Instagram: / putevima_sveta_dusan_nikolic TikTok: / putevimasvetadusan | UPOZNAJ SRBIJU | Uvac, Pešter, Sjenica, Sopoćani i jedna od najvećih ptica Evrope. Dobrodošli u drugu epizodu serijala UPOZNAJ SRBIJU! Putovanje nastavljam iz Jošaničke Banje i krećem ka manastiru Sopoćani, jednom od najznačajnijih srednjovekovnih manastira u Srbiji i spomeniku koji se nalazi na UNESCO-voj listi svetske baštine. Nakon toga odlazim na Peštersku visoravan, najveću visoravan na Balkanskom poluostrvu, gde istražujem njene prostrane predele, prirodne lepote i zanimljivosti po kojima je ovaj kraj poznat. Sledeća stanica je Sjenica, grad bogate istorije i jedinstvene tradicije, odakle nastavljam ka Specijalnom rezervatu prirode Uvac. Sa vidikovca Molitva pruža se jedan od najpoznatijih pogleda u Srbiji – na veličanstvene meandre Uvca. Upravo ovde živi beloglavi sup, jedna od najvećih ptica Evrope, koju sam imao sreću da posmatram u letu iznad kanjona. Uživajte !!! #putopis #avantura #dokumentarac #srbija #uvac #sjenica #sopocani #istorija #geografija #letovanje Ukoliko želite da podržite našu skromnu produkciju da postane još bolja i da bude u mogućnosti da izbacuje više materijala, to možete učiniti tako što ćete kliknuti na dugmiće ispod videa: like, share, subscribe, kao i na ""srce zahvalnosti"" koje u sebi ima simbol dolara. Takođe, možete pomoći i deviznim donacijama putem PayPal-a: oinomajdoctore@gmail.com Kao i donacijama u dinarima putem tekućeg računa: 160540010123656757 Ne zaboravite da zapratite kanal i uključite 🔔 da bi ste dobili obaveštenje za nove emisije. 📽 Autor emisije ""UPOZNAJ SRBIJU"": Dušan Nikolić 📽 Kamera: Aleksandra Kržalić i Dušan Nikolić 📽 Dron operater: Dušan Nikolić & Envato 📽 Montaža: Dušan Nikolić 📸 ZAPRATI NAS NA INSTAGRAMU, FACEBOOKU I TIKTOKU: Facebook: / dusan.nikolic.735 Instagram: / putevima_sveta_dusan_nikolic TikTok: / putevimasvetadusan | UPOZNAJ SRBIJU | Mesta i putevi koje većina nikada nije videla. Dobrodošli u prvu epizodu serijala UPOZNAJ SRBIJU. Putovanje započinjemo u Vranju, a zatim starim putem prolazimo kroz Grdeličku klisuru i nastavljamo preko Radan planine ka Kuršumliji. Usput obilazimo Hrast Kneza Lazara, jedno od mesta koje čuva sećanje na događaje koji su obeležili srpsku istoriju. U ovoj epizodi posetićemo i dve banje Srbije – Lukovsku Banju, najvišu banju u Srbiji, i Jošaničku Banju, poznatu po izuzetno toplim termalnim izvorima. Kao i na svakom putovanju motorom, ni ovoga puta nije moglo bez nepredviđenih situacija, pa nas je usput pratila i kiša. Na putu nas je sačekao i jedan neočekivan susret – pokušali smo da pomognemo i spasimo malu macu kojoj je pomoć bila potrebna. 🏍️ Putevima sveta – Dušan Nikolić. Uživajte ! #srbija #putopis #dokumentarac #vlog #putovanje #josanica #motor Ukoliko želite da podržite našu skromnu produkciju da postane još bolja i da bude u mogućnosti da izbacuje više materijala, to možete učiniti tako što ćete kliknuti na dugmiće ispod videa: like, share, subscribe, kao i na ""srce zahvalnosti"" koje u sebi ima simbol dolara. Takođe, možete pomoći i deviznim donacijama putem PayPal-a: oinomajdoctore@gmail.com Kao i donacijama u dinarima putem tekućeg računa: 160540010123656757 Ne zaboravite da zapratite kanal i uključite 🔔 da bi ste dobili obaveštenje za nove emisije. 📽 Autor emisije ""UPOZNAJ SRBIJU"": Dušan Nikolić 📽 Kamera: Aleksandra Kržalić i Dušan Nikolić 📽 Dron operater: Dušan Nikolić & Envato 📽 Montaža: Dušan Nikolić 📸 ZAPRATI NAS NA INSTAGRAMU, FACEBOOKU I TIKTOKU: Facebook: / dusan.nikolic.735 Instagram: / putevima_sveta_dusan_nikolic TikTok: / putevimasvetadusan | Ovo mesto je najveći turistički potencijal Srbije ✔ Rajačke Pimnice.  | SOLUN I Grad u kome Srbi rado piju kafu - VODIČ ZA OBILAZAK. Solun je grad koji mnogi posećuju na putu ka moru, ali retko ko odvoji vreme da ga zaista upozna. U ovoj epizodi istražujemo jedan od najznačajnijih gradova Grčke, mesto u kome se vekovima susreću različite kulture, religije i civilizacije. Obišli smo Belu kulu, Aristotelov trg, Rotondu, Galerijev slavoluk, crkve pod zaštitom UNESCO-a, šetalište uz more, muzeje i mnoga druga mesta koja pričaju priču dugu više od dve hiljade godina. Kroz istoriju Soluna vodili su nas Rimljani, Vizantinci, Osmanlije i savremena Grčka, a upoznali smo i ljude koji danas ovde žive i stvaraju. Pored znamenitosti, pokušali smo da doživimo i svakodnevni život grada, njegove trgove, ulice, kafiće, ukuse i atmosferu zbog koje mu se mnogi iznova vraćaju. Uživajte!!! #putopis #avantura #dokumentarac #grčka #more #letovanje #vlog #thessaloniki Ukoliko želite da podržite našu skromnu produkciju da postane još bolja i da bude u mogućnosti da izbacuje više materijala, to možete učiniti tako što ćete kliknuti na dugmiće ispod videa: like, share, subscribe, kao i na ""srce zahvalnosti"" koje u sebi ima simbol dolara. Takođe, možete pomoći i deviznim donacijama putem PayPal-a: oinomajdoctore@gmail.com Kao i donacijama u dinarima putem tekućeg računa: 160540010123656757 Ne zaboravite da zapratite kanal i uključite 🔔 da bi ste dobili obaveštenje za nove emisije. 📽 Autor emisije ""SOLUN"": Dušan Nikolić 📽 Kamera: Aleksandra Kržalić i Dušan Nikolić 📽 Dron operater: Dušan Nikolić & Envato 📽 Montaža: Dušan Nikolić 📸 ZAPRATI NAS NA INSTAGRAMU, FACEBOOKU I TIKTOKU: Facebook: / dusan.nikolic.735 Instagram: / putevima_sveta_dusan_nikolic TikTok: / putevimasvetadusan | Raj na KRITU ✔✔✔  #putopis #travel #avantura.  | Dobrodošli u Hanju ✔✔✔  #putopis #travel #avantura.  | TOP 10 DESTINACIJA koje smo posetili  I  Od Grčke do Danske. Od Mediterana i Egeja, preko Karpata i Jadrana, pa sve do severa Evrope, vodimo vas kroz TOP 10 destinacija koje su na nas ostavile najjači utisak tokom dosadašnjih putovanja. Mesta različitih kultura, istorije, prirode i atmosfere, ali sa jednom zajedničkom osobinom, svako od njih nosi poseban doživljaj koji se dugo pamti. U ovoj epizodi očekuju vas stari gradovi, skrivene ulice, tvrđave, planinski predeli, ostrva, more, zalasci sunca, zanimljive priče i kadrovi sa puteva kojima smo prolazili. Neka mesta osvajaju istorijom, neka prirodom, neka ljudima i atmosferom, a neka jednostavno imaju nešto što je teško objasniti rečima. Ovo nije lista najskupljih niti najpopularnijih destinacija, već izbor mesta koja su na nas ostavila najveći utisak tokom putovanja motorom, automobilom i peške kroz različite delove Evrope i Mediterana. Ako volite putovanja, zanimljive priče, istoriju, prirodu i autentične kadrove sa puta, onda je ovo epizoda za vas. Pišite nam u komentarima koje su vaše TOP destinacije i koje mesto je na vas ostavilo najjači utisak. #putopis #travel #dokumentarac #vlog #avantura Ukoliko želite da podržite našu skromnu produkciju da postane još bolja i da bude u mogućnosti da izbacuje više materijala, to možete učiniti tako što ćete kliknuti na dugmiće ispod videa: like, share, subscribe, kao i na ""srce zahvalnosti"" koje u sebi ima simbol dolara. Takođe, možete pomoći i deviznim donacijama putem PayPal-a: oinomajdoctore@gmail.com Kao i donacijama u dinarima putem tekućeg računa: 160540010123656757 Ne zaboravite da zapratite kanal i uključite 🔔 da bi ste dobili obaveštenje za nove emisije. 📽 Autor emisije ""TOP 10 DESTINACIJA"": Dušan Nikolić 📽 Kamera: Aleksandra Kržalić i Dušan Nikolić 📽 Dron operater: Aleksandar Stošić, Dušan Nikolić & Envato 📽 Montaža: Dušan Nikolić 📸 ZAPRATI NAS NA INSTAGRAMU, FACEBOOKU I TIKTOKU: Facebook: / dusan.nikolic.735 Instagram: / putevima_sveta_dusan_nikolic TikTok: / putevimasvetadusan | Siniša TRČI 240km za 24h 👀. Ceo dokumentarac je na kanalu ✔ | Turci su BROJ 1 po gostoprimstvu. Da li se slažete ? #putopis. Turci su izuzetno gostoprimljiv narod. Gde god da smo stali na našem putovanju, dočekani smo sa osmehom, kafom i željom da pomognu. Upravo takvi susreti sa ljudima daju posebnu draž svakom putovanju. 🌍 Celu emisiju možete pogledati na YouTube kanalu „Putevima sveta – Dušan Nikolić“. | Nakad su u Turskoj živeli Grci ✔. Kad posetite primorske gradiće u Turskoj poput Bodruma, Alačatija, Džunde i mnoge druge, primetićete da infrastruktura nije turska već grčka. Imaćete osećaj da ste negde u Grčkoj. To nije slučajno. Naime, veliki deo zapadne obale današnje Turske vekovima je bio naseljen Grcima. Gradovi poput Bodruma, Alačatija i Džunde bili su pre svega grčka naselja, sa karakterističnom arhitekturom, uskim ulicama, kamenim kućama i crkvama. Nakon grčko turskog rata i razmene stanovništva 1923. godine, grčko stanovništvo je napustilo ove krajeve, a u njih su se doselili Turci iz Grčke. Ipak, gradovi su zadržali svoj izgled, pa danas mnogi delovi turske obale i dalje podsećaju na tipična mesta u Grčkoj. | Bošnjaci u Turskoj - 2. deo #travel.  | BOŠNJACI u Turskoj ✔✔✔  #putopis. Cela epizoda je na kanalu ✔ | Pršuta od 220 eura kilogram ✔  #putopis #travel #avantura.  | Stari grad Palme ✔. ",23900,"{""engagement_rate"": 1.48, ""likes_to_comments_ratio"": 6.78, ""avg_views_per_post"": 14283.2, ""total_views"": 4083453}","OMAŠIO SI BRATE DEBELOOOOO, JER SI TREBAO IZ VALJEVA PREKO DEBELOG BRDA, PA NAJLEPŠA VAROŠICA U SRBIJI...BAJINA BAŠTA... A TU JE PLANINA TARA...ZLATIBOR...PA BOG DA TE VESELI!<br>POSLE MOŽEŠ GDE HOĆEŠ...LJUBIŠ JE LEP, ALI GOSTILJE, PA VISOČKA BANJA KOD ARILJA...FANTAZIJA...I JOŠ MNOGO TOGA!!! | Sve ce to SNS raz...... | Odlican video pozdrav iz Nisaa i dobar uspeh | Budimo iskreni, Bosna je 567 puta bolja. Ja brojao. | Bravo za još jedan izuzetan video. | ❤❤❤Prelepo!<br>Pozdrav! | Samo napred | Prelepa nasa zemlja!! <br>POZDRAV. | Iskren da budem,mislio sam da su putevi u losem stanju,ali videh da nisu,cak su neki i u odlicnom stanju,hvala jos jednom | ✔✔✔✔✔✔✔✔ | Ne gledam vas dugo vreme samo snimas tvoju zenu kao da druge zene su grbave,izmisli nesto bolje ili upset ne snimaj. | Hvala puno za  Srećka 👍🥂… iskreno se nadam da ga je netko udomio🙏 | plafon | 😊❤ Hvala i pozdrav iz Vrbasa | Bravo majstore poz Goran GW 15OO Beograd Srbija | A palaca u 7 stbposlje kr | Moja je kuca napravljena u 3 st poslje kr | Naši stari su bili veoma pametni. Nažalost izgleda da pamet nije nasledna. Vama svaka čast ali i Rajac ima dosta zapuštene pivnice, a o ostatku Srbije i da ne govorimo.👍 | ❤ | Tessaloniki zvučii bolje od Solun🇬🇷🇬🇷🇬🇷♥️🇸🇮 | A Zejtinlik? | plafon | Bravo! Uspeli ste da predstavite Solun u jednom novom svetlu, za mene fascinantno iako već godinama bar dva puta godišnje boravim u Solunu. Sve čestitke! | Εξαιρετική παρουσίαση, χίλια μπράβο!",youtube,putevimasveta_dusannikolic,documentary_educational,0.75,"{""eco_conscious"": 0.6, ""luxury_orientation"": 0.1, ""budget_orientation"": 0.2, ""adventure_orientation"": 0.8, ""family_friendly"": 0.3, ""authenticity_signal"": 0.9}",True,"[{""title"": ""Vozio sam putevima kroz NESTVARNU prirodu Srbije | Kupalište na obali Rzava | UPOZNAJ SRBIJU ep.3"", ""caption"": ""U trećoj epizodi serijala „Upoznaj Srbiju“ krećem od Vezirovog Ranča i preko Javora stižem do brane Zlatarskog jezera. Put me zatim vodi kroz Novu Varoš, Kokin Brod, Jasenovo i Ljubiš, pa preko Visoke do obala Velikog Rzava i neobičnog kupališta Bosa Noga. Nastavljam dalje kroz Arilje, Požegu i Kosjerić, sve do Valjeva. Najveći deo ove emisije provodim na motoru, vozeći putevima koji prolaze kroz prelepu prirodu, planinske predele i manje poznate krajeve Srbije. Još jedno putovanje van autoputeva i još jedan podsetnik koliko toga lepog možemo pronaći u sopstvenoj zemlji. Dobrodošli u novu epizodu! #putopis #srbija #letovanje #dokumentarac #turizam #turizamsrbija #motor Ukoliko želite da podržite našu skromnu produkciju da postane još bolja i da bude u mogućnosti da izbacuje više materijala, to možete učiniti tako što ćete kliknuti na dugmiće ispod videa: like, share, subscribe, kao i na \""srce zahvalnosti\"" koje u sebi ima simbol dolara. Takođe, možete pomoći i deviznim donacijama putem PayPal-a: oinomajdoctore@gmail.com Kao i donacijama u dinarima putem tekućeg računa: 160540010123656757 Ne zaboravite da zapratite kanal i uključite 🔔 da bi ste dobili obaveštenje za nove emisije. 📽 Autor emisije \""UPOZNAJ SRBIJU\"": Dušan Nikolić 📽 Kamera: Aleksandra Kržalić i Dušan Nikolić 📽 Dron operater: Dušan Nikolić & Envato 📽 Montaža: Dušan Nikolić 📸 ZAPRATI NAS NA INSTAGRAMU, FACEBOOKU I TIKTOKU: Facebook: / dusan.nikolic.735 Instagram: / putevima_sveta_dusan_nikolic TikTok: / putevimasvetadusan"", ""thumbnail_url"": ""https://i.ytimg.com/vi/tIJAs7m3OC8/hqdefault.jpg"", ""post_url"": ""https://www.youtube.com/watch?v=tIJAs7m3OC8"", ""video_id"": ""tIJAs7m3OC8"", ""platform"": ""YouTube""}, {""title"": ""UPOZNAJ SRBIJU | Uvac, Pešter, Sjenica, Sopoćani i jedna od najvećih ptica Evrope"", ""caption"": ""Dobrodošli u drugu epizodu serijala UPOZNAJ SRBIJU! Putovanje nastavljam iz Jošaničke Banje i krećem ka manastiru Sopoćani, jednom od najznačajnijih srednjovekovnih manastira u Srbiji i spomeniku koji se nalazi na UNESCO-voj listi svetske baštine. Nakon toga odlazim na Peštersku visoravan, najveću visoravan na Balkanskom poluostrvu, gde istražujem njene prostrane predele, prirodne lepote i zanimljivosti po kojima je ovaj kraj poznat. Sledeća stanica je Sjenica, grad bogate istorije i jedinstvene tradicije, odakle nastavljam ka Specijalnom rezervatu prirode Uvac. Sa vidikovca Molitva pruža se jedan od najpoznatijih pogleda u Srbiji – na veličanstvene meandre Uvca. Upravo ovde živi beloglavi sup, jedna od najvećih ptica Evrope, koju sam imao sreću da posmatram u letu iznad kanjona. Uživajte !!! #putopis #avantura #dokumentarac #srbija #uvac #sjenica #sopocani #istorija #geografija #letovanje Ukoliko želite da podržite našu skromnu produkciju da postane još bolja i da bude u mogućnosti da izbacuje više materijala, to možete učiniti tako što ćete kliknuti na dugmiće ispod videa: like, share, subscribe, kao i na \""srce zahvalnosti\"" koje u sebi ima simbol dolara. Takođe, možete pomoći i deviznim donacijama putem PayPal-a: oinomajdoctore@gmail.com Kao i donacijama u dinarima putem tekućeg računa: 160540010123656757 Ne zaboravite da zapratite kanal i uključite 🔔 da bi ste dobili obaveštenje za nove emisije. 📽 Autor emisije \""UPOZNAJ SRBIJU\"": Dušan Nikolić 📽 Kamera: Aleksandra Kržalić i Dušan Nikolić 📽 Dron operater: Dušan Nikolić & Envato 📽 Montaža: Dušan Nikolić 📸 ZAPRATI NAS NA INSTAGRAMU, FACEBOOKU I TIKTOKU: Facebook: / dusan.nikolic.735 Instagram: / putevima_sveta_dusan_nikolic TikTok: / putevimasvetadusan"", ""thumbnail_url"": ""https://i.ytimg.com/vi/E9H22FTSgkc/hqdefault.jpg"", ""post_url"": ""https://www.youtube.com/watch?v=E9H22FTSgkc"", ""video_id"": ""E9H22FTSgkc"", ""platform"": ""YouTube""}, {""title"": ""UPOZNAJ SRBIJU | Mesta i putevi koje većina nikada nije videla"", ""caption"": ""Dobrodošli u prvu epizodu serijala UPOZNAJ SRBIJU. Putovanje započinjemo u Vranju, a zatim starim putem prolazimo kroz Grdeličku klisuru i nastavljamo preko Radan planine ka Kuršumliji. Usput obilazimo Hrast Kneza Lazara, jedno od mesta koje čuva sećanje na događaje koji su obeležili srpsku istoriju. U ovoj epizodi posetićemo i dve banje Srbije – Lukovsku Banju, najvišu banju u Srbiji, i Jošaničku Banju, poznatu po izuzetno toplim termalnim izvorima. Kao i na svakom putovanju motorom, ni ovoga puta nije moglo bez nepredviđenih situacija, pa nas je usput pratila i kiša. Na putu nas je sačekao i jedan neočekivan susret – pokušali smo da pomognemo i spasimo malu macu kojoj je pomoć bila potrebna. 🏍️ Putevima sveta – Dušan Nikolić. Uživajte ! #srbija #putopis #dokumentarac #vlog #putovanje #josanica #motor Ukoliko želite da podržite našu skromnu produkciju da postane još bolja i da bude u mogućnosti da izbacuje više materijala, to možete učiniti tako što ćete kliknuti na dugmiće ispod videa: like, share, subscribe, kao i na \""srce zahvalnosti\"" koje u sebi ima simbol dolara. Takođe, možete pomoći i deviznim donacijama putem PayPal-a: oinomajdoctore@gmail.com Kao i donacijama u dinarima putem tekućeg računa: 160540010123656757 Ne zaboravite da zapratite kanal i uključite 🔔 da bi ste dobili obaveštenje za nove emisije. 📽 Autor emisije \""UPOZNAJ SRBIJU\"": Dušan Nikolić 📽 Kamera: Aleksandra Kržalić i Dušan Nikolić 📽 Dron operater: Dušan Nikolić & Envato 📽 Montaža: Dušan Nikolić 📸 ZAPRATI NAS NA INSTAGRAMU, FACEBOOKU I TIKTOKU: Facebook: / dusan.nikolic.735 Instagram: / putevima_sveta_dusan_nikolic TikTok: / putevimasvetadusan"", ""thumbnail_url"": ""https://i.ytimg.com/vi/9JVO8CyrTqs/hqdefault.jpg"", ""post_url"": ""https://www.youtube.com/watch?v=9JVO8CyrTqs"", ""video_id"": ""9JVO8CyrTqs"", ""platform"": ""YouTube""}, {""title"": ""Ovo mesto je najveći turistički potencijal Srbije ✔ Rajačke Pimnice"", ""caption"": """", ""thumbnail_url"": ""https://i.ytimg.com/vi/IHBDOYd9dig/hqdefault.jpg"", ""post_url"": ""https://www.youtube.com/watch?v=IHBDOYd9dig"", ""video_id"": ""IHBDOYd9dig"", ""platform"": ""YouTube""}]"
@balkantriptv,"❥ Zapratite nas i drugim društvenim mrežama:
➱ Facebook fan page: http://bit.ly/BalkanTripFB​
➱ Instagram: http://bit.ly/BalkanTripIG​
➱ TikTok: http://bit.ly/BalkanTripTikTok​
➱ Linkedin: https://www.linkedin.com/company/tv-balkan-trip/posts/?feedView=all
➱ Sajt: https://balkantrip.tv/

Balkan Trip predstavlja potpuno nov osvrt na sve što bi moglo da interesuje jednog turistu u potrazi za
idealnim mestom za odmor ili avanturu u regionu. Balkan Trip je najveći izvor informacija iz sveta
regionalnog turizma Balkana, pokrivajući vesti i objave od tek otkrivenih etno odmarališta i porodičnih
domaćinstava, pa do luksuznih spa centara i elitnih hotela sa renomeom. Ovo je kanal namenjem
svetskim putnicima, planinarima, avanturistima, gurmanima i svim ljubiteljima prirode i ugostiteljstva.

❣ Naše emisije možete pratiti na:
❥ IRIS - 120
❥ IrisGo - 20
❥ m:SAT - 22
❥ Supernova - 20
❥ SBB - 310
❥Arena Cloud - 32
❥Total TV - 22
❥Move TV - 20

","GLEDAĆETE: DOMAĆINSTVO IRINA, Mužinac u serijalu Lepše od Pariza na Balkan Trip TV. ❥ Zapratite nas i drugim društvenim mrežama: ➱ Facebook fan page: ➱ Instagram: ➱ TikTok: ➱ Sajt: Balkan Trip predstavlja potpuno nov osvrt na sve što bi moglo da interesuje jednog turistu u potrazi za idealnim mestom za odmor ili avanturu u regionu. Balkan Trip je najveći izvor informacija iz sveta regionalnog turizma Balkana, pokrivajući vesti i objave od tek otkrivenih etno odmarališta i porodičnih domaćinstava, pa do luksuznih spa centara i elitnih hotela sa renomeom. Ovo je kanal namenjem svetskim putnicima, planinarima, avanturistima, gurmanima i svim ljubiteljima prirode i ugostiteljstva. Ovo je prvi pravi turistički kanal zbog koga ćete zavoleti vazduh, ljude i prizore Balkana i poželeti da spakujete kofere za putovanje! #BalkanTrip ❣ Naše emisije možete pratiti na: ❥ IRIS - 120 ❥ m:SAT - 22 ❥ Supernova - 20 | Umetnost pravljenja burgera! #shorts. Razbijamo mit da brza hrana ne može biti vrhunska. #BrzaHrana #Burger | Spokojni pejzaži, sveti suveniri i sokovi! #shorts. Istražite spokojan manastirski kompleks – od bujnih travnjaka do živopisne prodavnice. Otkrijte domaće džemove, sokove i retke duhovne tekstove koje su preveli monasi. #Manastir #DuhovnaMudrost #VerskiSuveniri | Savršene Palačinke: Tajne Ugostiteljstva i Vrhunska Hrana #shorts. Pocepkane palačinke sa orasima ili bademima, idealne za poneti. Tradicionalno dobro jelo koje se i dalje jede! #Palacinke #Subotica #Hrana #Desert | Ostrog: Najveća Svetinja Balkana i Duhovni Centar Crne Gore #shorts. Ovo nije samo mesto hodočašća, već simbol života i mira u Crnoj Gori. Saznajte zašto se Ostrog više ceni od roditelja. #Ostrog #CrnaGora #Svetinja #Balkan #Cudotvorac | Vrhunsko vino i hrana: Otkrijte savršen spoj! #shorts. Greg, istinski poznavalac vina, deli jednostavnu filozofiju: pijte ono što vam prija. Pravilo broj jedan u svetu vina – uživajte u svakom gutljaju onako kako vama najviše prija. #Vino #VinskiSaveti #ZarkoPaspalj | Kuvanje na BORSKOM JEZERU uz dobro društvo i noćenje u kamperu | Putevi ukusa sa kamperom | BT TV. Putevi ukusa sa kamperom S02 EP01 ❥ Zapratite nas i drugim društvenim mrežama: ➱ Facebook fan page: ➱ Instagram: ➱ TikTok: ➱ Sajt: Balkan Trip predstavlja potpuno nov osvrt na sve što bi moglo da interesuje jednog turistu u potrazi za idealnim mestom za odmor ili avanturu u regionu. Balkan Trip je najveći izvor informacija iz sveta regionalnog turizma Balkana, pokrivajući vesti i objave od tek otkrivenih etno odmarališta i porodičnih domaćinstava, pa do luksuznih spa centara i elitnih hotela sa renomeom. Ovo je kanal namenjem svetskim putnicima, planinarima, avanturistima, gurmanima i svim ljubiteljima prirode i ugostiteljstva. Ovo je prvi pravi turistički kanal zbog koga ćete zavoleti vazduh, ljude i prizore Balkana i poželeti da spakujete kofere za putovanje! #BalkanTrip ❣ Naše emisije možete pratiti na: ❥ IRIS - 120 ❥ m:SAT - 22 ❥ Supernova - 20 | Riblja čorba pripremljena u prirodi ima poseban ukus #balkantrip. ❥ Zapratite nas i drugim društvenim mrežama: ➱ Facebook fan page: ➱ Instagram: ➱ TikTok: ➱ Sajt: Balkan Trip predstavlja potpuno nov osvrt na sve što bi moglo da interesuje jednog turistu u potrazi za idealnim mestom za odmor ili avanturu u regionu. Balkan Trip je najveći izvor informacija iz sveta regionalnog turizma Balkana, pokrivajući vesti i objave od tek otkrivenih etno odmarališta i porodičnih domaćinstava, pa do luksuznih spa centara i elitnih hotela sa renomeom. Ovo je kanal namenjem svetskim putnicima, planinarima, avanturistima, gurmanima i svim ljubiteljima prirode i ugostiteljstva. Ovo je prvi pravi turistički kanal zbog koga ćete zavoleti vazduh, ljude i prizore Balkana i poželeti da spakujete kofere za putovanje! #BalkanTrip ❣ Naše emisije možete pratiti na: ❥ IRIS - 120 ❥ m:SAT - 22 ❥ Supernova - 20 | POMRAČENJE SUNCA 12. 8. 2026. Balkan Trip TV. ❥ Zapratite nas i drugim društvenim mrežama: ➱ Facebook fan page: ➱ Instagram: ➱ TikTok: ➱ Sajt: Balkan Trip predstavlja potpuno nov osvrt na sve što bi moglo da interesuje jednog turistu u potrazi za idealnim mestom za odmor ili avanturu u regionu. Balkan Trip je najveći izvor informacija iz sveta regionalnog turizma Balkana, pokrivajući vesti i objave od tek otkrivenih etno odmarališta i porodičnih domaćinstava, pa do luksuznih spa centara i elitnih hotela sa renomeom. Ovo je kanal namenjem svetskim putnicima, planinarima, avanturistima, gurmanima i svim ljubiteljima prirode i ugostiteljstva. Ovo je prvi pravi turistički kanal zbog koga ćete zavoleti vazduh, ljude i prizore Balkana i poželeti da spakujete kofere za putovanje! #BalkanTrip ❣ Naše emisije možete pratiti na: ❥ IRIS - 120 ❥ m:SAT - 22 ❥ Supernova - 20 | Ulična hrana Novog Beograda: Prava poslastica! #shorts. Istraživanje živopisne i raznovrsne scene ulične hrane u čuvenoj „Gladnoj dolini“ Novog Beograda. Od klasičnih palačinki do jedinstvenih džemova i preliva, prava gozba za čula! #UlicnaHrana #NoviBeograd #Gurman #BrzaHrana | Monasi otkrivaju tajne sorte jabuka u srpskom voćnjaku! #shorts. Prve jabuke, poput sorte Vilijams Prajd, spremne su za berbu! Otkrijte voćnjake i predstojeću berbu. Uskoro će im se pridružiti crvene i zelene sorte. #BranjeVoca #Srbija #Zica | Specijalitet: Ćureći Bataci sa Sedam Začina #shorts. Ćureći bataci sa povrćem se skoro pa gotovi, za nekih pola sata skidamo sa vatre. Pripremljeni sa sedam začina za poseban ukus. #CureciBataci #Hrana #Subotica | Hodočašće na Ostrog: Put Svetinje i Jaka Vera #shorts. Krenite na pešačko putovanje do Gornjeg Manastira. Snažna vera je ključna, čak i ako naiđete na prepreke. Vera nas štiti. #Hodocasce #Duhovnost #Putovanje #Vera #ManastirOstrog | Savršeni Miročki Sir i Plećkica #shorts. Uživajte u jedinstvenom ambijentu uz kremen sir, zelene špargle i patlidžan punjen pinjolima. Prava poslastica za istinske gurmane. Prijatno! #GurmanskiUzici #EkskluzivnaHrana #ZarkoPaspalj | Da li ste posetili ovaj vašar?. ",113000,"{""engagement_rate"": 0.026, ""likes_to_comments_ratio"": 61.29, ""avg_views_per_post"": 2128.2, ""total_views"": 76988628}",,youtube,balkantriptv,lifestyle_general,0.85,"{""eco_conscious"": 0.6, ""luxury_orientation"": 0.7, ""budget_orientation"": 0.4, ""adventure_orientation"": 0.6, ""family_friendly"": 0.7, ""authenticity_signal"": 0.8}",True,"[{""title"": ""Najbolji doručak za energiju: Tajna američke kuhinje! #shorts"", ""caption"": ""Doručak koji daje snagu za ceo dan. Bez klasičnih začina, fokus na jednostavnosti i ukusu. Amerikanci ne koriste beli luk u ovakvim jelima. #Dorucak #Energija #Recepti #SavetiZaIshrane"", ""thumbnail_url"": ""https://i.ytimg.com/vi/55sPPcxM-zQ/hqdefault.jpg"", ""post_url"": ""https://www.youtube.com/watch?v=55sPPcxM-zQ"", ""video_id"": ""55sPPcxM-zQ"", ""platform"": ""YouTube""}, {""title"": ""Otkrijte tajne drevnog zakona u manastiru Žiča! #shorts"", ""caption"": ""Otkrijte freske s početka 14. veka, delo srpskih majstora Evtihija i Mihaila, koji su oslikali i zadužbine kralja Milutina. Njihov rad krasi zidove koji su odoleli zubu vremena, odišući vanvremenskom umetničkom lepotom. #SrpskaUmetnost #SrednjovekovnaIstorija #Freska #IstorijaUmetnosti"", ""thumbnail_url"": ""https://i.ytimg.com/vi/_LWDiULekwI/hqdefault.jpg"", ""post_url"": ""https://www.youtube.com/watch?v=_LWDiULekwI"", ""video_id"": ""_LWDiULekwI"", ""platform"": ""YouTube""}, {""title"": ""Čkajin mali raj u selu Trnavci"", ""caption"": ""❥ Zapratite nas i drugim društvenim mrežama: ➱ Facebook fan page: ➱ Instagram: ➱ TikTok: ➱ Sajt: Balkan Trip predstavlja potpuno nov osvrt na sve što bi moglo da interesuje jednog turistu u potrazi za idealnim mestom za odmor ili avanturu u regionu. Balkan Trip je najveći izvor informacija iz sveta regionalnog turizma Balkana, pokrivajući vesti i objave od tek otkrivenih etno odmarališta i porodičnih domaćinstava, pa do luksuznih spa centara i elitnih hotela sa renomeom. Ovo je kanal namenjem svetskim putnicima, planinarima, avanturistima, gurmanima i svim ljubiteljima prirode i ugostiteljstva. Ovo je prvi pravi turistički kanal zbog koga ćete zavoleti vazduh, ljude i prizore Balkana i poželeti da spakujete kofere za putovanje! #BalkanTrip ❣ Naše emisije možete pratiti na: ❥ IRIS - 120 ❥ m:SAT - 22 ❥ Supernova - 20"", ""thumbnail_url"": ""https://i.ytimg.com/vi/4EmYrn4Zi5Y/hqdefault.jpg"", ""post_url"": ""https://www.youtube.com/watch?v=4EmYrn4Zi5Y"", ""video_id"": ""4EmYrn4Zi5Y"", ""platform"": ""YouTube""}, {""title"": ""Palata Rajhl: Skrivena istorija Gradske kuće u Subotici #shorts"", ""caption"": ""Da li je gradska kuća zaista sagrađena na devetsto devedeset devet drvenih stubova od jele? #GradskaLegenda #Arhitektura #MisterijeGrada #Istorija"", ""thumbnail_url"": ""https://i.ytimg.com/vi/KQxZJIs-6TU/hqdefault.jpg"", ""post_url"": ""https://www.youtube.com/watch?v=KQxZJIs-6TU"", ""video_id"": ""KQxZJIs-6TU"", ""platform"": ""YouTube""}]"
iva_jeremic,"•Iva Rolović | 30 y.o. 🧘🏽‍♀️
•Lifestyle | Fashion | Travel | Mom life 🛼
•TikTok: iva_jeremic_rolovic ✨
•Ivajeremic96@gmail.com 💌","mini best friends ❤️ | Bonjour de Monte-Carlo! 🇲🇨✨🍝❤️‍🔥#montecarlo #friends #love #babies #travel 🧸 | Može li sladje sa ova dva mala čovečuljka? 🫠🍼❤️✈️🇫🇷
..
#babyboy #babygirl #bestfriends #cannes #france | Dve mame, dve bebe i naše prvo zajedničko putovanje! ✈️👶🏼

S obzirom na to da smo nosile milion stvari, P2 parking odmah preko puta Terminala 2 bio je pun pogodak — 24/7 radno vreme, bez stresa i najkraći put do ulaza. Za duža putovanja, super opcija je i P11 Tesla parking sa besplatnim shuttle busom. Sve info potražite na beg.aero. 📍@beg.aero
A sad... Kan, stižemo! Avantura zvanično počinje! ☀️🇫🇷✨ | 36°C, our way 🌳🐢🍋‍🟩🍃🐛
.
.
.
#summer #babyboy #kosmaj #nature | Žene, razumemo li se? 😂🫠
On meni: „Opušteno, samo uživaj!“, a u mojoj glavi – ja ne znam šta ću pre od obaveza! Plus mi se već opasno spava a tek je podne 🫣
Ali ne kaže se za džabe: “Happy wife, happy life!” 🍋✨

Kad mi usred dana treba onaj pravi kiselkasti “BOOM” da me trgne i razbudi – zgrabim hladnu Next Limunadu i pravim plan za ugađanje sebi jer muž kaže “uživaj”💆‍♀️💅

Koliko puta ste i vi čule to čuveno „uživaj“ u momentu najvećeg haosa? 😂 #NextLemonade #FlipTheMoment @nextsokovi
Edited · 6d | Ova gospodja se uželela svoje kuhinje posle letovanja 👩🏽‍🍳
Danas na meniju: moja omiljena Paradise pasta sa svežim čeri paradajzom i bosiljkom 🍅🍝
Pokazujem vam i moj mali trik za piletinu — uvek biram malo deblji file jer tako meso ostane neverovatno sočno iznutra, a spolja dobije savršenu koricu! 🔥
A za desert... pa kakav je to ručak bez “bakinih” palačinki? Mekane, a po ivicama prelepo hrskave — ukus koji vraća u detinjstvo 🥞❤️
Ali, pored dobrih sastojaka i trikova, jako je bitno i U ČEMU pripremate hranu.
Za sve ovo koristim Vitapur HexaPro posuđe i evo zašto je ono moj prvi izbor:
✨ Napravljeno je od vrhunskog nerđajućeg čelika!
✨ HexaPro mrežica: Štiti posudu od ogrebotina, pa ne morate da pazite čime mešate, a hrana i dalje bukvalno klizi!
✨ Samo par kapi ulja: Dovoljna je kap masnoće i baš ništa se ne lepi.
✨ Jednaka toplota: Sve se krčka i peče ravnomerno, bez izgorelih delova.
✨ Može i u rernu: Zbog izdržljivog čelika, posuđe sa šporeta možete ubaciti direktno u rernu.
Svo posudje je dostupno u @vitapur_srbija radnjama ✨ | Došlo je vreme da se za sad oprostimo od ovog raja na zemlji 🏝️🥺❤️

Sejšeli su jedno od onih mesta koje ostaje u srcu dugo nakon povratka kući, a kako ste mi poslali baš mnogo pitanja tokom putovanja, ostavljam vam na jednom mestu naše utiske i nekoliko saveta koji bi vam mogli značiti ako planirate ovo putovanje. ✨

Mi smo putovali sa bebom, pa smo bili malo ograničeni kada je obilazak u pitanju, ali smo za 12 dana uspeli da istražimo tri ostrva.

✈️ Leteli smo rutom Beograd – Dubai – Mahé, a ako planirate Sejšele, moja iskrena preporuka je da karte i smeštaj rezervišete preko @travelboutique.rs ✨
Mi smo hotele prvobitno rezervisali preko Bookinga, a zatim preko Travel Boutique-a dobili znatno bolju ponudu za isti smeštaj. 👏🏽 
A ako bih morala da izdvojim jednu plažu koja je na mene ostavila najjači utisak, to bi bila Anse Georgette. 💙.
#sejšeli #seychelles #travelexperience #travelwithbaby | mi 2024 👫🏽 vs. mi 2026 🧑‍🧑‍🧒
.
.
.
#couple #family #parents #travellingwithkids #serbia | Celog života se divim rutini od 10 koraka... ali ja jednostavno nisam ta devojka. Moja tajna za brzu i laku negu su Nivea Facial 7-u-1 kreme! 💁🏼‍♀️✨
Brzo, jednostavno i bez onog teškog, lepljivog osećaja na licu:
🩵 PLAVA: Moja jutarnja baza sa šea puterom. Koža je instant meka i spremna za šminku.
💗 ROZE: Letnji must-have! Sa SPF 15 i ekstraktom bisera ujednačava ten, daje zdrav sjaj i sprečava bubuljice. ☀️
💙 TAMNOPLAVA: Regeneriše kožu tokom noći dok ja spavam.
Skincare stvarno ne mora da bude komplikovan da bi bio savršen. 🧏🏽‍♀️ @nivea
.
.
#moisturematch #niveafacial #ASMRskincare #lighttexture #keepitsimple",172800,"{""engagement_rate"": 4.14, ""avg_reel_plays"": 208.9, ""avg_likes_per_post"": 8101.0, ""avg_comments_per_post"": 58.33}","Kako se lajkuje svaka fotka? 😍😍😍 | 🥹🥹🥹🫠🫠🫠 topim se | Aaaaa kakvi su medenjaci😍😍😍😍 | Obozavam vas preeeslatki 🍭🍩💗😘 | Stvarno ste mi preslatki,mnogo ste inspirativni,divni ste,lep provod,uzivajte❤️😍👏👏 | Svaka čast, prava ste inspiracija!👏❤️ Imam bebu sličnog uzrasta, znam i sama koliko može biti izazovno putovanje, ali i prelepo.😍😍😍 | Koliko sjajna energija 😍❤️ | Soooo cuteee😍 | Maaa nema ništa lepše 😍😍😍",instagram,iva_jeremic,family_travel,0.94,"{""eco_conscious"": 0.2, ""luxury_orientation"": 0.1, ""budget_orientation"": 0.4, ""adventure_orientation"": 0.3, ""family_friendly"": 0.9, ""authenticity_signal"": 0.85}",True,"[{""caption"": ""mini best friends ❤️"", ""post_url"": ""https://www.instagram.com/p/DbsTR-cjd_f"", ""media_type"": ""image"", ""platform"": ""Instagram""}, {""caption"": ""Bonjour de Monte-Carlo! 🇲🇨✨🍝❤️‍🔥#montecarlo #friends #love #babies #travel 🧸"", ""post_url"": ""https://www.instagram.com/p/DbppJPojblA"", ""media_type"": ""image"", ""platform"": ""Instagram""}, {""caption"": ""Može li sladje sa ova dva mala čovečuljka? 🫠🍼❤️✈️🇫🇷\r\n..\r\n#babyboy #babygirl #bestfriends #cannes #france"", ""post_url"": ""https://www.instagram.com/p/DbnGUB0Dcow"", ""media_type"": ""image"", ""platform"": ""Instagram""}, {""caption"": ""Dve mame, dve bebe i naše prvo zajedničko putovanje! ✈️👶🏼\r\n\r\nS obzirom na to da smo nosile milion stvari, P2 parking odmah preko puta Terminala 2 bio je pun pogodak — 24/7 radno vreme, bez stresa i najkraći put do ulaza. Za duža putovanja, super opcija je i P11 Tesla parking sa besplatnim shuttle busom. Sve info potražite na beg.aero. 📍@beg.aero\r\nA sad... Kan, stižemo! Avantura zvanično počinje! ☀️🇫🇷✨"", ""post_url"": ""https://www.instagram.com/p/DblajggtFii/"", ""media_type"": ""reel"", ""platform"": ""Instagram""}, {""caption"": ""36°C, our way 🌳🐢🍋‍🟩🍃🐛\r\n.\r\n.\r\n.\r\n#summer #babyboy #kosmaj #nature"", ""post_url"": ""https://www.instagram.com/p/DbgPZn2DdS1"", ""media_type"": ""image"", ""platform"": ""Instagram""}]"
jovana_kvrzic,"Blogger
Travel blogger✈️
🇷🇸Best travel influencer 3 years in a row
110+ countries🗺
Pharmacist💊
PhD student👩🏽‍🔬
TEDx speaker ✨
Helping people to travel 🌍","Ako vam se dopada voz kojim putujem prethodnih dana, čekajte tek da vidite ovaj!

Dobro došli u retro voz Ruskeala Ekspres, koji je prava vremenska mašina. Saobraća na potezu od grada Sortavala, naše sledeće stanice, do Parka prirode Ruskeala. Vožnja traje sat vremena i oživljava duh vremena sa kraja 19. i početka 20. veka, a podseća i na scene iz Hari Potera, pa zato mislim da se ova muzika savršeno uklopila.

Ovo je jedini parni voz u Rusiji koji zaista služi kao prevozno sredstvo i ima svakodnevni red vožnje.

U vozu se nalaze i bar i restoran vagon, pa dok iz fotelje gledate karelijske predele i slušate klavir, možete uživati u omiljenom čaju ili kafici.

Pošaljite nekome ko bi uživao u ovakvoj vožnji 🚂. I probajte da ga zamislite zimi 😍.

#ruskeala #ruskeala_park #ruskealaexpress #ruskealamountainpark | ARKTIČKA ŽELEZNICA, dan 5 🚂
📍Petrozavodsk
Stižemo u grad cara Petra Velikog, tačnije njegovu fabriku, jer je Petrozavodsk po osnivanju početkom 18. veka zaista to bio. Car Petar je zamislio da bi lokacija na obali drugog najvećeg jezera u Evropi, jezera Onjega, bila dobra za izgradnju fabrike gvožđa kojim bi se dalje pravilo oružje, topovi, sidra; sve preko potrebno za ratove koje je Rusija tada vodila. Fabrika se brzo pretvorila u naselje, pa u pravi grad u kome danas živi skoro 250.000 ljudi i koji privlači veliki broj turista iz cele Rusije.
Petrozavodsk je glavni grad Republike Karelija, jedne od zvanično 21 ruske republike. Republike u Rusiji su teritorije u kojima određeni narod ili narodi čine značajan deo stanovništva. U Kareliji su to Kareli, narod ugro-finskog porekla, sličan Fincima. Imaju svoj jezik, koji je u ovom delu Rusije, pored ruskog, takođe službeni.
Karelija je poznata po svojim prirodnim lepotama koje smo mogli da iskusimo nedaleko od Petrozavodska. U blizini grada se nalazi velika šuma na brdu Sampo i vodopad Kivač. Predeli kao sa razglednice, sve toliko uređeno i čisto da to ostaje jedan od glavnih utisaka sa ovog putovanja. I naravno, potpuno je jasno da su upravo ovi predeli bili inspiracija za crtani “Maša i Medved”. Da li se slažete?🌲🧸😍
#petrozavodsk #petrozavodskcity #visitpetrozavodsk #kareliya #karelia | Ne čudi što je najviše interesovanja bilo za storije iz jednog od najsevernijih ruskih sela, Teriberku, pa evo i novi video uz par zanimljivih činjenica o životu u njemu:
🌥️Ovo je mesto gde više od 60 dana godišnje traje POLARNI DAN, kada sunce uopšte ne zalazi ispod horizonta, a više od 40 dana POLARNA NOĆ, kada je stalno mrak; jer se nalazi unutar granica Arktičkog kruga
🐳Teriberka je mesto gde se najbolje mogu videti kitovi i orke
🦌Od ostalih životinja koje zimi služe kao prevozno sredstvo, tu su irvasi, losovi i haskiji
🏚️Teriberka je podeljena na stari i novi deo; stari je zanimljiviji turistima jer se u njemu vide ostaci onoga što je Teriberka nekada bila, isključivo ribarsko selo, dok u novom (njega više ima u ovom videu) danas uglavnom žive lokalci, njih 750
❄️Zimi padne i par metara snega, pa stanovnici Teriberke budu danima zarobljeni dok ne dođu vojna vozila da ih “otkopaju”
📚U selu postoji i škola i dom zdravlja i slične ustanove, građene posebnom tehnikom da mogu da izdrže surove klimatske uslove
☃️Život u Teriberki i dalje postoji zbog turizma, ribolova, ali i zbog toga što je ovo praktično jedino mesto gde se drumskim putem može doći do dela Severnog ledenog okeana, Barencovog mora
🧊Zbog tople Golfske struje, voda u moru nikada ne zaledi, pa je zbog toga život i brodski saobraćaj i zimi moguć
OBRATITE PAŽNJU NA VOZILA, ALI I MURALE I JAVITE JESTE LI UOČILI KOSTUR KITA
Pišite mi da li biste mogli da zamislite sebe da živite na jednom ovakvom mestu, a ako ste propustili prirodu koja okružuje ovo selo, pogledajte prethodne objave ✨.
#teriberka #teriberkarussia #visitteriberka #arcticcircle #teriberkatou | ARKTIČKA ŽELEZNICA, dan 4 🚂
📍Murmansk i Teriberka
Ne pitajte me da li sam umorna i koliko sam spavala noć pre. Jesam jako, spavala sam 2 sata jer sam gotovo celu noć gledala kroz prozor. Polarni dan se ukazao u svom punom sjaju, a alarm je zvonio već u 5 ujutru. Voz stiže u Murmansk u 6, kada je i pokret jer nas čeka dug dan i puno kilometara.
Kroz Murmansk imamo samo panoramsko razgledanje, dovoljno da se stekne naznaka života u najvećem gradu u Arktičkom krugu, u koji ljudi najviše dolaze zbog posla. Hvala svim našim ljudima koji su pomogli da reportaža bude vernija i podelili utiske života u jednom od mesta sa najsurovijim klimatskim uslovima na našoj planeti.
Na putu od Murmanska to Teriberke (udaljenost je stotinjak km) smo stali u popularno Aurora selo, posebno zanimljivo zimi kada je skoro sve vreme mračno, ali zato nebom dominira Aurora Borealis, polarna svetlost. Ako ste me pratili tokom putovanja na Island (oktobar/novembar 2024.) možete videti kako to izgleda, ako niste, a zanima vas, sve priče su sačuvane.
Pre 11 već stižemo u Teriberku, kako je zovu, poslednje rusko selo pred Arktik i jedno od najsevernijih naseljenih mesta. Teriberka se nalazi na obali Barencovog mora koje se uliva u Severni Ledeni okean i sledeće kopno posle nje je Arktik, nema dalje. O Teriberci imate više informacija u prethodnom videu.

Pitate me i kakva je temperatura ovde i da li je sada jako hladno. Možda deluje da jeste, ali zapravo i nije toliko. Temperatura je oko 15 stepeni, a kada je sunčano, zna da pređe i 25. Tako da, kada je kod njih leto, osećaj je kao naše proleće/jesen.

Pišite mi kako vam se dopada Teriberka i da li mislite da vredi prevaliti ovoliki put da se vidi? Meni upravo ta udaljenost daje egzotičnost i dodatnu želju da je “dosegnem” jer znam koliko je sa jedne strane nepristupačna, a sa druge ipak vrlo uslovna za život i turizam.

Ovo je najsevernija tačka na mom putovanju vozom, sada me čekaju još 2 dana u vozu, 3 nove lokacije i povratak u Moskvu…

#teriberka #murmansk #teriberkavillage #teriberkarussia #visitteriberka | ko ste ikada zamišljali kako izgleda “kraj sveta”, sada sa severne strane naše planete, u ovim kadrovima možete videti da li ste pogodili.

Dobro došli u Teriberku, poslednje rusko selo pred Severni ledeni okean i arktički beskraj.

Do Murmanska, poslednjeg velikog grada pred Teriberku sam posle 3 dana od Moskve stigla vozom (ako ste propustili priče, sve je sačuvano na profilu) i onda još 2 sata autobusom.

Teriberka je oduvek bila ribarsko selo jer se zbog tople Golfske struje, Barencovo more na čijim obalama leži, nikada ne zaledi u potpunosti i tokom cele godine je pogodno za pecanje. Ovde po zvaničnom popisu stanovništva živi svega 750 ljudi.

Teriberka je turističku popularnost stekla pre svega desetak godina, posle snimanja filma “Levijatan” koji govori o problemima ruskog društva. U filmu se pojavljuju nestvarni predeli arktičkog dela Rusije i od tada zainteresovanost za posetu velikom brzinom raste.

Ovo severno rusko selo je jedan od i dalje netaknutih delova naše planete i u narednim objavama sa vama delim zašto biste trebali da je stavite na listu obaveznih mesta za posetiti. Pišite mi da li vas je ovaj uvodni video već zainteresovao 🐳🌥️🚪.

#teriberka #russiannorth #visitteriberka #teriberkarussia #russiatravel | Spoj umetnosti, tradicije i elegancije, simbol Moskve, pa i cele Rusije još od sredine 19. veka, kako mu i samo ime kaže (veliki) Boljšoj teatar je poslednja stanica u Moskvi pre nego što krenem na sedmodnevno putovanje ka samom severu zemlje.

Sada mi deluje neverovatno da je toliko vremena prošlo, ali u Boljšoju sam bila već nekoliko puta i to pre skoro 20 godina, kada sam kao šesnaestogodišnja devojčica bila na učeničkoj razmeni u Moskvi. Zahvaljujući tome, imala sam takozvani “студенческий билет” (studentsku karticu) uz koju su ulazi na gotovo sve turističke lokacije i atrakcije bili besplatni ili sa velikim popustom. Za Boljšoj je važilo sledeće; dođemo pola sata pred početak predstave, čekamo na blagajni da vidimo da li je ostalo slobodnih mesta i ako jeste, uz studentsku karticu uđemo u pozorište po ceni jedne kafe. Zahvaljujući ovoj inicijativi, već tada sam imala prilike da, između ostalog, gledam Labudovo jezero na veličanstvenoj istorijskoj sceni Boljšoj teatra.
Studentsku karticu više nemam, a kupovina karata za Boljšoj je sada pravi podvig. Ukoliko želite da gledate neku atraktivnu operu ili balet na istorijskoj sceni (onoj crveno zlatnoj), karte je potrebno kupiti i mesec dana ranije, a cene karata kreću od 200 €. Karte je za nas nemoguće platiti online, tako da jedina opcija ostaje da poznajete nekog u Rusiji ko bi to za vas učinio ili dođete na blagajnu kada stignete, ako slučajno neka ostane.
Jedini datum kada sam mogla da odem u Boljšoj prilikom ove posete, nije bilo predstave na istorijskoj sceni, tako da sam gledala operu na novoj sceni. Prijateljica je pomogla oko karata i gledale smo Mocartovu operu “Tako čine sve ili Škola za zaljubljene”, komediju sa veoma zanimljivom tematikom.
Posle opere koja je trajala skoro 4 sata, večera u @mollusca.moscow restoranu za potpuni ugođaj i nazad u hotel na pakovanje…
#bolshoitheatre #bolshoitheater #moscowtheatre #moscownight #visitmoscow | Kada spomenem Meksiko, a pogotovo Meksiko Siti, često dobijem pitanje: “Kako se ne bojiš?”. Blago se osmehnem, a onda odgovorim, bez da zvuči previše pretenciozno, ali kako da se bojim Meksika posle Avganistana, Venecuele, Centralnoafričke Republike i ostalih “opasnih” zemalja.

Ali svakako da razumem strah i one koji imaju predrasude i ne kažem da ne budete obazrivi, pogotovo noću, ali dajte šansu. Ovaj dan sam provela sama i koliko god da je lepo u društvu, moram da priznam da su mi nedostajali i solo trenuci na putovanjima.

Jedini problem, nije bilo lako dobiti savršenu fotografiju, ali na kraju mislim da nisam loše prošla.

U ovoj objavi imate jedan mini vodič za par kvalitetnih sati u Meksiko Sitiju, ako ste samo u prolazu, u njegovom istorijskom delu grada (Centro Historico). Cene ulaznica, tamo gde se plaćaju, nisam pisala jer su zaista simbolične (po 2-3 €).
Ako ste bili u ovom gradu, dopunite listu i pišite šta vam se najviše dopalo. Ja sam i dalje pod utiskom izgleda pošte (detaljnije o samoj pošti imate u prethodnom videu) ✨📜🕰️.
#centrohistoricocdmx #palaciodebellasartes #mexicocitytravel #mexicocitytour #visitmexicocity | Da li se slažete sa mnom da je ovo najlepša zgrada pošte na svetu? 🥹
A ako ne, želim da znam gde ste videli lepšu?

Glavna pošta u Meksiko Sitiju (na španskom Palacio Postal ili Palacio de Correos) je istovremeno i muzej i više informacija imate na njihovom profilu @palacio.postal.museo .

U zgradu možete ući i videti je iako ne platite ulaznicu jer i dalje radi kao prava pošta, ali savetujem da ipak uzmete i ulaznicu koja košta svega 3-4 € i sa kojom možete proći kroz sve spratove, a dobijete i razglednicu za uspomenu.

Pošaljite video svom ljubitelju lepe arhitekture 😍.

#palaciopostal #palaciodecorreos #mexicocitypostoffice #postoffice #mexicocitytravel | Da li ste znali da je jedno od najsvetijih mesta za katolike i ujedno i najposećenije posle Vatikana, upravo u Meksiku?

Legenda kaže da se na brdu Tepejak, koje se nalazi na severu Meksiko Sitija, skromnom seljaku, jednog decembra sredinom 16. veka, ukazala Bogorodica i rekla da želi da se tu podigne crkva. Pričamo o periodu kolonizacije Meksika, pa je ova vest itekako išla u korist Špancima, jer je seljak bio domorodac koji je nedavno primio hrišćanstvo. Tadašnji biskup mu ipak nije poverovao i kao dokaz je tražio cveće. Cveća u decembru nigde nije bilo, ali je Bogorodica seljaku rekla da krene put vrha brda, gde je našao karakteristične kastiljske ruže i doneo ih biskupu. Ruže je sakrio u svom ogrtaču, a kada ga je otvorio, ruže su ispale, a na tkanini ogrtača se pojavila slika Bogorodice. Biskup više nije sumnjao i naredio je da se na mestu gde se Bogorodica prvi put ukazala, njena želja i ispuni.

Danas je tu ceo kompleks svetinja, a najlepša i najvažnija je Bazilika Bogorodice od Gvadalupe.
Kako je ovo brdo pre dolaska Španaca bilo važno domorodačko svetilište i simbol astečkih bogova, Tepejak se danas smatra lokacijom koja oslikava bogati i raznoliki meksički identitet. Svakog decembra, na datum kada se Bogorodica prvi put ukazala, ovde dolaze milioni hodočasnika; i u crkvu, u znak poštovanja, ulaze na kolenima (zanimljivo je da mnogi dolaze pešaka i na kolenima prelaze i stotine kilometara).

Ljudi izrazito veruju u čudotvorne moći ovog mesta, pa donose predmete na osveštavanje i mole se za svoje bolesne u nadi da će im Bogorodica doneti ozdravljenje. I danas se ovde pletu i prodaju kastiljske ruže, a ja sam od pletilja kupila i lutkicu za mamu.

Tepejak je najbolje obići u povratku sa Teotivakana, a posle toga nam je ostalo vremena i za ručak u restoranu sa pogledom na Trg Republike @chachacha.restaurantes na kom se nalazi Spomenik revolucije, svojevrsan mauzolej u kome su sahranjeni neki od najznačajnijih vođa Meksičke revolucije (poslednje fotografije u objavi); pa vam ovo sa Teotivakanom čini jedan sadržajan dan u MS 💛🌻💒.


#tepeyac #tepeyacméxico #méxicocity #mexicocity #mexicotravel | Jedan od onih trenutaka; uf, kako ovo započeti i opisati?!

Sinoć smo sa skoro 90.000 ljudi na kultnom stadionu Azteka u Meksiko Sitiju na kome su se održala 3 svetska prvenstva i milionima ljudi na ulicama (pogledajte objavu do kraja) proslavljali istorijski trenutak reprezentacije Meksika i njihov prolazak u osminu finala ovogodišnjeg Svetskog prvenstva u fudbalu.

Znate, da mi je neko rekao, neće ti smetati kiša, u kabanici ćeš satima špartati po ulicama, gledati i ŽIVETI fudbal, rekla bih mu da nastavi da sanja. E to ovaj sport radi i ne mogu biti zahvalnija na prilici da sve ovo doživim uživo.

Euforija u Meksiku oko fudbala ima malo drugačiju notu. Juče je većina javnih ustanova i firmi bila zatvorena jer je juče ceo Meksiko disao za fudbal. Okupljanje na ulicama je počelo u ranim jutarnjim satima i teško je reći da li je bolja atmosfera bila napolju ili na stadionu. Utakmica je počela sa sat vremena zakašnjenja zbog grmljavine, na čemu sam sada zahvalna, jer smo dobili još sat vremena atmosfere.

Povratak sa stadiona je bio priča za sebe jer smo u jednom trenutku samo zaustavili kombi i krenuli pešaka. Nije bilo svrhe nastavljati vozilom, ulice su sinoć imale svoja pravila.

Nadam se da preko ovih fotografija i snimaka uspevate da osetite energiju Meksikanaca i neka ovo bude podsetnik da je sve moguće ✨.

#fifaworldcup #mexicocity #aztecastadium #ᴡᴏʀʟᴅᴄᴜᴘ2026 #worldcupmexico",172400,"{""engagement_rate"": 1.98, ""avg_reel_plays"": 48500.0, ""avg_likes_per_post"": 3240.0, ""avg_comments_per_post"": 175.0}","Voz iz mojih snova 🥰🚂💓 | Mene je odmah podsetio na film ""Sibirski berberin"". 😍😍😍 Magicno!!🥹❤️ | Blagose vama divno je to doživjeti.Sretan vam put.👍 | Koliko je lepooooo! 😍 Kada bismo cuvali prirodu.... svuda bi mogla biti bajka ! I Masa i medved! 😍😍😍😍 | Sve izgleda tako zanimljivo 😍 | Podsjeca me na strasilo 😃ali elegantno i sa stilom. 😃 | Baš uživam u svemu što postavljaš sa ovog putovanja! 😍 Mnogo me lepe uspomene vežu za Teriberku. Ja sam išao tamo dok je bila polarna noć i skroz je drugi vajb u odnosu na tvoje doživljaje. | Svako Vase putovanje je carobnom kada date ovako lep putopis. Uzivajte Jovana, to je dar zivota ono sto Vi imate. ❤️👏 | Drago mi je da si objavio video o ovom mestu jer ja kada sam bio tamo samo sam fotografisao. I par restorana znači puno kad već ode na ovo zanimljivo mesto.",instagram,jovana_kvrzic,adventure_extreme,0.9,"{""eco_conscious"": 0.6, ""luxury_orientation"": 0.2, ""budget_orientation"": 0.3, ""adventure_orientation"": 0.8, ""family_friendly"": 0.4, ""authenticity_signal"": 0.9}",True,"[{""caption"": ""Ako vam se dopada voz kojim putujem prethodnih dana, čekajte tek da vidite ovaj!\r\n\r\nDobro došli u retro voz Ruskeala Ekspres, koji je prava vremenska mašina. Saobraća na potezu od grada Sortavala, naše sledeće stanice, do Parka prirode Ruskeala. Vožnja traje sat vremena i oživljava duh vremena sa kraja 19. i početka 20. veka, a podseća i na scene iz Hari Potera, pa zato mislim da se ova muzika savršeno uklopila.\r\n\r\nOvo je jedini parni voz u Rusiji koji zaista služi kao prevozno sredstvo i ima svakodnevni red vožnje.\r\n\r\nU vozu se nalaze i bar i restoran vagon, pa dok iz fotelje gledate karelijske predele i slušate klavir, možete uživati u omiljenom čaju ili kafici.\r\n\r\nPošaljite nekome ko bi uživao u ovakvoj vožnji 🚂. I probajte da ga zamislite zimi 😍.\r\n\r\n#ruskeala #ruskeala_park #ruskealaexpress #ruskealamountainpark"", ""post_url"": ""https://www.instagram.com/p/DbsXrbRKIuL/"", ""media_type"": ""reel"", ""platform"": ""Instagram""}, {""caption"": ""ARKTIČKA ŽELEZNICA, dan 5 🚂\r\n📍Petrozavodsk\r\nStižemo u grad cara Petra Velikog, tačnije njegovu fabriku, jer je Petrozavodsk po osnivanju početkom 18. veka zaista to bio. Car Petar je zamislio da bi lokacija na obali drugog najvećeg jezera u Evropi, jezera Onjega, bila dobra za izgradnju fabrike gvožđa kojim bi se dalje pravilo oružje, topovi, sidra; sve preko potrebno za ratove koje je Rusija tada vodila. Fabrika se brzo pretvorila u naselje, pa u pravi grad u kome danas živi skoro 250.000 ljudi i koji privlači veliki broj turista iz cele Rusije.\r\nPetrozavodsk je glavni grad Republike Karelija, jedne od zvanično 21 ruske republike. Republike u Rusiji su teritorije u kojima određeni narod ili narodi čine značajan deo stanovništva. U Kareliji su to Kareli, narod ugro-finskog porekla, sličan Fincima. Imaju svoj jezik, koji je u ovom delu Rusije, pored ruskog, takođe službeni.\r\nKarelija je poznata po svojim prirodnim lepotama koje smo mogli da iskusimo nedaleko od Petrozavodska. U blizini grada se nalazi velika šuma na brdu Sampo i vodopad Kivač. Predeli kao sa razglednice, sve toliko uređeno i čisto da to ostaje jedan od glavnih utisaka sa ovog putovanja. I naravno, potpuno je jasno da su upravo ovi predeli bili inspiracija za crtani “Maša i Medved”. Da li se slažete?🌲🧸😍\r\n#petrozavodsk #petrozavodskcity #visitpetrozavodsk #kareliya #karelia"", ""post_url"": ""https://www.instagram.com/p/Dbq1qonkWlK"", ""media_type"": ""image"", ""platform"": ""Instagram""}, {""caption"": ""Ne čudi što je najviše interesovanja bilo za storije iz jednog od najsevernijih ruskih sela, Teriberku, pa evo i novi video uz par zanimljivih činjenica o životu u njemu:\n🌥️Ovo je mesto gde više od 60 dana godišnje traje POLARNI DAN, kada sunce uopšte ne zalazi ispod horizonta, a više od 40 dana POLARNA NOĆ, kada je stalno mrak; jer se nalazi unutar granica Arktičkog kruga\n🐳Teriberka je mesto gde se najbolje mogu videti kitovi i orke\n🦌Od ostalih životinja koje zimi služe kao prevozno sredstvo, tu su irvasi, losovi i haskiji\n🏚️Teriberka je podeljena na stari i novi deo; stari je zanimljiviji turistima jer se u njemu vide ostaci onoga što je Teriberka nekada bila, isključivo ribarsko selo, dok u novom (njega više ima u ovom videu) danas uglavnom žive lokalci, njih 750\n❄️Zimi padne i par metara snega, pa stanovnici Teriberke budu danima zarobljeni dok ne dođu vojna vozila da ih “otkopaju”\n📚U selu postoji i škola i dom zdravlja i slične ustanove, građene posebnom tehnikom da mogu da izdrže surove klimatske uslove\n☃️Život u Teriberki i dalje postoji zbog turizma, ribolova, ali i zbog toga što je ovo praktično jedino mesto gde se drumskim putem može doći do dela Severnog ledenog okeana, Barencovog mora\n🧊Zbog tople Golfske struje, voda u moru nikada ne zaledi, pa je zbog toga život i brodski saobraćaj i zimi moguć\nOBRATITE PAŽNJU NA VOZILA, ALI I MURALE I JAVITE JESTE LI UOČILI KOSTUR KITA\nPišite mi da li biste mogli da zamislite sebe da živite na jednom ovakvom mestu, a ako ste propustili prirodu koja okružuje ovo selo, pogledajte prethodne objave ✨.\n#teriberka #teriberkarussia #visitteriberka #arcticcircle #teriberkatou"", ""post_url"": ""https://www.instagram.com/p/DbqdyR-qKI1/"", ""media_type"": ""reel"", ""platform"": ""Instagram""}, {""caption"": ""ARKTIČKA ŽELEZNICA, dan 4 🚂\r\n📍Murmansk i Teriberka\r\nNe pitajte me da li sam umorna i koliko sam spavala noć pre. Jesam jako, spavala sam 2 sata jer sam gotovo celu noć gledala kroz prozor. Polarni dan se ukazao u svom punom sjaju, a alarm je zvonio već u 5 ujutru. Voz stiže u Murmansk u 6, kada je i pokret jer nas čeka dug dan i puno kilometara.\r\nKroz Murmansk imamo samo panoramsko razgledanje, dovoljno da se stekne naznaka života u najvećem gradu u Arktičkom krugu, u koji ljudi najviše dolaze zbog posla. Hvala svim našim ljudima koji su pomogli da reportaža bude vernija i podelili utiske života u jednom od mesta sa najsurovijim klimatskim uslovima na našoj planeti.\r\nNa putu od Murmanska to Teriberke (udaljenost je stotinjak km) smo stali u popularno Aurora selo, posebno zanimljivo zimi kada je skoro sve vreme mračno, ali zato nebom dominira Aurora Borealis, polarna svetlost. Ako ste me pratili tokom putovanja na Island (oktobar/novembar 2024.) možete videti kako to izgleda, ako niste, a zanima vas, sve priče su sačuvane.\r\nPre 11 već stižemo u Teriberku, kako je zovu, poslednje rusko selo pred Arktik i jedno od najsevernijih naseljenih mesta. Teriberka se nalazi na obali Barencovog mora koje se uliva u Severni Ledeni okean i sledeće kopno posle nje je Arktik, nema dalje. O Teriberci imate više informacija u prethodnom videu.\r\n\r\nPitate me i kakva je temperatura ovde i da li je sada jako hladno. Možda deluje da jeste, ali zapravo i nije toliko. Temperatura je oko 15 stepeni, a kada je sunčano, zna da pređe i 25. Tako da, kada je kod njih leto, osećaj je kao naše proleće/jesen.\r\n\r\nPišite mi kako vam se dopada Teriberka i da li mislite da vredi prevaliti ovoliki put da se vidi? Meni upravo ta udaljenost daje egzotičnost i dodatnu želju da je “dosegnem” jer znam koliko je sa jedne strane nepristupačna, a sa druge ipak vrlo uslovna za život i turizam.\r\n\r\nOvo je najsevernija tačka na mom putovanju vozom, sada me čekaju još 2 dana u vozu, 3 nove lokacije i povratak u Moskvu…\r\n\r\n#teriberka #murmansk #teriberkavillage #teriberkarussia #visitteriberka"", ""post_url"": ""https://www.instagram.com/p/DboLihBkUpI"", ""media_type"": ""image"", ""platform"": ""Instagram""}, {""caption"": ""ko ste ikada zamišljali kako izgleda “kraj sveta”, sada sa severne strane naše planete, u ovim kadrovima možete videti da li ste pogodili.\n\nDobro došli u Teriberku, poslednje rusko selo pred Severni ledeni okean i arktički beskraj.\n\nDo Murmanska, poslednjeg velikog grada pred Teriberku sam posle 3 dana od Moskve stigla vozom (ako ste propustili priče, sve je sačuvano na profilu) i onda još 2 sata autobusom.\n\nTeriberka je oduvek bila ribarsko selo jer se zbog tople Golfske struje, Barencovo more na čijim obalama leži, nikada ne zaledi u potpunosti i tokom cele godine je pogodno za pecanje. Ovde po zvaničnom popisu stanovništva živi svega 750 ljudi.\n\nTeriberka je turističku popularnost stekla pre svega desetak godina, posle snimanja filma “Levijatan” koji govori o problemima ruskog društva. U filmu se pojavljuju nestvarni predeli arktičkog dela Rusije i od tada zainteresovanost za posetu velikom brzinom raste.\n\nOvo severno rusko selo je jedan od i dalje netaknutih delova naše planete i u narednim objavama sa vama delim zašto biste trebali da je stavite na listu obaveznih mesta za posetiti. Pišite mi da li vas je ovaj uvodni video već zainteresovao 🐳🌥️🚪.\n\n#teriberka #russiannorth #visitteriberka #teriberkarussia #russiatravel"", ""post_url"": ""https://www.instagram.com/p/Dbk9jqhNOws/"", ""media_type"": ""reel"", ""platform"": ""Instagram""}]"
lenaastef,"Moji utisci sa putovanja & svakodnevni momenti
🎤 Licencirani turistički vodič
👩🏼‍🎓 PhD studentkinja turizma","Nije nas obeshrabrilo to što nije idealno kada se u Boki nađete bez automobila, pa smo strpljivo sačekale autobus koji vozi od Tivta do Kotora i izašle u Prčnju nakon prelepe vožnje duž obale. Prelepe verovatno svima osim vozačima jer su pojedini delovi zeznuti za mimoilaženje. 🤭
Ovde smo došle da vidimo Bogorodičin hram, najveću katoličku crkvu u Boki čija je gradnja počela još u 18. veku prema projektu jednog venecijanskog arhitekte.
Crkva se trenutno obnavlja, ali je divno videti je i spolja + pogled ispred nje je fantazija!

U Prčnju smo doručkovale i (kasnije) ručale u konobi Vila Marija uz more. Nismo se mogle nagledati pogleda na planine i more pa smo većinu dana provele u kupanju i izležavanju u hladu upravo kraj te konobe. I moram reći da iako sam ja neko ko je uvek više za aktivan odmor, ipak prija imati nekad i ovako laganini dane. 💛 | Ovaj grad u Poljskoj sam posetila prošle nedelje na mojoj vodičkoj turi i iznenadilo me je koliko je lep i zabavan. Bila sam svega par sati, nisam uspela mnogo da snimim, snimci koje vidite u ovom Reel-u su sve što imam, ali nadam se ponovnoj poseti da bih mogla natenane da ga doživim.

U Vroclav možete doći na dnevni izlet iz Krakova ili direktnom letom iz Sofije i Budimpešte.

Dok hodate njegovim ulicama neminovno ćete primetiti mini statue patuljaka u različitim aktivnostima - kako se fotografišu, peku roštilj, plešu, penju se uz bandere, udvaraju se, putuju… Postali su moderni simbol grada zbog borbe protiv komunističkog režima 80ih i sada su svuda. Ima ih preko 600 u celom gradu!

Obavezno posetite Rynek, ogromni šareni gradski trg, a u njegovoj blizini je katedrala Marije Magdalene i u nju obavezno uđite i zavirite na most koji povezuje njene dve kule i pruža prelep pogled na grad!

Sa centralnog trga se uputite u šetnju do Ostrva katedrala, šetnja kraj reke Odre do tamo je predivna, kao i sam kraj! A na ostrvu ispred glavne katedrale se obavezno nađite 30-45 minuta pred zalazak sunca jer baš tada stari grad postaje osvetljen lampama na gas i to ručno, što je jedna od poslednjih destinacija u Evropi gde to možete videti.

A da li ste vi bili u Vroclavu i kakvi su vam utisci? 🧙🏻‍♀️ | Prethodnih desetak dana bila sam u Mađarskoj, Slovačkoj, Austriji, Češkoj i Poljskoj, pa evo nekih finih predloga gde možete popiti piće kada otputujete tamo.☕️ Pišite mi slobodno vaša omiljena pa da znam za idući put! 😍 | Sta videti u Pragu? 🏰
Krenite obilazak od Praškog dvorca jer ako krenete obrnuto uspon do istog ćete dugo pamtiti. Usput ćete videti katedralu Svetog Vita i prelep pogled na ceo grad. Kafu popijte na prelepoj terasi Lobkowicz Palace.

Dok se spuštate ka Karlovom mostu videćete najužu ulicu na svetu i zanimljivu fontanu ispred Kafkinog muzeja.

U ovom delu grada preporučujem i Wallenstein palace gde je besplatan ulaz, a bašta leti je prelepa. Možete i posetiti i baštu Vrtba koju sam juče prvi put videla i oduševila se (plus nema gužve!).

Kada pređete čuveni Karlov most sačekaće vas Klementinum, gde ćete pronaći jednu od najlepših biblioteka na svetu. Obavezno što pre online kupite karte za turu razgledanja.

Produžite ka Astronomskom satu, najstarijem na svetu koji je i dalje u funkciji i potrudite se da tu budete u okrugli sat. Starogradski trg kod kog se nalazi sat je takođe prelep! Na samo 15ak minuta hoda odatle nalazi se Výtopna Railway Restaurant, restoran gde vam narudžbina stiže na voziću.

Krstarenje rekom Vlatovom zaista vredi, potrudite se da odaberete ono u vreme zalaska sunca. ☺️

Po gradu se lako možete kretati javnim prevozom, za metro imate mašine na stanicama, a za tramvaje i autovuse imate mašine unutar njih.

Ovo su neke osnovne preporuke, Prag naravno nudi još punoo toga, ali i sama šetnja bez plana centrom ovom lepotom od grada je dovoljna da vas obori sa nogu kao mene na maturskoj ekskurziji pre 13 godina. 🥰 | Bili smo na samo pola sata od kuće, a isključili smo se kao da smo mnogo dalje. 🧘🏻 Mini vikend beg u @movenpickfrusketerme je bio pun pogodak!

Kada smo ušli u kompleks imala sam utisak da ne znam gde bih pre, ali ipak mi je nekako najviše legla Zona za odrasle gde je išla super muzika i gde se u Riviera baru mogu probati super kokteli, a deo ponude za vikend je bila i hrana spremljena na roštilju na licu mesta.

Bazeni sa panoramskim pogledom su nam toliko okupirali pažnju da umalo da zaboravimo otići u wellnes centar sa velikim brojem sauna, slanom sobom, vodenim krevetima, ruskom banjom... pa smo tu bili samo na kratko pred odlazak i zaključili da se moramo vratiti ubrzo. ☺️

Postoji više hotela u okviru resorta, a mi smo bili u Adults Only Premier Aqua koji ima predivan pogled na prirodu, fenomenalan doručak, a najviše bih istakla jako ljubazno i nasmejano osoblje koje i ovako javno moram pohvaliti. ❤️

Što se tiče cena smeštaja i dnevnih ulaznica, sve možete lako proveriti na njihovom sajtu, a pišite slobodno u komentarima ako sam nešto propustila reći. | Pre par godina gledala sam ovde na IG strane travel blogere kako uživaju na ovakvim bazenima na Mikonosu i delovalo mi je doslovno nerealno da ću se nekad i ja naći tu. 🥹 Čak sam i zaboravila na to dok @travelagent.katarina pred put nije pomenula da ćemo najverovatniji otići u Zumu. Nisam imala ideju šta je Zuma, ali kada sam ukucala da vidim na šta misli, rekla sam joj: okej, molim te da idemo! Nadam se da među vama ima neki infinitypool fan koji će me razumeti. 🤭

Inače, da biste ušli u ovaj kompleks bar/restoran sa bazenom u bilo koje doba dana potrebna je rezervacija. Najlepše je tokom zalaska sunca, ali upravo je tada najteže naći mesto plus najskuplje.

Mi smo bile tokom dana i ako vi odradite isto moj savet vam je da ne planirate dugo ostajanje jer je velika mana to što nema suncobrana i hlada. 2-3 sata za neki lagani ručak i uživanje u bazenu je skroz okej.

Tokom dana se ulaz naplaćuje zavisno od toga gde sedite, primera radi kreveti na bazenima su 85€ po osobi, a stolovi nedaleko od njih 35. Minimalna konzumacija tokom dana nije određena, ali očekujte jače cene za šta god se odlučili. Hrana im je inspirisana japanskom kuhinjom i ovde sam probala najbolji poke bowl u životu (mada je količinski mogao biti bogatiji).

Sve u svemu, ako volite ovakva mesta vredno je posete. ☺️🍸 | Mini vodič za Mikonos + album najdražih fotografija 🇬🇷

Za početak, što se tiče smeštaja definitivno je dobar izbor odsesti negde blizu glavnog mesta ili u Ornosu, nije loše odabrati ni Platis Gialos. Ako iznajmite auto možete gde god, ostrvo nije veliko.

🏖️ Neke od plaža za preporuku:
pored onih u Ornosu i Platis Gialos, tu su i Elia Agios Ioannis, Agios Stefanos, Kalo Livadi, Agios Sstis.

🍸 Šta još raditi na Mikonosu?
Naravno, istraživanje starog grada je nezaobilazno, ljubitelji šopinga će tu baš uživati, ali još više ljubitelji spektakularnih zalazaka sunca.
Za to je pravo mesto Mala Venecija gde možete otići na piće ili večeru ali obavezno napravite rezervaciju. Kraj Male Venecije videćete i čuvene mlinove. Opet za dobar zalazak možete na listu staviti i lokaciju Bonis Windmill.

💃🏻 Što se tiče izlazaka po kojima je Mikonos poznat, za to sa razlogom kažu da je Scorpios glavno mesto. Mi smo bile na dnevnoj žurci u vreme zalaska sunca i atmosfera je baš bila kul i opuštena. Čak je išla i Lela Vranjanka u nekom house-violina izdanju.
Pre dolaska obavezno proverite da li to veče ima kao uslov minimalna konzumacija pića za ulaz. Dan koji je @travelagent.katarina odabrala da dođemo je bio dan kada smo doslovno mogle samo popiti po piće ili čak ni to ako ne želimo.

U drugim klubovima nisam bila, ali mi je jedna od devojaka iz grupe pokazala atmosferu prošle godine u Interni-ju i iskreno čak i ja koja odavno nisam fan kasnih izlazaka sam poželela da sam ipak otišla tamo.

Za kraj da li Mikonos može da se odradi i na budžetu? Apsolutno da, iako zaista jeste jedno od najskupljih ostrva u Grčkoj postoji dosta ekonomičnijih opcija i za hranu i za smeštaj kada dođete ovde.☺️ | Da se ne ureknem, nikada do sada mi nisu izgubili/kasno dostavili kofer, ali mojim saputnicima jesu i to više puta. Rekord je bio u Japanu, kada su moji saputnici skoro 5 dana čekali svoje kofere i napravili grešku i nisu spakovali bukvalno ništa u ranac da se osiguraju bar sa osnovnim stvarima dok čekaju kofer da stigne, pa evo moje liste.

Na njoj se nalaze stvari koje uvek imam u rancu, a među njima je najpraktičnija stvar za putovanja Curaprox Travel set koji je moj verni saputnik već par godina.

Toliko je mali i lagan da može stati i u džep, a sadrži sve što vam treba za oralnu higijenu i to za više dana. Možete ga nabaviti direktno na Curaprox Srbija online shop-u curaprox.rs , apotekama ili u nekoj od drogerija.

A bez čega u vašem ručnom prtljagu vi ne krećete na put? ✈️

@curaprox.srbija | Juče smo proveli jedno prelepo kasno popodne u @polja_lavande_lavandija 💜 Iz Beograda se ovde stiže za sat, a nama je iz Novog Sada bilo potrebno nekih sat i 20 minuta do Lavandije koja se nalazi u selu Varna kraj Šapca.

Kao neko ko je skoro 10 godina u turizmu, ostala sam oduševljena sa koliko smisla, entuzijazma i ljubavi su od jednog ,,običnog” placa napravili bajku. A pritom, sezona lavande je na samom početku, u većem delu imanja tek treba da bude ,,u punom sjaju”. 🪻

Svakako, sigurno ćemo se i vratiti ovde i dovesti prijatelje, i to ne samo zbog lavande već i zbog neverovatnog zalaska sunca i veoma gostoprimljivih domaćina. ☺️ | Kada kupite avio kartu za Nicu, definitivno se ne morate zadržati samo u ovom gradu. Zapravo, možete je obići za jedno jutro i uputiti se dalje ka drugim gradovima Azurne obale. 🩵

Ako obilazite više od 2 grada definitivno vam se isplati uzeti trodnevnu (ili čak sedmodnevnu) kartu za regionalne vozove. Ta za tri dana košta oko 35€.

A gradovi koje možete obići su:
- Kan
- Antib
- Sen Pol de Vans
- Ez
- Monte Karlo
- Menton

Sva ova mesta se relativno brzo mogu obići tako da možete bez problema obići i do 3 po danu, a od svih koje sam videla meni je Menton (koji je zastupljen na fotografijama iznad) favorit. 🥰",58200,"{""engagement_rate"": 3.12, ""avg_reel_plays"": 28300.0, ""avg_likes_per_post"": 1577.0, ""avg_comments_per_post"": 65.0}","Uživanje za sva čula, Boka je predivna 😍❤️ | Kad vidim ovo more i lepotu 😍😍😍Hoću da se teleportujem😀 | Jao, ja u Prčnju letovao nekoliko godina sa roditeljima kad sam bio dete. 🤩 Je l’ i dalje stoji na tabli Stoliwood u mestu pored Prčnja? 😂 | Mogao bi ovaj grad da se poseti 🥰🥰🥰 | Pa preslatkoo😍😍moram probati | Joj ovo mu je preslatko 🥰🥰🥰 i u Arhangelsku ih imaju 😍 | Apsolutno se slažem! 🙌🏻😍 | Prelepoo 😍😍 | Predivno😍 sve mi se svidja",instagram,lenaastef,lifestyle_general,0.92,"{""eco_conscious"": 0.6, ""luxury_orientation"": 0.3, ""budget_orientation"": 0.4, ""adventure_orientation"": 0.2, ""family_friendly"": 0.5, ""authenticity_signal"": 0.85}",True,"[{""caption"": ""Nije nas obeshrabrilo to što nije idealno kada se u Boki nađete bez automobila, pa smo strpljivo sačekale autobus koji vozi od Tivta do Kotora i izašle u Prčnju nakon prelepe vožnje duž obale. Prelepe verovatno svima osim vozačima jer su pojedini delovi zeznuti za mimoilaženje. 🤭\r\nOvde smo došle da vidimo Bogorodičin hram, najveću katoličku crkvu u Boki čija je gradnja počela još u 18. veku prema projektu jednog venecijanskog arhitekte.\r\nCrkva se trenutno obnavlja, ali je divno videti je i spolja + pogled ispred nje je fantazija!\r\n\r\nU Prčnju smo doručkovale i (kasnije) ručale u konobi Vila Marija uz more. Nismo se mogle nagledati pogleda na planine i more pa smo većinu dana provele u kupanju i izležavanju u hladu upravo kraj te konobe. I moram reći da iako sam ja neko ko je uvek više za aktivan odmor, ipak prija imati nekad i ovako laganini dane. 💛"", ""post_url"": ""https://www.instagram.com/p/Dbqgv2tDMcH/"", ""media_type"": ""image"", ""platform"": ""Instagram""}, {""caption"": ""Ovaj grad u Poljskoj sam posetila prošle nedelje na mojoj vodičkoj turi i iznenadilo me je koliko je lep i zabavan. Bila sam svega par sati, nisam uspela mnogo da snimim, snimci koje vidite u ovom Reel-u su sve što imam, ali nadam se ponovnoj poseti da bih mogla natenane da ga doživim.\r\n\r\nU Vroclav možete doći na dnevni izlet iz Krakova ili direktnom letom iz Sofije i Budimpešte.\r\n\r\nDok hodate njegovim ulicama neminovno ćete primetiti mini statue patuljaka u različitim aktivnostima - kako se fotografišu, peku roštilj, plešu, penju se uz bandere, udvaraju se, putuju… Postali su moderni simbol grada zbog borbe protiv komunističkog režima 80ih i sada su svuda. Ima ih preko 600 u celom gradu!\r\n\r\nObavezno posetite Rynek, ogromni šareni gradski trg, a u njegovoj blizini je katedrala Marije Magdalene i u nju obavezno uđite i zavirite na most koji povezuje njene dve kule i pruža prelep pogled na grad!\r\n\r\nSa centralnog trga se uputite u šetnju do Ostrva katedrala, šetnja kraj reke Odre do tamo je predivna, kao i sam kraj! A na ostrvu ispred glavne katedrale se obavezno nađite 30-45 minuta pred zalazak sunca jer baš tada stari grad postaje osvetljen lampama na gas i to ručno, što je jedna od poslednjih destinacija u Evropi gde to možete videti.\r\n\r\nA da li ste vi bili u Vroclavu i kakvi su vam utisci? 🧙🏻‍♀️"", ""post_url"": ""https://www.instagram.com/p/DbTVY_8MHuE/"", ""media_type"": ""reel"", ""platform"": ""Instagram""}, {""caption"": ""Prethodnih desetak dana bila sam u Mađarskoj, Slovačkoj, Austriji, Češkoj i Poljskoj, pa evo nekih finih predloga gde možete popiti piće kada otputujete tamo.☕️ Pišite mi slobodno vaša omiljena pa da znam za idući put! 😍"", ""post_url"": ""https://www.instagram.com/p/DbLs1N-DHoY"", ""media_type"": ""image"", ""platform"": ""Instagram""}, {""caption"": ""Sta videti u Pragu? 🏰\nKrenite obilazak od Praškog dvorca jer ako krenete obrnuto uspon do istog ćete dugo pamtiti. Usput ćete videti katedralu Svetog Vita i prelep pogled na ceo grad. Kafu popijte na prelepoj terasi Lobkowicz Palace.\n\nDok se spuštate ka Karlovom mostu videćete najužu ulicu na svetu i zanimljivu fontanu ispred Kafkinog muzeja.\n\nU ovom delu grada preporučujem i Wallenstein palace gde je besplatan ulaz, a bašta leti je prelepa. Možete i posetiti i baštu Vrtba koju sam juče prvi put videla i oduševila se (plus nema gužve!).\n\nKada pređete čuveni Karlov most sačekaće vas Klementinum, gde ćete pronaći jednu od najlepših biblioteka na svetu. Obavezno što pre online kupite karte za turu razgledanja.\n\nProdužite ka Astronomskom satu, najstarijem na svetu koji je i dalje u funkciji i potrudite se da tu budete u okrugli sat. Starogradski trg kod kog se nalazi sat je takođe prelep! Na samo 15ak minuta hoda odatle nalazi se Výtopna Railway Restaurant, restoran gde vam narudžbina stiže na voziću.\n\nKrstarenje rekom Vlatovom zaista vredi, potrudite se da odaberete ono u vreme zalaska sunca. ☺️\n\nPo gradu se lako možete kretati javnim prevozom, za metro imate mašine na stanicama, a za tramvaje i autovuse imate mašine unutar njih.\n\nOvo su neke osnovne preporuke, Prag naravno nudi još punoo toga, ali i sama šetnja bez plana centrom ovom lepotom od grada je dovoljna da vas obori sa nogu kao mene na maturskoj ekskurziji pre 13 godina. 🥰"", ""post_url"": ""https://www.instagram.com/p/DbBM_yaMBaq/"", ""media_type"": ""reel"", ""platform"": ""Instagram""}, {""caption"": ""Bili smo na samo pola sata od kuće, a isključili smo se kao da smo mnogo dalje. 🧘🏻 Mini vikend beg u @movenpickfrusketerme je bio pun pogodak!\r\n\r\nKada smo ušli u kompleks imala sam utisak da ne znam gde bih pre, ali ipak mi je nekako najviše legla Zona za odrasle gde je išla super muzika i gde se u Riviera baru mogu probati super kokteli, a deo ponude za vikend je bila i hrana spremljena na roštilju na licu mesta.\r\n\r\nBazeni sa panoramskim pogledom su nam toliko okupirali pažnju da umalo da zaboravimo otići u wellnes centar sa velikim brojem sauna, slanom sobom, vodenim krevetima, ruskom banjom... pa smo tu bili samo na kratko pred odlazak i zaključili da se moramo vratiti ubrzo. ☺️\r\n\r\nPostoji više hotela u okviru resorta, a mi smo bili u Adults Only Premier Aqua koji ima predivan pogled na prirodu, fenomenalan doručak, a najviše bih istakla jako ljubazno i nasmejano osoblje koje i ovako javno moram pohvaliti. ❤️\r\n\r\nŠto se tiče cena smeštaja i dnevnih ulaznica, sve možete lako proveriti na njihovom sajtu, a pišite slobodno u komentarima ako sam nešto propustila reći."", ""post_url"": ""https://www.instagram.com/p/DadQX2mMD1t/"", ""media_type"": ""reel"", ""platform"": ""Instagram""}]"
lutajuci_putnik,"Avanturista koji istražuje svet oko sebe kroz putovanja, prirodu i planinarenje
🇷🇸Turistički cvet2022
Best travel influencer 2024&2025
🏡@kod_lutajuceg","Na vrhu uvek ima mesta ako se krene sa dna 🥾🌲⛰️💙

Prelep je osećaj stajati na najvišem vrhu Bosne i Hercegovine, na Magliću koji je visok 2.386 metara. Prelep je osećaj preći svaki korak od Trnovačkog jezera do Maglića jer svaki korak će vas nagraditi ovakvim prizorima. 🌠

Ono što je interesantno je da uspon krećete iz Crne Gore, pa na vrhu prelazite u Bosnu i Hercegovinu, jer se sam vrh nalazi na državnoj granici. Pogled sa Maglića je jedan od najlepših, jer ćete na vrhu videti Trnovačko jezero u obliku srca, Pivsko jezero, Durmitor, Volujak, Zelengoru, dolinu Sutjeske i magičnu prašumu Perućicu. Ovakav pogled i ovakvo prostranstvo retko gde možete videti. 🇲🇪🇧🇦❤️

Uspon je zbog vrućine i sunca bio zahtevan, ali ovo je jedan od onih vrhova na koje se ne penješ samo zbog visine, već zbog osećaja koji imaš kada se nađeš iznad jezera, planina i beskrajnih grebena koji se prostiru na sve strane. 🌲🌲🌲

Posle ovakve avanture, vreme je da se spustim do Trnovačkog jezera i da se kupam narednih 10h. 🤠 | Veliko ❤️ za jezero u obliku 💙

Ako postoji jedno mesto koje već godinama želim da posetim, onda je to Trnovačko jezero. Kad god sam planirao dolazak ovde, uglavnom bi iskrslo neko daleko putovanje, pa sam zbog novih destinacija odlagao ovu avanturu. 🌲🌲🌲

Kada saberem sva mesta koja sam obišao, sve poglede u kojima sam uživao i sve neverovatne prizore koje sam video širom sveta, a bilo ih je zaista mnogo, mogu iskreno da kažem da je ovo jedan od najlepših pogleda koje su moje oči ikada ugledale. Možda je i trebalo prvo da obiđem svet, pa da se tek onda uverim koliko su Balkan i njegova priroda zaista posebni. Jer pogledajte samo ovu netaknutu divljinu i lepotu koja oduzima dah. 🇲🇪🇧🇦❤️

Do ovog vidikovca, poznatog kao Carev Do potrebno je oko dva sata planinarenja, a uspon je prilično strm. Međutim, sa svakim korakom kojim se penjete, pogled postaje sve spektakularniji. Pred vama se polako otkriva magično jezero u obliku srca, okruženo moćnim vrhovima višim od 2.000 metara. 🌠

Ovde nema puteva, hotela, restorana, niti buke modernog sveta. Samo netaknuta priroda, planine, životinje... i vi. 🌎 | Čuvena piramida u punom sjaju! 🌅

Ovog puta odlučio sam da na Rtanj krenem noću. Penjati se pod zvezdama i dočekati izlazak sunca na vrhu poseban je doživljaj koji vredi doživeti makar jednom. Rtanj je planina kojoj se uvek rado vraćam. Bez obzira na godišnje doba, svaki uspon donese nešto novo i baš zbog toga mu se stalno vraćam. 🌠

Na vrhu me je sačekao drug Žuća, pa smo zajedno uživali u prelepom izlasku sunca. Takvi trenuci, uz dobar pogled i dobro društvo, zaista se pamte, pa sam na vrhu ostao više od dva sata. 🐶🧡

Sada je vreme za nekoliko dana kampovanja, bez interneta, i još jedan uspon. Uživajte u vikendu i iskoristite ovo lepo vreme da obiđete neku lepu destinaciju u Srbiji. 🇷🇸 | Posle Porta i Azorskih ostrva, vreme je i za Lisabon! 💛

Za Lisabon kažu da je „grad u kojem se nigde ne žuri“ i da je tako videćete već posle par sati razgledanja. Glavni grad Portugala ćete najbolje doživeti dok šetate njegovim strmim ulicama, između žutih tramvaja (koji su sinonim za Lisabon) i šarenih fasada koje su prekrivene azulejo pločicama. ☀️

Ceo Lisabon je izgrađen na 7 brežuljaka, tako da se iza svakog ugla nalazi neki od prelepih pogleda na grad. Naravno, kako su ulice u Lisabonu konstantno gore-dole, prijaće vam da se uz čašu 🇵🇹 vina odmorite i uživate u pogledu. 🍷😁

Primetio sam da svaki deo grada izgleda drugačije i da priča neku svoju priču, a kada padne mrak tada se oseti njegova energija. Međutim, moram da priznam i napišem da mi je Lisabon dugo bio velika želja i da sam ga zamišljao malo drugačije.

Lisabon ima dušu, stariji je od Londona i Pariza, sve je opušteno, niko nigde ne žuri, domaćini su gostoprimljivi, hrana je vrhunska, ali sam iskreno očekivao da će mi postati jedan od najboljih gradova koje sam posetio. Kada bih upoređivao, Porto mi je dosta lepši od Lisabona, ali kako imam još 2 dana u ovom gradu, videćemo do kraja kako ću se osećati.

Da li ste posetili Lisabon i kakav je utisak ostavio na vas? ❤️🇵🇹 @diskodrugarputovanja | ZORI: VULKANSKE CRNE PLAŽE, MALA RIBARSKA SELA I MAGIČNI ATLANTSKI OKEAN 🖤🌄🪼💫

Za kraj ove divne avanture na Azorima, sledi vrlo verovatno najlepši i najduži dan! Pokazao sam vam vodopade, prašume, planine, vulkanske kratere, jezera, rajske vrtove, a za sam kraj ostavio plaže i Atlantski okean! ❤️

Dosta pitanja sam dobio da li je moguće kupanje na Azorima? Iako nije destinacija za kupanje, postoji nekoliko plaža gde se možete okupati. Ako je, naravno, mirno, jer je Atlantski okean priča za sebe. 🪼🪼🪼

Praia dos Mosteiros je jedna od najlepših vulkanskih plaža u Evropi. U pitanju je crna vulkanska plaža i odmah ćete dobiti odgovor zašto je pesak crn – zbog vulkanskog pepela. Okupati se ovde kada znate da je pesak zapravo deo nekadašnje lave je veoma zanimljivo i retko. Međutim, kako Atlantski okean često donosi ogromne talase, savetujem vam da budete sigurni da je more mirno. 🌊🌠🌊

Sve ove plaže, ali i ovakvi vidikovci, nalaze se u blizini malog ribarskog sela Mosteiros, koje se nalazi na krajnjem zapadu ostrva São Miguel. Konačno sam imao i sunčan dan, pa su zbog toga i ovakvi magični prizori. 💫💫💫

Sada kada sam vam prikazao kako izgledaju Azori, da li biste posetili ovo magično ostrvo koje se nalazi usred Atlantskog okeana? Ako se razmišljate da idete, @diskodrugarputovanja organizuje putovanje u Portugal i na Azorskim ostrvima ❤️
 | Kao što ste mogli da vidite, konačno je na red došao i magični Portugal! 🇵🇹❤️

Portugal je jedna od retkih evropskih zemalja koje do sada nisam posetio i mislim da je moj dolazak u Porto došao u pravom trenutku, jer ne pamtim kada sam već na samom početku nekog putovanja toliko uživao. 🍷

Za Porto kažu da je jedan od najfotogeničnijih gradova Evrope i jedan od onih gradova koje jednostavno morate da doživite. Ovaj grad ćete najbolje upoznati tako što ćete lutati njegovim ulicama, jer ćete na svakom koraku videti nešto zanimljivo, šareno, autentično i lepo. Simbol Porta su svakako plavo-bele azulejo pločice koje se nalaze na zgradama, kućama, katedralama i železničkim stanicama, pa se sa razlogom kaže da je Porto muzej na otvorenom u plavim tonovima. Ove pločice nisu samo dekoracija, već prikazuju bitke, portugalsku istoriju, religiju i svakodnevni život. 💙

Uglavnom se sve odvija oko reke Douro, pa tako možete ploviti brodovima, voziti se žičarom, uživati u prelepim vidikovcima na stari grad ili jednostavno ležati u parku, piti portugalsko vino i družiti se sa galebovima. Kada se umorite, a to će se sigurno desiti 😄, jer je grad izgrađen na brdima pa stalno idete gore-dole, spustite se pored reke, naručite belu sangriju i bifanu (tradicionalni portugalski sendvič sa svinjetinom) i uživajte u muzici uličnih svirača kojih ima na svakom koraku. 💃🎵🌅

Baš zbog toga mi je Porto fenomenalan, jer se ovde sve odvija polako i na svakom koraku možete da primetite kako ljudi zaista znaju da uživaju u životu. 🍷🇵🇹✨ | Poseta ostrvu Hainan završavam u tropskim šumama iznad oblaka ⛅️💙🌏

U prethodnim objavama pokazao sam vam kako izgledaju moderni i tradicionalni gradovi, kako izgledaju futuristički muzeji, roboti i najskuplji hotel u Kini, ali i prelepe dugačke plaže po kojima je ostrvo Hainan najviše i poznato. Kada na sve to dodate i tropske šume sa termalnim izvorima, vodopadima i ovakvim vidikovcima, onda vam je jasno da je ostrvo Hainan veoma raznovrsno! 🇨🇳

Jedna od najlepših lokacija koju možete posetiti je Yalong Bay Tropical Paradise Forest park. Ovaj ogromni tropski park se nalazi na planini iznad mora i poznat je po visećim mostovima i “glass bridge” mostovima odakle se pruža spektakularan pogled na ceo zaliv i tropske šume. Ovo mesto je zbog kineskog filma postalo najpoznatije honeymoon mesto u Kini. ⛅️⛅️⛅️

Sa druge strane, tropska šuma Baoting je prava planinska regija koja se nalazi u unutrašnjosti Hainana. Ovde možete da uživate u termalnim izvorima, prašumi, vodopadima, ali i ovakvim hotelima koji se nalaze u srcu prašume. Takođe, u samoj prašumi se nalaze i tradicionalna sela gde se možete upoznati sa lokalnim plemenima Li i Miao, čija su tela prekrivena tetovažama, ali i plesovima i ritualima. 🌴🌴🌴

Nadam se da sam vam makar malo zagolicao maštu za ostrvo Hainan i da ćete ga obići ako planirate posetu Kini. Hvala @chinaculturalcenterinbelgrade na pozivu 🇨🇳🇷🇸❤️ | Posle najvećeg i najšarenijeg grada na Hainanu, vreme je za pravo tropsko uživanje! 🌴🌴🌴

Ako tražite pravi tropski raj, zaputite se u Sanyu, koji je najjužniji grad u Kini! 🇨🇳 Upravo zbog ovog grada je ovo ostrvo dobilo naziv “Havaji Kine”, jer su ovde plaže najlepše i ima preko 300 sunčanih dana godišnje. Ako volite tirkizno more, bez velikih talasa, široke i velike plaže sa belim peskom, tropske palme koje su bukvalno svuda oko vas, ali i svež i najukusniji kokos (koji je i simbol ovog ostrva), onda je Sanya destinacija za vas! 🥥🍸🥥

Za ovaj grad kažu da je omiljena destinacija među Kinezima koji žele da se opuste i uživaju u kilometarskim peščanim plažama. Sanya je popularna destinacija i za luksuzni turizam jer se ovde nalaze neki od najboljih hotela na svetu koji imaju svoje privatne plaže, dok sa druge strane možete itekako pronaći veoma povoljne apartmane i hotele. Na ulicama grada se svuda nalazi kokos i često košta manje nego voda, pa ćete osim svežeg kokosa uživati u raznim specijalitetima, gde bih posebno izdvojio sočnu piletinu u kokosu. 🍜🪷🍜

U odnosu na druge poznate tropske destinacije poput Phuketa, cene su dosta niže, pa tako ako obilazite Kinu, iskoristite priliku da posetite i ovaj tropski raj i uživate u pravoj egzotici. ❤️ @chinaculturalcenterinbelgrade | Kako sam krenuo, do kraja ću se preseliti da živim u Kinu! 🇨🇳♥️

Za samo dve godine, ovo je moje treće putovanje u ovu ogromnu, zanimljivu, drugačiju i prelepu zemlju. Do sada sam obišao nekoliko provincija, od Šaolin hrama, Šangaja i najbržeg voza na svetu, Pekinga i Kineskog zida, preko Chendua i preslatkih pandi, Sičuana i planine gde je nastao zeleni čaj, do Henana gde je nastala kineska civilizacija i urbanog Hong Konga. 🏯🌃🇨🇳

Ovo putovanje u Kinu se razlikuje od ostalih jer narednih 8 dana ga provodim na ostrvu Hainan, koja je najjužnija kineska provincija! Do Hainana sam došao iz Beograda direktnim letom do Pekinga, pa iz Pekinga za Haikou (koji je glavni grad ovog ostrva) sa aviokompanijom @hainanairlines ✈️

Ostrvo Hainan se naziva i “Kineskim Havajima” zbog svojih plaža, i ono što je interesantno je to da je jedino kinesko tropsko ostrvo sa prosečnom temperaturom od 25 °C. Pre nego što krenem sa plažama, prvi dan je bio rezervisan za glavni grad Hainana, pa već na osnovu slika možete da vidite spoj tradicionalnog i modernog: od starog grada koji je šaren i okružen “Qilou” niskim zgradama, pa sve do modernih i futurističkih zgrada. 🎈🎈🎈

Hrana je ovde posebno zanimljiva jer ćete uglavnom nailaziti na tradicionalna jela, pa ćete tako na meniju pronaći jegulje, golubove, puževe, školjke, ali i ostala jela u kokosovom mleku koja su preukusna. 🦆🦀🍙🦐🍱🦪

Ono što vas možda i najviše zanima je to da su cene jako povoljne u odnosu na druge tropske destinacije, pa su smeštaji i hoteli veoma pristupačni, hrana je još jeftinija, a marketi sa suvenirima su tek posebna priča. 🎑

Za kraj, želeo bih da se zahvalim @chinaculturalcenterinbelgrade što su me pozvali da istražim ostrvo Hainan i prenesem vam svoje utiske. Neka ova 🇨🇳 avantura počne! 🤠",43800,"{""engagement_rate"": 2.45, ""avg_reel_plays"": 18900.0, ""avg_likes_per_post"": 1020.0, ""avg_comments_per_post"": 52.0}","Nemam reči koliko je lepo 😍 | Zna brat šta valja 🥹😍 | Neverovatan pogled i iskustvo kume moj dragi ❤️🔥 | Pogled je 🤗 | Pogled koji oduzima dah, osmeh sve govori, iskustvo koje se godinama pamti 👏❤️. | Neverovatni prizori. Fotke 👌. | Magično. Lepe fotografije. 👏🌞 | Fantasticne fotografije...fotografija br. 6 fantasticna plus...😍😍😍 | Bravo napravio si super fotke",instagram,lutajuci_putnik,adventure_extreme,0.94,"{""eco_conscious"": 0.8, ""luxury_orientation"": 0.2, ""budget_orientation"": 0.3, ""adventure_orientation"": 0.95, ""family_friendly"": 0.1, ""authenticity_signal"": 0.9}",True,"[{""caption"": ""Na vrhu uvek ima mesta ako se krene sa dna 🥾🌲⛰️💙\r\n\r\nPrelep je osećaj stajati na najvišem vrhu Bosne i Hercegovine, na Magliću koji je visok 2.386 metara. Prelep je osećaj preći svaki korak od Trnovačkog jezera do Maglića jer svaki korak će vas nagraditi ovakvim prizorima. 🌠\r\n\r\nOno što je interesantno je da uspon krećete iz Crne Gore, pa na vrhu prelazite u Bosnu i Hercegovinu, jer se sam vrh nalazi na državnoj granici. Pogled sa Maglića je jedan od najlepših, jer ćete na vrhu videti Trnovačko jezero u obliku srca, Pivsko jezero, Durmitor, Volujak, Zelengoru, dolinu Sutjeske i magičnu prašumu Perućicu. Ovakav pogled i ovakvo prostranstvo retko gde možete videti. 🇲🇪🇧🇦❤️\r\n\r\nUspon je zbog vrućine i sunca bio zahtevan, ali ovo je jedan od onih vrhova na koje se ne penješ samo zbog visine, već zbog osećaja koji imaš kada se nađeš iznad jezera, planina i beskrajnih grebena koji se prostiru na sve strane. 🌲🌲🌲\r\n\r\nPosle ovakve avanture, vreme je da se spustim do Trnovačkog jezera i da se kupam narednih 10h. 🤠"", ""post_url"": ""https://www.instagram.com/p/Dbq0zOIEQ0O"", ""media_type"": ""image"", ""platform"": ""Instagram""}, {""caption"": ""Veliko ❤️ za jezero u obliku 💙\r\n\r\nAko postoji jedno mesto koje već godinama želim da posetim, onda je to Trnovačko jezero. Kad god sam planirao dolazak ovde, uglavnom bi iskrslo neko daleko putovanje, pa sam zbog novih destinacija odlagao ovu avanturu. 🌲🌲🌲\r\n\r\nKada saberem sva mesta koja sam obišao, sve poglede u kojima sam uživao i sve neverovatne prizore koje sam video širom sveta, a bilo ih je zaista mnogo, mogu iskreno da kažem da je ovo jedan od najlepših pogleda koje su moje oči ikada ugledale. Možda je i trebalo prvo da obiđem svet, pa da se tek onda uverim koliko su Balkan i njegova priroda zaista posebni. Jer pogledajte samo ovu netaknutu divljinu i lepotu koja oduzima dah. 🇲🇪🇧🇦❤️\r\n\r\nDo ovog vidikovca, poznatog kao Carev Do potrebno je oko dva sata planinarenja, a uspon je prilično strm. Međutim, sa svakim korakom kojim se penjete, pogled postaje sve spektakularniji. Pred vama se polako otkriva magično jezero u obliku srca, okruženo moćnim vrhovima višim od 2.000 metara. 🌠\r\n\r\nOvde nema puteva, hotela, restorana, niti buke modernog sveta. Samo netaknuta priroda, planine, životinje... i vi. 🌎"", ""post_url"": ""https://www.instagram.com/p/DboGNTdDDvI"", ""media_type"": ""image"", ""platform"": ""Instagram""}, {""caption"": ""Čuvena piramida u punom sjaju! 🌅\n\nOvog puta odlučio sam da na Rtanj krenem noću. Penjati se pod zvezdama i dočekati izlazak sunca na vrhu poseban je doživljaj koji vredi doživeti makar jednom. Rtanj je planina kojoj se uvek rado vraćam. Bez obzira na godišnje doba, svaki uspon donese nešto novo i baš zbog toga mu se stalno vraćam. 🌠\n\nNa vrhu me je sačekao drug Žuća, pa smo zajedno uživali u prelepom izlasku sunca. Takvi trenuci, uz dobar pogled i dobro društvo, zaista se pamte, pa sam na vrhu ostao više od dva sata. 🐶🧡\n\nSada je vreme za nekoliko dana kampovanja, bez interneta, i još jedan uspon. Uživajte u vikendu i iskoristite ovo lepo vreme da obiđete neku lepu destinaciju u Srbiji. 🇷🇸"", ""post_url"": ""https://www.instagram.com/p/DbaYu2wDOhr"", ""media_type"": ""image"", ""platform"": ""Instagram""}, {""caption"": ""Posle Porta i Azorskih ostrva, vreme je i za Lisabon! 💛\n\nZa Lisabon kažu da je „grad u kojem se nigde ne žuri“ i da je tako videćete već posle par sati razgledanja. Glavni grad Portugala ćete najbolje doživeti dok šetate njegovim strmim ulicama, između žutih tramvaja (koji su sinonim za Lisabon) i šarenih fasada koje su prekrivene azulejo pločicama. ☀️\n\nCeo Lisabon je izgrađen na 7 brežuljaka, tako da se iza svakog ugla nalazi neki od prelepih pogleda na grad. Naravno, kako su ulice u Lisabonu konstantno gore-dole, prijaće vam da se uz čašu 🇵🇹 vina odmorite i uživate u pogledu. 🍷😁\n\nPrimetio sam da svaki deo grada izgleda drugačije i da priča neku svoju priču, a kada padne mrak tada se oseti njegova energija. Međutim, moram da priznam i napišem da mi je Lisabon dugo bio velika želja i da sam ga zamišljao malo drugačije.\n\nLisabon ima dušu, stariji je od Londona i Pariza, sve je opušteno, niko nigde ne žuri, domaćini su gostoprimljivi, hrana je vrhunska, ali sam iskreno očekivao da će mi postati jedan od najboljih gradova koje sam posetio. Kada bih upoređivao, Porto mi je dosta lepši od Lisabona, ali kako imam još 2 dana u ovom gradu, videćemo do kraja kako ću se osećati.\n\nDa li ste posetili Lisabon i kakav je utisak ostavio na vas? ❤️🇵🇹 @diskodrugarputovanja"", ""post_url"": ""https://www.instagram.com/p/DZX8naBDB_a"", ""media_type"": ""image"", ""platform"": ""Instagram""}, {""caption"": ""ZORI: VULKANSKE CRNE PLAŽE, MALA RIBARSKA SELA I MAGIČNI ATLANTSKI OKEAN 🖤🌄🪼💫\r\n\r\nZa kraj ove divne avanture na Azorima, sledi vrlo verovatno najlepši i najduži dan! Pokazao sam vam vodopade, prašume, planine, vulkanske kratere, jezera, rajske vrtove, a za sam kraj ostavio plaže i Atlantski okean! ❤️\r\n\r\nDosta pitanja sam dobio da li je moguće kupanje na Azorima? Iako nije destinacija za kupanje, postoji nekoliko plaža gde se možete okupati. Ako je, naravno, mirno, jer je Atlantski okean priča za sebe. 🪼🪼🪼\r\n\r\nPraia dos Mosteiros je jedna od najlepših vulkanskih plaža u Evropi. U pitanju je crna vulkanska plaža i odmah ćete dobiti odgovor zašto je pesak crn – zbog vulkanskog pepela. Okupati se ovde kada znate da je pesak zapravo deo nekadašnje lave je veoma zanimljivo i retko. Međutim, kako Atlantski okean često donosi ogromne talase, savetujem vam da budete sigurni da je more mirno. 🌊🌠🌊\r\n\r\nSve ove plaže, ali i ovakvi vidikovci, nalaze se u blizini malog ribarskog sela Mosteiros, koje se nalazi na krajnjem zapadu ostrva São Miguel. Konačno sam imao i sunčan dan, pa su zbog toga i ovakvi magični prizori. 💫💫💫\r\n\r\nSada kada sam vam prikazao kako izgledaju Azori, da li biste posetili ovo magično ostrvo koje se nalazi usred Atlantskog okeana? Ako se razmišljate da idete, @diskodrugarputovanja organizuje putovanje u Portugal i na Azorskim ostrvima ❤️"", ""post_url"": ""https://www.instagram.com/p/DZNoHvkjLn6"", ""media_type"": ""image"", ""platform"": ""Instagram""}]"
katarina_mandarina,"☼ International travel & lifestyle photographer
➳UW photo,Drone pilot
➳Co founder @hiishiiphoto
✯Ambassador @mini @samsungmobile #canoncreator","How we see the world, how we frame it, and how we capture a single moment from an entire scene is what makes photography uniquely ours. By framing the world, we create our own way of seeing, shaping every scene and every moment into something that feels true to who we are.
With the Samsung Galaxy S26 Ultra and its powerful camera system, having multiple lenses right at your fingertips gives you incredible creative freedom to frame the world exactly the way you see it.
So let me show you what I see, and how I framed each of these moments in the following slides.

Captured on Samsung #GalaxyS26Ultra #withGalaxy @samsungsrbija @samsungmobile

An ancient staircase leading into the sea.
The view was already beautiful, but I wanted a photo of myself there. So I framed the scene a little tighter, making sure I was part of the composition while keeping the staircase as the main element.
For this shot, I used:

I framed it with the Wide Angle lens (23mm), which gave me enough space to include everything I wanted while allowing me to position myself close enough for the staircase to remain fully visible in the frame.

A beautiful sunset from one of the island’s viewpoints.
I wanted to bring the town a little closer while still keeping the incredible layers of mountains in the background, so I used:

I framed it with the Super Telephoto lens (115mm), which gave me enough reach to bring the church and the mountain layers together into one composition and capture the magic of that sunset.

Beautiful water lilies.
The scene was already stunning, but I became curious about what the yellow petals would look like up close, more abstract, more detailed, revealing something I couldn’t see from a distance. So I used:

I framed it with the Telephoto lens (69mm), which brought out the delicate details of the flower, including the tiny water droplets beneath the petals. It revealed details I simply couldn’t notice with my own eyes.

An incredible formation of rocks meeting the sea.
I asked a friend to stand on the edge so I could make the composition even more minimal, using:

I framed it with the Super Telephoto lens (115mm), which made the subject more prominent while compressing th | Wow! Mislim da su ovo najkvalitetnije fotke iz Zagajičkih Brda ❤️ | Just give me a distant blue horizon, and I’m forever happy. 💙
These dramatic volcanic cliffs make almost every view feel endless. Sky, sea, and nothing to interrupt the horizon.

That’s my kind of beauty.
Majestic. 😍
.
Photography @katarina_mandarina
..
#santorini #greece_travel #greekislands | here are moments when you wish time would stand still.
When everything around you is so beautiful that you don’t want to chase the moment anymore you just want to be part of it.
My @nomos_glashuette Ahoi feels made for moments like these. Matching the colors of the sea, and the gentle shades of light that stay long after the sun is gone.
.
Photography @katarina_mandarina
Wearing @nomos_glashuette Ahoi watch
.
.
.
**downloading images or videos and posting on your profile is not allowed without permission
.
.
.
.
.

.
#santorini #greece_travel #greekislands | We are all one… aren’t we?
The more I travel, the more I feel it.
In textures, in colors, in the eyes of animals, in landscapes shaped by time and nature… I keep seeing reflections of ourselves everywhere around us. Patterns repeating endlessly. They repeat. They mirror. They reflect something deeply familiar, because they are you. The same energy that moves through the land, through every creature, through every grain of sand moves through you too.Nothing truly separate. Just different expressions of the same source.

These moments in Namibia stopped me in my tracks and reminded me of that truth. So I let them inspire something, a series of eyes matching animals and landscapes, a quiet visual reminder of the beauty of that oneness.
Look into the eyes of another living being and tell me you don’t see yourself there. 🌍🤍

#wildlifephoto #namibia #eyes #namibiadesert #canonphotography | There is something almost indescribable about being out there in pure wilderness.
17 days across Namibia landscapes shifting constantly, impossibly. From vast rust-red plains that felt like another planet, to rolling golden dunes, to the raw edge of the Atlantic. Every corner took my breath away before I even had a chance to prepare for it. What stays with me most is that feeling of being completely free. Boundless.  Sleeping in a rooftop tent on our massive 4x4, parked in the middle of a landscape that looked like Mars, under a sky so wide it felt surreal.  Unbelievable, even while I was living it.
For trips like these, the right gear isn’t a luxury it’s everything. From freezing early mornings to scorching midday heat, you need equipment that simply keeps up. My choice was the @fjallravenofficial outfit from @outdoor_sports_rs it handled every extreme Namibia threw at us without missing a beat. My @dolomite1897 trekking shoes were grippy enough for wild terrain but light and breathable enough for the heat. And my @ospreypacks duffel? An absolute lifesaver for dusty, unpredictable wild camping days easy to grab from the trunk and go.
If you’re chasing a trip like this, don’t compromise on what you carry. @outdoor_sports_rs that’s where I’d start. 🌍🧡
.
#wildlifephoto #namibia #namibiadesert #outdoorequipment #outdoorgearwomen | Walking among giants 🏯🌱🌳
Imagine stepping into a forest where over 300 sequoia trees have been standing for more than 400 years…
Rising 30+ meters above you, silent and unbelivable.
There’s a kind of quiet wisdom here.An energy you don’t just see you feel it.Ancient trees like these hold memory.
Of time, of seasons, of everything that came and went…
just standing there, witnessing it all.And for a moment, you realize you’re not just walking through a forest,
you’re walking through forest ancent temple ⛩️

#visitjapanjp #discoverjapan #japantravel #Nagano #seqouia | Let’s go back to Japan together 🇯🇵
I’ve captured so much there… moments, details, energy and I feel like I haven’t even begun to show you all of it properly.

So let’s travel a little deeper,
into a place that keeps calling me back, again and again.
Japan is not just beautiful, it’s a feeling.
It’s the quiet rituals of everyday life,
the way respect lives in every gesture, every bow, every interaction. It’s the presence of people fully there, fully aware, fully connected to the moment. It’s the stillness of temples,
the sound of wind through bamboo,the precision, the simplicity, the intention behind even the smallest detail.
It’s nature that feels alive and sacred,seasons that transform everything into visual poetry,and a kind of harmony between people and the world around them that you don’t often see.

That’s why I keep going back. 🍙⛩️🏯
Not just to see it again, but to feel it again.
And I can’t wait to share more of it with you
.

#visitjapanjp #discoverjapan #japantravel #Nagano #samurai | Sad truth: most people will think this is AI… not nature’s masterpiece.

But this is real.
These surreal colors belong to Pallay Punchu, a mountain rising almost 4,700m in the Peruvian Andes. Its name means “woven poncho” in Quechua, because the mountain looks like a traditional Andean textile painted across the earth.
For centuries it was hidden beneath snow and glaciers.
Only when the ice melted did the layers of minerals reveal their incredible colors formed by quartz, iron, sulfur and time.
In Andean culture, mountains like this are Apus, sacred guardians of the land.
And standing here, looking at something that took millions of years to create, you realize something simple:
No algorithm could ever compete with Mother Nature. 🌈⛰️
.
#mountainviews #peru #pallaypunchu #dronephotooftheday #djiphotography | The mountains don’t try to impress you.
They don’t compete.They don’t explain themselves.
They just stand there vast, ancient, endless,
and somehow make you feel small in the most beautiful way.
Small enough to drop the ego.
Small enough to breathe deeper.
Small enough to remember you’re part of something far bigger than your worries.

Riding here, with nothing but snow and silence,
you finally feel that you belong in this vast, beautiful frame
Save this for when life feels loud.
Share it with someone who understands this feeling.
.
Video @hiishiiphoto
Riding with @eskimofreeride

#freerideskiing #snowbording #catskiing #freeridesnowboarding #popovasapka",80700,"{""engagement_rate"": 3.46, ""avg_reel_plays"": 22400.0, ""avg_likes_per_post"": 2180.0, ""avg_comments_per_post"": 34.0}","Ostajem bez teksta od lepote 👏🏼♥️♥️♥️ | 👏👏👏 Nema vas na svet ovako kreativnih - Bravo👏👏👏 | Wooow the details are incredible on that | “Mali Princ” ali na Zagajičkim brdima 🤍🤍🤍 | Wow! Mislim da su ovo najkvalitetnije fotke iz Zagajičkih Brda ❤️ | Nestvarno 🥰Vas rad je maestralan, svaka fotografija... | Those classic Santorini views 😁 | Stunning photos! Extra love for the cat photo 👌🏽 | 😍😍😍😍 Kakve prelepe fotografije!",instagram,katarina_mandarina,lifestyle_general,0.94,"{""eco_conscious"": 0.2, ""luxury_orientation"": 0.6, ""budget_orientation"": 0.1, ""adventure_orientation"": 0.3, ""family_friendly"": 0.2, ""authenticity_signal"": 0.85}",True,"[{""caption"": ""How we see the world, how we frame it, and how we capture a single moment from an entire scene is what makes photography uniquely ours. By framing the world, we create our own way of seeing, shaping every scene and every moment into something that feels true to who we are.\r\nWith the Samsung Galaxy S26 Ultra and its powerful camera system, having multiple lenses right at your fingertips gives you incredible creative freedom to frame the world exactly the way you see it.\r\nSo let me show you what I see, and how I framed each of these moments in the following slides.\r\n\r\nCaptured on Samsung #GalaxyS26Ultra #withGalaxy @samsungsrbija @samsungmobile\r\n\r\nAn ancient staircase leading into the sea.\r\nThe view was already beautiful, but I wanted a photo of myself there. So I framed the scene a little tighter, making sure I was part of the composition while keeping the staircase as the main element.\r\nFor this shot, I used:\r\n\r\nI framed it with the Wide Angle lens (23mm), which gave me enough space to include everything I wanted while allowing me to position myself close enough for the staircase to remain fully visible in the frame.\r\n\r\nA beautiful sunset from one of the island’s viewpoints.\r\nI wanted to bring the town a little closer while still keeping the incredible layers of mountains in the background, so I used:\r\n\r\nI framed it with the Super Telephoto lens (115mm), which gave me enough reach to bring the church and the mountain layers together into one composition and capture the magic of that sunset.\r\n\r\nBeautiful water lilies.\r\nThe scene was already stunning, but I became curious about what the yellow petals would look like up close, more abstract, more detailed, revealing something I couldn’t see from a distance. So I used:\r\n\r\nI framed it with the Telephoto lens (69mm), which brought out the delicate details of the flower, including the tiny water droplets beneath the petals. It revealed details I simply couldn’t notice with my own eyes.\r\n\r\nAn incredible formation of rocks meeting the sea.\r\nI asked a friend to stand on the edge so I could make the composition even more minimal, using:\r\n\r\nI framed it with the Super Telephoto lens (115mm), which made the subject more prominent while compressing th"", ""post_url"": ""https://www.instagram.com/p/DbXmv51jSmj"", ""media_type"": ""image"", ""platform"": ""Instagram""}, {""caption"": ""Whenever I come back to Zagajička brda, I’m left speechless by the unreal shapes of these hills. They almost don’t look real more like a painting than a landscape.\nFor years, I imagined creating a photograph here with a white horse: a symbol of pure freedom, standing out against this endless sea of green and wind shaped curves.\n\nWhat makes this place even more incredible is the story behind it. These rolling hills are part of the ancient dunes of the Deliblato Sands, once known as the “European Sahara.” Strong winds shaped the land for centuries, while moving sand threatened nearby villages and crops.\n\nDuring the reign of Maria Theresa, large-scale reforestation began to stop the sand from spreading further across Banat. Human hands planted forests that transformed this once almost desert-like landscape into the surreal green oasis it is today,one of Europe’s most unique examples of how nature and human effort can coexist.\nA place shaped by the wind, protected by people, and still carrying the feeling of complete freedom. 🌿🐎"", ""post_url"": ""https://www.instagram.com/p/DYyzwrujWVI"", ""media_type"": ""image"", ""platform"": ""Instagram""}, {""caption"": ""Just give me a distant blue horizon, and I’m forever happy. 💙\nThese dramatic volcanic cliffs make almost every view feel endless. Sky, sea, and nothing to interrupt the horizon.\n\nThat’s my kind of beauty.\nMajestic. 😍\n.\nPhotography @katarina_mandarina\n..\n#santorini #greece_travel #greekislands"", ""post_url"": ""https://www.instagram.com/p/DaZ9uZojYcx"", ""media_type"": ""image"", ""platform"": ""Instagram""}, {""caption"": ""Namibia doesn’t repeat itself.\r\nThe sunrise light shifts. The elephant moves. The Himba girl looks away. The reflection shivers and dissolves.\r\nFour moments. Four single frames. No second chances, no second shots.\r\nThis is what it means to be ready not just with a camera, but with a phone that doesn’t make you choose between speed and quality. Every one of these was shot on a single frame with the Samsung Galaxy S26 Ultra. One shot. That’s all it took.\r\nBecause the best moments in life don’t wait for you to be ready. They just happen and then they’re gone.\r\n🦏 Namibia 🤍"", ""post_url"": ""https://www.instagram.com/p/DXtbTJ4japO/"", ""media_type"": ""image"", ""platform"": ""Instagram""}, {""caption"": ""We are all one… aren’t we?\r\nThe more I travel, the more I feel it.\r\nIn textures, in colors, in the eyes of animals, in landscapes shaped by time and nature… I keep seeing reflections of ourselves everywhere around us. Patterns repeating endlessly. They repeat. They mirror. They reflect something deeply familiar, because they are you. The same energy that moves through the land, through every creature, through every grain of sand moves through you too.Nothing truly separate. Just different expressions of the same source.\r\n\r\nThese moments in Namibia stopped me in my tracks and reminded me of that truth. So I let them inspire something, a series of eyes matching animals and landscapes, a quiet visual reminder of the beauty of that oneness.\r\nLook into the eyes of another living being and tell me you don’t see yourself there. 🌍🤍\r\n\r\n#wildlifephoto #namibia #eyes #namibiadesert #canonphotography"", ""post_url"": ""https://www.instagram.com/p/DYbtst5DdRA"", ""media_type"": ""image"", ""platform"": ""Instagram""}]"
milospetrovic,"✈️ Porodična putovanja
🎥 Travel Blog & YouTube: @putuj_rs
💦 Founder @spahoteli","Po treći put u Protarasu, a spadam u ljude koji ne žele da se vraćaju na ista mesta. Ipak, Protaras je neka posebna priča, nalepše i najčistije plaže Evrope i naša zona komfora prepuna uspomena, od otkrivanja trudnoće, Dunjinog prvog plivanja u moru sa 7 meseci i dugih jutarnjih šetnji uz izlazak sunca na najlepšoj promenadi uz more. Mogao bih lagano da se pretplatim na Protaras svake godine (samo da nije jedino u godini 😆).

Servisna info: Temperatura vode početkom juna: 22-24
Ležaljke x 2 i suncobran - 10 eur (umesto 7.5 ko nekad)
Hotel u kom smo odseli: Vrissaki Beach
Transfer od aerodroma samostalno organizovali za 65 evra po pravcu.
I dalje smatram da je period 20.9.- 10.10. najbolji za Protaras i Kipar! | Koliko je zapravo teško upravljati avionom? 😅
Spoiler: nije kao u igricama.

Ali osećaj? Brutalan.

Biraš odakle polećeš i gde slećeš, visinu i pravac. Moraš paziti na sve ali pomoće je tu. Sjajno za druženje, kao poklon ili ako želiš da skontaš da li si za pilota 😎

📍 Novi Beograd
✈️ Boeing 737 simulator

#simulator #boeing737 #pilotlife #beograd #avion | Kopaonik je postao naša sigurna skijaška baza, emocija, uspomene, nostalgija i mesto susreta sa prijateljima koji skijaju.

Kraj marta nam se godinama pokazuje kao fantastičan period za skijanje. I ako nas FOMO razvali već krajem februara, ovaj put su se kockice sklopile nešto kasnije.

Manje gužve, povoljniji ski pas i cene smeštaja, a i dalje fantastičan skijaški vajb. I da vas podsetim, ja sam tek sa 34 godine naučio da skijam 😆 Sada mi je 7. sezona skijanja i uveliko sam na crvenim i crnim stazama. Nikad nije kasno! P.S. Redovnost u teretani drastično povećava sigurnost u skijanju.

#skijanje #kopaonik #planina | Topli pozdrav sa Majorke, koju smo odabrali za letovanje u septembru i pokajali se nismo.

Nije lako odabrati lokaciju pa je izbor pao na Palmanovu. Od 10 dana tri smo se družili sa renatakarom, čisto da se u ostrvo dodatno zaljubimo.

Posle raznih porodičnih avantura rešili smo da ovu malo olakšamo sa bakom u društvu što je rezultiralo sa nekoliko večeri oslikanih na poslednjem slajdu.

Biće još fotki, pa i baku da otkrijemo, za početak mali intro i najava da će uskoro detaljan prikaz našeg letovanja u formi saveta na blogu Putuj.rs naravno.

Šerujem vam ređe ali se nadam da je korisno, jer mi trenutni ritam toliko dozvoljava.

#mallorca #majorka #spanija #španija #palmanova #magaluf #alcudia | Dete koje upozna prirodu, postaje čovek koji zna gde da se vrati kad sve postane preglasno.

Mala planinska lekcija o balansu. 🫐🌲 I Dunja koju sa 16 meseci na Kopaoniku učimo kako da bere šumske borovnice

#priroda #deteuprirodi #toddlerlife
#gentleparenting #planina #kopaonik #zivotsadecom | Obećali smo Dunji kamilu a videli kravu, ali nema veze. Bilo je super!

Naše porodično putovanje u Abu Dhabi začinili smo pravim arapskim začinom, čisto da razbijemo monotoniju resorta. Heritage Village je kompleks na otvorenom, sa par mini muzeja i dovoljno hlada za bilo koje doba dana i dolazak sa našom 14mesečnom todlerkom.

#familytrip #porodica #putovanje #abudhabi🇦🇪 #abudhabilife #heritagevillage | Dan posle sabiram utiske. Kragujevčani su sjajni domaćini! Sami su organizovali brdo hrane, čajeva, kafa, supica.. za sve ljude na protestu. Ovakvo zajedništvo među ljudima ja nikada nisam doživeo!

Bila je čast i veliko zadovoljstvo biti među narodom. Toliko pozitivne energije, kulturno, organizovano, divno! Više ne brinem za našu budućnost. Biće lepa. Sa ovakvim ljudima mora biti 😊

Na povratku ka Beogradu dovezao i dvoje studenata. Pametna i dobra deca, samo da potvrdim!

#studenti #protesti #studentskiprotesti #sretenje #kragujevac #sretnimosenasretenje #pumpaj | U Limasol smo svratili u povratku iz Dubaija. Ispalo je za nijansu skuplje nego da smo leteli direkt za Srbiju, pa zašto da ne. Dva puta smo za proteklih 14 meseci bili y Protarasu u dobre stvari čuli za Limasol, pa rekosmo hajde da produžimo sebi lepo vreme dok se ne vratimo u Srbiju.

Limasol je grad koji živi cele godine i razvija se sve više. Za moj pojam je poprilično miran. Posle Dubaija imali smo osećaj da smo došli u Vrnjačku Banju. Šetalište pored mora, stara i nova Marina su nam hajlajt svega što smo videli. Jako lepo mesto sa finom klimom, može biti opcija i van letnje sezone.

Kažu ljudi da je okolina još lepša što nas navodi i da se vratimo.

Ipak na više dana sebe pre mogu da zamislim u Protarasu i istočnoj obali nego u Limasolu. Prosto deluje egzotičnije na istoku. Svakako mi je drago da smo Limasol videli, ali ne planiramo povratak u skorije vreme. Puno toga nam je na listi 😉

Da li ste vi bili u Limasolu i kakvi su vaši utisci? Ako niste, da li planirate da posetite ovo mesto?

#kipar #limasol #limassol #cyprus | Boravak u Dubaiju smo podelili na dva dela, 7 dana u Dubai Creek Harbour i 7 dana u Dubai Marini, što nam je logistički značilo da više toga obiđemo.

Takav plan nam je omogućio jutra u Dubai Marini i na JBR plaži, lakši odlazak na Palm Jumeirah i Kite beach. Uklopili smo i odlazak do Downtown i Burj Khalife mada je bliža Creeku.

Ovo je miks poslednjih drugog dela našeg odmora. Definitivno je sa malim detetom sve drugačije, logistički teže ali mnogo slađe 😊 Momenti u kojima Dunja pravi korake pored Burj Khalife ostaće nam zauvek posebno dragi!

#dubai #dubailife #family #uae🇦🇪",31500,"{""engagement_rate"": 2.1, ""avg_reel_plays"": 12400.0, ""avg_likes_per_post"": 620.0, ""avg_comments_per_post"": 3.0}","Mi se nadamo ove godine i cetvrti put | Gledao sam vase snimke i ove godine smo odlučili da idemo u Protaras. Uplaćeno 10dana za jul. :-) | Tako sam i ja spadala u ljude koji ne žele da se vraćaju na isto mesto, ali Kipar je izuzetak, tri godine zaredom, pa čak razmišljamo opet i o ovoj 😍 pretplatili se 😂🙌 | Cena molim vas i kako napraviti termin na koji br telefona?Hvala vam | 👏👏👏❤️🥰☀️✈️✈️✈️ | Da li postoi za putnike koi se plase letenja da u nekom od stimulatora za putnike uz strucnu pomoc prebrode strah od letenja,? | A zamisli tek kako ce biti kad se pridruzi i najmladji clan pa zajedno krenete niz staze 😊 | Sta znaci povoljniji? |  biće zabavno",instagram,milospetrovic,family_travel,0.9,"{""eco_conscious"": 0.3, ""luxury_orientation"": 0.2, ""budget_orientation"": 0.4, ""adventure_orientation"": 0.1, ""family_friendly"": 0.9, ""authenticity_signal"": 0.8}",True,"[{""caption"": ""Po treći put u Protarasu, a spadam u ljude koji ne žele da se vraćaju na ista mesta. Ipak, Protaras je neka posebna priča, nalepše i najčistije plaže Evrope i naša zona komfora prepuna uspomena, od otkrivanja trudnoće, Dunjinog prvog plivanja u moru sa 7 meseci i dugih jutarnjih šetnji uz izlazak sunca na najlepšoj promenadi uz more. Mogao bih lagano da se pretplatim na Protaras svake godine (samo da nije jedino u godini 😆).\r\n\r\nServisna info: Temperatura vode početkom juna: 22-24\r\nLežaljke x 2 i suncobran - 10 eur (umesto 7.5 ko nekad)\r\nHotel u kom smo odseli: Vrissaki Beach\r\nTransfer od aerodroma samostalno organizovali za 65 evra po pravcu.\r\nI dalje smatram da je period 20.9.- 10.10. najbolji za Protaras i Kipar!"", ""post_url"": ""https://www.instagram.com/p/DZQhPfWDUlR"", ""media_type"": ""image"", ""platform"": ""Instagram""}, {""caption"": ""Koliko je zapravo teško upravljati avionom? 😅\r\nSpoiler: nije kao u igricama.\r\n\r\nAli osećaj? Brutalan.\r\n\r\nBiraš odakle polećeš i gde slećeš, visinu i pravac. Moraš paziti na sve ali pomoće je tu. Sjajno za druženje, kao poklon ili ako želiš da skontaš da li si za pilota 😎\r\n\r\n📍 Novi Beograd\r\n✈️ Boeing 737 simulator\r\n\r\n#simulator #boeing737 #pilotlife #beograd #avion"", ""post_url"": ""https://www.instagram.com/p/DXznpV8tXOa/"", ""media_type"": ""reel"", ""platform"": ""Instagram""}, {""caption"": ""Kopaonik je postao naša sigurna skijaška baza, emocija, uspomene, nostalgija i mesto susreta sa prijateljima koji skijaju.\r\n\r\nKraj marta nam se godinama pokazuje kao fantastičan period za skijanje. I ako nas FOMO razvali već krajem februara, ovaj put su se kockice sklopile nešto kasnije.\r\n\r\nManje gužve, povoljniji ski pas i cene smeštaja, a i dalje fantastičan skijaški vajb. I da vas podsetim, ja sam tek sa 34 godine naučio da skijam 😆 Sada mi je 7. sezona skijanja i uveliko sam na crvenim i crnim stazama. Nikad nije kasno! P.S. Redovnost u teretani drastično povećava sigurnost u skijanju.\r\n\r\n#skijanje #kopaonik #planina"", ""post_url"": ""https://www.instagram.com/p/DWnukVTDfzS"", ""media_type"": ""image"", ""platform"": ""Instagram""}, {""caption"": ""Topli pozdrav sa Majorke, koju smo odabrali za letovanje u septembru i pokajali se nismo.\r\n\r\nNije lako odabrati lokaciju pa je izbor pao na Palmanovu. Od 10 dana tri smo se družili sa renatakarom, čisto da se u ostrvo dodatno zaljubimo.\r\n\r\nPosle raznih porodičnih avantura rešili smo da ovu malo olakšamo sa bakom u društvu što je rezultiralo sa nekoliko večeri oslikanih na poslednjem slajdu.\r\n\r\nBiće još fotki, pa i baku da otkrijemo, za početak mali intro i najava da će uskoro detaljan prikaz našeg letovanja u formi saveta na blogu Putuj.rs naravno.\r\n\r\nŠerujem vam ređe ali se nadam da je korisno, jer mi trenutni ritam toliko dozvoljava.\r\n\r\n#mallorca #majorka #spanija #španija #palmanova #magaluf #alcudia"", ""post_url"": ""https://www.instagram.com/p/DPKQrSrjWk-/"", ""media_type"": ""image"", ""platform"": ""Instagram""}, {""caption"": ""Dete koje upozna prirodu, postaje čovek koji zna gde da se vrati kad sve postane preglasno.\n\nMala planinska lekcija o balansu. 🫐🌲 I Dunja koju sa 16 meseci na Kopaoniku učimo kako da bere šumske borovnice\n\n#priroda #deteuprirodi #toddlerlife\n#gentleparenting #planina #kopaonik #zivotsadecom"", ""post_url"": ""https://www.instagram.com/p/DMgYCImsMxy/"", ""media_type"": ""reel"", ""platform"": ""Instagram""}]"
itsjocaa,"📌 Belgrade, Serbia
🏆 🇷🇸Travel Influencer of the Year 2025
📸 ✈️Travel Advisor
📧 Collabs: itsjocabusiness@gmail.com
🚁 Drone pilot Dji4","FIRENCA🇮🇹 kako doći iz Pize ovo su mesta koje moraš videti.

Ako si u Pizi, do Firence stižeš vozom za 1h
Cena karte: 8–10€ Jedan smer
Polazak: skoro na svakih 20–30 min sa Pisa Centrale → Firenze S.M. Novella-1H

BITNO: Bio sam na 42°C ako ideš leti, kreni rano ujutru ili kasno popodne!

Top 10 šta videti u Firenci:

1. Duomo (Santa Maria del Fiore)
2. Kupola Brunelleschi
3. Ponte Vecchio
4. Piazza della Signoria
5. Uffizi galerija
6. Palazzo Vecchio
7. Piazzale Michelangelo
8. Basilica Santa Croce
9. Boboli vrtovi
10. Mercato Centrale

NAJVEĆI HIGHLIGHT:
Obavezno idi na Piazzale Michelangelo za zalazak | Cinquе Terre vodič 🇮🇹👇

Do Cinque Terre možete lako da dođete iz Pize ili Viareggia samo uhvatite voz do grada La Spezia. To je glavna stanica i lep grad koji možete i usput da obiđete.

Iz La Spezie karta je oko 5–6€, a voz do sela ide na svakih pola sata.

Moj plan 👇

Prvo idite do Vernazze (skroz na kraju)
Kad obiđete Vernazzu – idite do Manarole
Iz Manarole nastavite do Riomaggiorea

Između sela:
Voz: 5–10 minuta (karta oko 20€)
Peške: oko 45 minuta (ako nije prevruće)

(Ja sam se švercovao, nisam davao 20€ za 5 minuta vožnje Serbian blood😁)

Ako je velika vrućina – ne preporučujem hajking

Kratko o selima
U svim ovim selima imate mogućnost da se kupate i skačete sa stena.

Vernazza - najlepše selo, kao razglednica ne propuštati nikako.
Manarola – šarene kuće i top za fotke najlepša fotka ubedljivo!
Riomaggiore – savršen za zalazak sunca bleju i pizzu☺️

Koje biste vi prvo posetili?🇮🇹
#putovanja #putovanje #zanimljivosti #italija #putujupoznaj | Da li je ovo najlepša plaža u Evropi?
Ako znaš bolju napiši gde 👇

Na Kipar možeš da odeš i bez velikog budžeta uz niskobudžetne letove ka ovom rajskom ostrvu, raj ti je na dohvat ruke.

A tamo te čeka jedna od najlepših plaža u Evropi tirkizno more koje izgleda nestvarno.

A ako želiš da doživljaj podigneš na maksimum, izbor je jasan @nissiblubeach, najlepši hotel na Kipru.

Spoj savršene lokacije, pogleda i luksuza koji se pamti.

#putovanja #putovanje #letovanje #plaza #kipar | Ovo nisu Maldivi… ali jesu. 😳🌊

Mesto gde voda izgleda kao Maldivi, a noći kao Ibica.
Dobro došli na Kipar. Dobro došli u @nissiblubeach

Nissi plaža je bukvalno razlog zašto ljudi dolaze u Ajia Napu tirkiz koji ne izgleda realno, beli pesak i ostrvo do kog možeš da prošetaš kroz more.

A kad padne noć… Ajia Napa postaje jedna od NAJLUDJIH party destinacija u Evropi. Jedna ulica. 80+ klubova. Bez pauze.

Zanimljivost: nekada je ovo bilo mirno ribarsko selo. Danas? “Ibica istoka”.

📍 6 stvari koje morate posetiti u Ajia Napi

1. Nissi Beach – voda koju nećeš moći da izbaciš iz glave
2. Makronissos Beach – mirniji vajb, još lepši kadrovi
3. Sculpture Park – umetnost + pogled koji kida
4. Sea Caves – mesto gde more bukvalno “jede” stene
5. MUSAN – podvodni muzej gde roniš kroz skulpture
6. Ayia Napa Monastery – totalni kontrast svemu ovome

WizzAirom do Larnake na Kipar ✈️ jeftino letovanje i letovi iz Beograda, Tuzle i Skoplja budget putovanja za leto 🌊

#putovanje #putovanja #putuj #letovanje #jeftino | Leto stiže za 20 dana, ali na Malti leto već odavno traje 30°C, sunce prži, a more je već toplo kao u sred avgusta.

Ako vam treba znak da pobegnete negde, ovo je to SAČUVAJTE POST.

Ovo su samo neke od plaža koje možete da posetite na Malti svaka ima svoju priču.

Dobra stvar je što iz Beograda i Niša imate baš jeftine letove Wizz i Ryanair, tako da Malta realno nikad nije bila bliža.

#letovanje #leto2026 #plaža #putovanja #putovanje | Ovo je najlepša zemlja u kojoj sam ikada bio.

Priroda je nestvarna džungle, more, plaže… sve izgleda kao film.

Gradovi su moderni, sređeni i bukvalno savršeno funkcionišu.

Plaže su među najlepšima na svetu, a cene su brutalne.
Ručak 2–3€, kokos na plaži 1€, kafa 1€.
Sveže voće na svakom ćošku za sitne pare.

Masaže? Najbolje koje sam imao sat vremena 8,9€, a često i manje.

Ljudi su neverovatno ljubazni.
Motor te vozi sat vremena za 3–4€, taksi 8–9€.

Smeštaj? Airbnb ili Booking penthouse sa infinity pool-om, teretanom i svim mogućim, 10 noćenja oko 250€.

Ležaljke na luksuznim plažama su 4-8€ a kokteli 3-8€

Garderoba dosta stvari koje nemaju kod nas cene mnogo pristupačnije i jeftinije za 40-50€

Izleti na ostrva, snorkeling, vožnje brodom sve je mnogo jeftinije nego što bi očekivao.

Jedino što je skuplje je avionska karta ali i to može da se nađe povoljno, posebno preko Istanbula.

Ovo je bukvalno ono za šta bi ljudi dali paprene pare na nekom letovanju…
a ovde ih potrošiš samo na kartu.

DOBRODOŠLI NA TAJLAND!

#letovanje #putovanja #putovanje #jeftino aviokarte | Najlepše mesto za fotku u Beogradu📷🥰
📍Kosančićev venac, Beograd

#fotografija #beograd #srbija #prolece #srbija_u_slikama | Letovanje u Kini? Preporučujem Hainan.

Svi idu u Grčku, Italiju, Španiju… a retko ko razmišlja o Kini. A realnost je da je Hainan tropski raj palme, tirkizno more i ozbiljan luksuz.

Budimo realni karta za Kinu jeste skuplja. Ali kad stigneš tamo, sve ostalo je šokantno jeftino i kvalitetno. Jedeš za 2,3€, voziš se za par evra, piješ za 1€ Za oko 20-40€dnevno možeš da živiš baš dobro.

Sad poređenje. Odeš u Grčku ili Italiju, Španiju ili čak kod komšija deluje kao da će biti jeftinije jer je blizu. A onda ležaljke i piće 20–30€, večera 20€+, taxi 10–20€, sladoled 3–5€. I na kraju svaki dan ode 100€ bez problema.

U Kini je druga priča. Jedeš za 3€, voziš se za 2€, piješ za 1€, a dobiješ egzotiku i nivo usluge koji u Evropi često košta mnogo više.

Na kraju nije pitanje da li je Kina skupa, nego da li želiš da platiš skuplju kartu i onda tamo živiš duplo bolje.

Da li biste vi pre izabrali Evropu ili ovakav tip putovanja? #putovanja #putovanje #jeftino #zanimljivosti #putuj | S kim bi obišao kineske Maldive?✈️😍

Dobrodošli na ostrvo Hainan
Jedno od najzanimljivijih mesta za jeftino letovanje u Kini.

Ako tražiš jeftino letovalište, ovde su smeštaj, hrana i svakodnevni troškovi iznenađujuće niski.

U videu pokazujem koliko zapravo košta putovanje, taksi, kafa i hotel u centru i zašto je ovo možda jedno od najboljih budget travel mesta ove godine.
@chinaculturalcenterinbelgrade

#putovanja #putovanje #turizam #letovanje hainan | Šta raditi i videti 24h u Dublinu&tips

Temple Bar – najpoznatiji deo grada, pun pabova i muzike
Guinness Storehouse – fabrika čuvenog piva (probaj Guinness, ulaz 20–25€)
Bambino Pizza – viralna pizza u new york stilu
St. Stephen’s Green Shopping Centre – najpoznatiji šoping centar u gradu
Jervis Shopping Centre – popularan šoping u centru
St Patrick’s Cathedral – najveća i najpoznatija katedrala u Irskoj
Phoenix Park – ogroman park sa jelenima
Trinity College Dublin – najstariji univerzitet i čuvena biblioteka
Ha’penny Bridge – simbol grada preko reke
St Stephen’s Green – lep park za odmor u centru
Howth – more, litice i pogledi blizu grada
Molly Malone Statue – poznata statua i simbol grada

tips: Dublin Express 10€, sa uk vizom ulazak preko short stay programa, letovi iz londona i škotske česti čak na svakih sat vremena takodje low cost iz hrvatske (wizz air/ryanair).

Što se tiče samo Irske vize

– oko 60€ za jednokratnu vizu
– oko 100€ za višekratnu

#putovanja #putovanje #putovati #turizam #irska",94100,"{""engagement_rate"": 2.85, ""avg_reel_plays"": 39000.0, ""avg_likes_per_post"": 4890.0, ""avg_comments_per_post"": 240.0}","Najlepši grad u Italiji😍❤️😍 | Nema više komentara,sve si u slikama obrazložio❤️❤️❤️Svaka čast❤️❤️❤️ | Zaljubljena u Firencu, iako još uvek nisam otišla 🫠💌 | Woooooow😍😍😍😍😍😍😍 | Predivnoo 🥹❤️❤️❤️ | Ma ovo je raj 😍 Hvala na divnim slikama, sada znam koje mesto sledece posecujem 😍 | Bila, extra je sve, svaka preporuka.. Nisi beach tri minuta peške, na hotelski bazenu uvek ležaljke, hrana super 👌 spa centar super👍 | Stvarno je prelepo😍😍😍 | Nemoguće ne poželeti otići iste sekunde na Kipar nakon ovako fantastičnih snimaka 😍💙💙",instagram,itsjocaa,backpacker_budget,0.95,"{""eco_conscious"": 0.3, ""luxury_orientation"": 0.1, ""budget_orientation"": 0.9, ""adventure_orientation"": 0.2, ""family_friendly"": 0.3, ""authenticity_signal"": 0.85}",True,"[{""caption"": ""FIRENCA🇮🇹 kako doći iz Pize ovo su mesta koje moraš videti.\r\n\r\nAko si u Pizi, do Firence stižeš vozom za 1h\r\nCena karte: 8–10€ Jedan smer\r\nPolazak: skoro na svakih 20–30 min sa Pisa Centrale → Firenze S.M. Novella-1H\r\n\r\nBITNO: Bio sam na 42°C ako ideš leti, kreni rano ujutru ili kasno popodne!\r\n\r\nTop 10 šta videti u Firenci:\r\n\r\n1. Duomo (Santa Maria del Fiore)\r\n2. Kupola Brunelleschi\r\n3. Ponte Vecchio\r\n4. Piazza della Signoria\r\n5. Uffizi galerija\r\n6. Palazzo Vecchio\r\n7. Piazzale Michelangelo\r\n8. Basilica Santa Croce\r\n9. Boboli vrtovi\r\n10. Mercato Centrale\r\n\r\nNAJVEĆI HIGHLIGHT:\r\nObavezno idi na Piazzale Michelangelo za zalazak"", ""post_url"": ""https://www.instagram.com/p/DbqzzvLguoY/"", ""media_type"": ""image"", ""platform"": ""Instagram""}, {""caption"": ""Cinquе Terre vodič 🇮🇹👇\r\n\r\nDo Cinque Terre možete lako da dođete iz Pize ili Viareggia samo uhvatite voz do grada La Spezia. To je glavna stanica i lep grad koji možete i usput da obiđete.\r\n\r\nIz La Spezie karta je oko 5–6€, a voz do sela ide na svakih pola sata.\r\n\r\nMoj plan 👇\r\n\r\nPrvo idite do Vernazze (skroz na kraju)\r\nKad obiđete Vernazzu – idite do Manarole\r\nIz Manarole nastavite do Riomaggiorea\r\n\r\nIzmeđu sela:\r\nVoz: 5–10 minuta (karta oko 20€)\r\nPeške: oko 45 minuta (ako nije prevruće)\r\n\r\n(Ja sam se švercovao, nisam davao 20€ za 5 minuta vožnje Serbian blood😁)\r\n\r\nAko je velika vrućina – ne preporučujem hajking\r\n\r\nKratko o selima\r\nU svim ovim selima imate mogućnost da se kupate i skačete sa stena.\r\n\r\nVernazza - najlepše selo, kao razglednica ne propuštati nikako.\r\nManarola – šarene kuće i top za fotke najlepša fotka ubedljivo!\r\nRiomaggiore – savršen za zalazak sunca bleju i pizzu☺️\r\n\r\nKoje biste vi prvo posetili?🇮🇹\r\n#putovanja #putovanje #zanimljivosti #italija #putujupoznaj"", ""post_url"": ""https://www.instagram.com/p/DbllI_fArC1"", ""media_type"": ""image"", ""platform"": ""Instagram""}, {""caption"": ""Da li je ovo najlepša plaža u Evropi?\nAko znaš bolju napiši gde 👇\n\nNa Kipar možeš da odeš i bez velikog budžeta uz niskobudžetne letove ka ovom rajskom ostrvu, raj ti je na dohvat ruke.\n\nA tamo te čeka jedna od najlepših plaža u Evropi tirkizno more koje izgleda nestvarno.\n\nA ako želiš da doživljaj podigneš na maksimum, izbor je jasan @nissiblubeach, najlepši hotel na Kipru.\n\nSpoj savršene lokacije, pogleda i luksuza koji se pamti.\n\n#putovanja #putovanje #letovanje #plaza #kipar"", ""post_url"": ""https://www.instagram.com/p/DZQOaB3iPRa/"", ""media_type"": ""reel"", ""platform"": ""Instagram""}, {""caption"": ""Ovo nisu Maldivi… ali jesu. 😳🌊\r\n\r\nMesto gde voda izgleda kao Maldivi, a noći kao Ibica.\r\nDobro došli na Kipar. Dobro došli u @nissiblubeach\r\n\r\nNissi plaža je bukvalno razlog zašto ljudi dolaze u Ajia Napu tirkiz koji ne izgleda realno, beli pesak i ostrvo do kog možeš da prošetaš kroz more.\r\n\r\nA kad padne noć… Ajia Napa postaje jedna od NAJLUDJIH party destinacija u Evropi. Jedna ulica. 80+ klubova. Bez pauze.\r\n\r\nZanimljivost: nekada je ovo bilo mirno ribarsko selo. Danas? “Ibica istoka”.\r\n\r\n📍 6 stvari koje morate posetiti u Ajia Napi\r\n\r\n1. Nissi Beach – voda koju nećeš moći da izbaciš iz glave\r\n2. Makronissos Beach – mirniji vajb, još lepši kadrovi\r\n3. Sculpture Park – umetnost + pogled koji kida\r\n4. Sea Caves – mesto gde more bukvalno “jede” stene\r\n5. MUSAN – podvodni muzej gde roniš kroz skulpture\r\n6. Ayia Napa Monastery – totalni kontrast svemu ovome\r\n\r\nWizzAirom do Larnake na Kipar ✈️ jeftino letovanje i letovi iz Beograda, Tuzle i Skoplja budget putovanja za leto 🌊\r\n\r\n#putovanje #putovanja #putuj #letovanje #jeftino"", ""post_url"": ""https://www.instagram.com/p/DZqAND8ArSC"", ""media_type"": ""image"", ""platform"": ""Instagram""}, {""caption"": ""Leto stiže za 20 dana, ali na Malti leto već odavno traje 30°C, sunce prži, a more je već toplo kao u sred avgusta.\r\n\r\nAko vam treba znak da pobegnete negde, ovo je to SAČUVAJTE POST.\r\n\r\nOvo su samo neke od plaža koje možete da posetite na Malti svaka ima svoju priču.\r\n\r\nDobra stvar je što iz Beograda i Niša imate baš jeftine letove Wizz i Ryanair, tako da Malta realno nikad nije bila bliža.\r\n\r\n#letovanje #leto2026 #plaža #putovanja #putovanje"", ""post_url"": ""https://www.instagram.com/p/DY9hegWgud0/"", ""media_type"": ""image"", ""platform"": ""Instagram""}]"
robert_dascin,"👨‍🦱Putnik, teniser, poliglota.
🌎125/195 zemalja ✈️
🌴Vlasnik @riotravel_agencija
📕Autor 5 knjiga.
Knjige i ture🔽","Duboko u prašumama istočne i centralne afrike postoji jedan narod za koji ste vjerovatno ranije čuli u knjigama. Narod stariji od drevnih Egipćana, Grka, Rimljana, koji na ovim prostorima boravi već nekoliko hiljada godina, živjeći gotovo identično kroz sve ovo vijekove. Pored toga što su ostali potpuno izolovani od modernog života kakvog poznajemo danas, prepoznaju se i po veoma niskom rastu, crnoj koži, uvijek bosim nogama, ali i po činjenici da su glasni, da vole muziku i ples i da su veoma društveni. Tokom putovanja kroz Ugandu, imali smo priliku da upoznamo jedno njihovo pleme, a samo iskustvo bilo je više nego posebno🙏 | Nakon više od mjesec dana pauze, nastavljamo sa objavama iz Istočne Afrike, a evo nas u nacionalnom parku Lake Mburo. Iako spada među manje NP u Ugandi, u pitanje prelijepo područje savana, jezera i šuma u kojem žive zebre, žirafe, bivoli, nilski konji, krokodili i brojne vrste antilopa, dok nebom svakodnevno preleti više od 300 vrsta ptica.

Ono po čemu je Lake Mburo poseban jeste to što ovdje, uz pratnju naoružanog rendžera, možete doživjeti safari pješice, što još nigdje nisam vidio do sada i gdje životinjama bukvalno možete prići na udaljenost od par metara😍

Ovo je i jedini nacionalni park u Ugandi u kojem je sigurica da ćete vidjeti zebre, jer ih ovdje živi nekoliko hiljada, a tu je i eland, najveća antilopa na svijetu čiji mužijaci mogu težiti i do jedne tone.

Ulaz u park za strane turiste iznosi 40 dolara, a sav prihod koristi se za zaštitu divljih životinja i očuvanje ovog jedinstvenog ekosistema. Mišljenja sam da ako ste u ovoj zemlji, obavezno trebate posjetiti ovo mjesto, jer za vrlo malo novca i u prekrasnom ambijentu, doživite onu pravu divljinu Afrike😇 | Kad s nekim proputujete 25 zemalja, a pri tome vam bude baš lijepo i uživate, znate da ste našli baš dobrog saputnika ☺️ Jer nekako, ako putujete u društvu, to je zaista bitno. A mi bukvalno provodimo po cijele dane zajedno 😄 Znao sam da od prvog dana kad sam izabrao prvi par Ecco patika pravim najbolju odluku i da nisam pogriješio nakon što su me iz @planikabih pozvali za saradnju i da budem njihov brend ambasador prije sada već 4 godine. Moja kolekcija samo raste i raste, cipelari su odavno postali mali, a onaj prvi par crvenih patika koje sam uzeo i dan danas nosim i dalje su kao nove ❤️

Najiskrenije, sve moje saradnje koje vidite na profilu su u potpunosti JA. Ni jednu, ali baš ni jednu nikad nisam radio a da nisam vjerovao u nju. Isto je i sa @planikabih i Ecco obućom, s ponosom ih nosim jer su najudobnije i najkvalitetnije koje sam pronašao za sebe, a trajaće vam godinama vjerujte! Nikad više ne želim da nosim ni jedne druge patike definitivno i to sad kazem javno❤️ Inače, dizajn im je predivan, imate izbor od elegancije do sportskih modela, ljetnje, zimske, jesenje obuće, vodootporne, futrovane, ma sve što poželite 🥰

Ponovo idemo zajedno na novu destinaciju, a dok ne krenu priče sa nje, evo jedan rezime sa raznih strana svijeta gdje smo se Ecco i ja družili ☺️ | Je li favela sigurnija od Copacabane?

Robert Dacešin otkrio je zašto pojedine favele u Rio de Janeiru mogu biti sigurnije za turiste od poznate Copacabane, ali i zašto ih ipak ne treba posjećivati bez lokalnog vodiča.

Kako funkcioniraju pravila unutar favela i gdje turistima prijeti veći rizik od pljačke, pogledajte u novom isječku iz podcasta ""Cancast"".

🎥 Cijela epizoda dostupna je na našem YouTube kanalu.

#RobertDacesin #Cancast #Podcast #Favele #Copacabana #RioDeJaneiro #Brazil #Putovanja #TravelPodcast #BljesakInfo
 | Trebinje je bez dileme jedan od najljepših gradova Balkana, ali da li ste znali da se unutar jedne njegove crkve nalazi nešto zaista posebno🥰 | Juče smo na brodiću malo skoknuli nadomak Brijuna, što je bila dovoljna inspiracija za malo muzike. Ali, ono što me zanima, koji ambijent vam je najbolji od ova četiri?

1. Španski vibe
2. Brijuni
3. Gitarica uz zalazak sunca
4. Najbolja verzija Titanika do sada

Šta kažete?😇 | U Ugandi možete stati tačno na liniju koja dijeli Zemlju na sjevernu i južnu hemisferu, na samom ekvatoru. A dok stojite ovdje zbog rotacije Zemlje, gravitacija je na neznatno slabija nego na polovima, pa ste tehnički malo lakši nego na bilo kojem drugom dijelu planete😇 | Prije par dana imao sam priliku da provedem vikend u @srcajdinovici i mogu vam reći da sam oduševljen onim šta sam vidio❤️Jer, šta reći za mjesto koje se prostire na 400 000 kvadratnih metara zelenila i gdje u jednom danu možete da se kupate u nekoliko bazena, šetate prirodom, družite se sa životinjama, trenirate kako unutra, tako i vani, vozite kvadove, igrate fudbal, košarku, tenis, odbojku i još mnogo toga, a uz sve to, imate neograničen izbor hrane i pića za samo 65 evra po osobi.

Da budem iskren, ne znam gdje još na našim prostorima imate ovakav omjer cijene i kvaliteta, te ako niste bili u Ajdinovićima do sada, ne znam šta čekate ljudi😇😇 | Ovo što ćete sada vidjeti je jedno od najbizarnijih mjesta na planeti. Grad smješten u Maleziji u saveznoj državi Johor koji je svojevremeno bio zamišljen kao pametni grad za bogatu klasu ovog dijela svijeta i u koji su uložene milijarde dolara, a koji je danas potpuno napušten… | Zabranjeni grad u Pekingu jedno je od najfascinantnijih mjesta u ovom dijelu Kine. Mada, pored samog izgleda grada o kojem ste imali više prilike da naučite više u prošlom videu, veoma interesantne su one priče koje su se dešavalo unutar njega.",148900,"{""engagement_rate"": 3.45, ""avg_reel_plays"": 62000.0, ""avg_likes_per_post"": 4890.0, ""avg_comments_per_post"": 240.0}","Od djetinjstva volim cijeli svijet, jer sam čitala knjigu Čuda svijeta, posebno se sjećam kako mi je bio zanimljiv ovaj narod....hvala ti što donosiš ovakve informacije o narodima koji su manje poznati.❤️🔥🌎😃 | Djeca su radost ❤️i njihov osmijeh | Željka mi je otići, a maleni su predivni | Samo se ona vidi❤️ | Ne mogu da verujem da je ovako nešto moguće..zaista impresivno deluje šetati među ovim životinjama, jer smo navikli da gledamo prizore gde posetioci snimaju samo iz zastićenih džipova.. | Top su ti ove poslednje reportaže iz istočne Afrike 🔥❤️😍 | Niko nije ni sumnjao brate ❤️ | Prlijepe fotke. A planika je kvaliteta i super je imati tako jedan par i pogledati u džonove a vidjeti ljepote kojima su nas nosile. | Niko nije ni sumnjao brate ❤️",instagram,robert_dascin,adventure_extreme,0.9,"{""eco_conscious"": 0.8, ""luxury_orientation"": 0.1, ""budget_orientation"": 0.2, ""adventure_orientation"": 0.9, ""family_friendly"": 0.5, ""authenticity_signal"": 0.85}",True,"[{""caption"": ""Duboko u prašumama istočne i centralne afrike postoji jedan narod za koji ste vjerovatno ranije čuli u knjigama. Narod stariji od drevnih Egipćana, Grka, Rimljana, koji na ovim prostorima boravi već nekoliko hiljada godina, živjeći gotovo identično kroz sve ovo vijekove. Pored toga što su ostali potpuno izolovani od modernog života kakvog poznajemo danas, prepoznaju se i po veoma niskom rastu, crnoj koži, uvijek bosim nogama, ali i po činjenici da su glasni, da vole muziku i ples i da su veoma društveni. Tokom putovanja kroz Ugandu, imali smo priliku da upoznamo jedno njihovo pleme, a samo iskustvo bilo je više nego posebno🙏"", ""post_url"": ""https://www.instagram.com/p/Dbpeio1AncM/"", ""media_type"": ""image"", ""platform"": ""Instagram""}, {""caption"": ""Nakon više od mjesec dana pauze, nastavljamo sa objavama iz Istočne Afrike, a evo nas u nacionalnom parku Lake Mburo. Iako spada među manje NP u Ugandi, u pitanje prelijepo područje savana, jezera i šuma u kojem žive zebre, žirafe, bivoli, nilski konji, krokodili i brojne vrste antilopa, dok nebom svakodnevno preleti više od 300 vrsta ptica.\n\nOno po čemu je Lake Mburo poseban jeste to što ovdje, uz pratnju naoružanog rendžera, možete doživjeti safari pješice, što još nigdje nisam vidio do sada i gdje životinjama bukvalno možete prići na udaljenost od par metara😍\n\nOvo je i jedini nacionalni park u Ugandi u kojem je sigurica da ćete vidjeti zebre, jer ih ovdje živi nekoliko hiljada, a tu je i eland, najveća antilopa na svijetu čiji mužijaci mogu težiti i do jedne tone.\n\nUlaz u park za strane turiste iznosi 40 dolara, a sav prihod koristi se za zaštitu divljih životinja i očuvanje ovog jedinstvenog ekosistema. Mišljenja sam da ako ste u ovoj zemlji, obavezno trebate posjetiti ovo mjesto, jer za vrlo malo novca i u prekrasnom ambijentu, doživite onu pravu divljinu Afrike😇"", ""post_url"": ""https://www.instagram.com/p/Dbka3RPs5qC/"", ""media_type"": ""reel"", ""platform"": ""Instagram""}, {""caption"": ""Kad s nekim proputujete 25 zemalja, a pri tome vam bude baš lijepo i uživate, znate da ste našli baš dobrog saputnika ☺️ Jer nekako, ako putujete u društvu, to je zaista bitno. A mi bukvalno provodimo po cijele dane zajedno 😄 Znao sam da od prvog dana kad sam izabrao prvi par Ecco patika pravim najbolju odluku i da nisam pogriješio nakon što su me iz @planikabih pozvali za saradnju i da budem njihov brend ambasador prije sada već 4 godine. Moja kolekcija samo raste i raste, cipelari su odavno postali mali, a onaj prvi par crvenih patika koje sam uzeo i dan danas nosim i dalje su kao nove ❤️\r\n\r\nNajiskrenije, sve moje saradnje koje vidite na profilu su u potpunosti JA. Ni jednu, ali baš ni jednu nikad nisam radio a da nisam vjerovao u nju. Isto je i sa @planikabih i Ecco obućom, s ponosom ih nosim jer su najudobnije i najkvalitetnije koje sam pronašao za sebe, a trajaće vam godinama vjerujte! Nikad više ne želim da nosim ni jedne druge patike definitivno i to sad kazem javno❤️ Inače, dizajn im je predivan, imate izbor od elegancije do sportskih modela, ljetnje, zimske, jesenje obuće, vodootporne, futrovane, ma sve što poželite 🥰\r\n\r\nPonovo idemo zajedno na novu destinaciju, a dok ne krenu priče sa nje, evo jedan rezime sa raznih strana svijeta gdje smo se Ecco i ja družili ☺️"", ""post_url"": ""https://www.instagram.com/p/DbDAXG7Avi4"", ""media_type"": ""image"", ""platform"": ""Instagram""}, {""caption"": ""Je li favela sigurnija od Copacabane?\n\nRobert Dacešin otkrio je zašto pojedine favele u Rio de Janeiru mogu biti sigurnije za turiste od poznate Copacabane, ali i zašto ih ipak ne treba posjećivati bez lokalnog vodiča.\n\nKako funkcioniraju pravila unutar favela i gdje turistima prijeti veći rizik od pljačke, pogledajte u novom isječku iz podcasta \""Cancast\"".\n\n🎥 Cijela epizoda dostupna je na našem YouTube kanalu.\n\n#RobertDacesin #Cancast #Podcast #Favele #Copacabana #RioDeJaneiro #Brazil #Putovanja #TravelPodcast #BljesakInfo"", ""post_url"": ""https://www.instagram.com/p/Da4xsgPEoNd"", ""media_type"": ""reel"", ""platform"": ""Instagram""}, {""caption"": ""Trebinje je bez dileme jedan od najljepših gradova Balkana, ali da li ste znali da se unutar jedne njegove crkve nalazi nešto zaista posebno🥰"", ""post_url"": ""https://www.instagram.com/p/DasYB_hiSxt/"", ""media_type"": ""reel"", ""platform"": ""Instagram""}]"
alex.djuricic,"🌏 Destination Manager @manga_trip
🏋️ IFBB Fitness Academy @alexfitguide
🇷🇸 Travel Portal @mojturizam
📹 Videographer @andrej.maricic","Lica Etiopije 🇪🇹🌍 | Postoje putovanja koja promenе pogled na svet. Machu Picchu je jedno od njih.
Skriven među Andima, ovaj drevni grad Inka podseća nas na snagu čoveka, povezanost sa prirodom i mudrost jedne civilizacije koja je ostavila trag za sva vremena.🌍 | 🌱Majka Ayahuasca – poslednja i najvažnija stvar zbog koje sam se vratio u Amazoniju. Tri noći, tri ceremonije, mnogo čišćenja, emocija, suza, smeha, ali i važnih životnih lekcija, dok iza sebe ostavljam još jednu nezaboravnu avanturu za kraj mog boravka u moćnom Peruu.🇵🇪🌱

Do sledećeg druženja - Amor por la Amazonia, te amo Peru. 🏞️🌳🐒
Definitivamente nos veremos de nuevo. 🇵🇪 | Danas sam prvi put iskusio tradicionalni amazonski rapé i teško je pronaći prave reči za ono što sam osetio i sve zahvaljujući čuvenom šamnu Merinu, prvoj glavi plemena Machigenga u Peruu. Jak kao zemlja, ali delotvoran u čišćenju uma i tela. U sekundi sam se preznojio kao nikada ranije i to u najboljoj odeći na svetu @_____dig_____ . Dok se telo prepuštalo prirodi, ego se topio ka reci Madre de Dios.

Rape je prirodna, tradicionalna amazonska mešavina finog praha koja se koristi u ceremonijalne, duhovne i medicinske svrhe među mnogim domorodačkim narodima Amazona, uključujući zajednice u Brazil, Peru, Boliviji i drugim zemljama regiona.

U trenutku kada mi je Šaman pustio Rape kroz sinise, sve je utihnulo. Misli koje su jurile kroz glavu odjednom su se smirile, a ostala je samo prisutnost. Osetio sam duboku povezanost sa sobom, prirodom Amazonije i životom oko mene.

Ono što je usledilo nije bila samo jasnoća, već i snažan osećaj zahvalnosti. Zahvalnosti za svaki udah, za ljude koje volim, za lekcije koje me oblikuju i za priliku da budem ovde i sada okružen prirodom i najboljim šamanima.

Rape me je podsetio koliko često zaboravljamo da zastanemo i zaista osetimo život. Danas sam se podsetio da sreća nije nešto što treba juriti, ona je već tu, u jednostavnim trenucima, kada otvorimo srce i postanemo prisutni.

Izlazim iz ovog iskustva sa više mira, više poštovanja prema drevnim tradicijama i sa srcem ispunjenim zahvalnošću majci Amazoniji.🙏✨🌿

#Gratitude #Rapé #AmazonianWisdom #Mindfulness HealingJourney Presence InnerPeace NatureConnection SpiritualJourney | Avantura kolima kroz Kaliforniju bila je nezaboravna, autentična i posebna. 🌵🏜️🇺🇸 | Dobrodošli u Portoriko, jednu od najlepših zemalja u sklopu Kariba. Glavni grad je San Huan, a energija u samom gradu je neverovatna. Prijatni ljudi, vrhunska hrana, vrhunske plaže i špansko govorno područje dovoljan je razlog da posetite ovu zemlju. 🇵🇷🇵🇷 | Angkor Wat je najveći i najpoznatiji hramski kompleks na svetu, izgrađen u 12. veku u vreme Kmerskog carstva. Prvobitno je bio hinduistički hram posvećen Višnuu, a kasnije je postao budistički centar. Poznat je po impresivnoj arhitekturi, reljefima i monumentalnim kulama, i danas je simbol Kambodže.🇰🇭 | Veliki kanjon u Americi je nešto najimpresivnije što sam video. Energija i jačina ovog mesta recima nisu opisive. Tada čovek shvati koliko je mali u odnosu na prirodu 😎 | Nema dalje, najjužnija tačka na planeti. Nacionalni Park Tores del Paine, Patagonija. Tamo gde priroda diktira pravila a čovek ih postuje ili je prosto nepoželjan. 🏞️ | Najpoznatija olupina na Islandu je američki vojni avion DC-3 na plaži Solheimasandur Plane Wreck. Radi se o avionu US Navy Douglas DC-3 (C-117D). Srušio se 1973. godine a zanimljivo je to da su svi članovi posade su preživeli

Do nesreće je došlo usled lošeg vremena i leđa na krilima, a mnogi navode razlog nestanka goriva. Pilot je morao da prinudno sleti na crnu plažu i od tada ovo predstavlja magnet za turiste radi svoje mistike i lokacije na kojoj se nalazi.",27400,"{""engagement_rate"": 3.8, ""avg_reel_plays"": 15600.0, ""avg_likes_per_post"": 1010.0, ""avg_comments_per_post"": 32.0}","Love, love, love 👏🏻😍 | Prelep mali gospodin. Drago mi je da se njima poklanja pažnja kao i svoj ostaloj deci. | Koliko su lepi 💞 | Machu Picchu je cudo❤️ | Savrsenstvo, bila sam tamo pre 7 dana, samo sto se vratih. Bilo je nestvarno! 🇵🇪 | U kom mesecu je najbolje otići | Svaka čast.... Najjača stvar na svetu ❤️🙌 | oće li biti kakvo iskustvo o tvom tripu ili samo kako izgleda konzumacija? zanima me jako | Probaj brate otici na liturgiju nedeljom,pricestiti se,postiti.To je nasa ayahuasca.No hate,zivio",instagram,alex.djuricic,adventure_extreme,0.92,"{""eco_conscious"": 0.81, ""luxury_orientation"": 0.18, ""budget_orientation"": 0.32, ""adventure_orientation"": 0.93, ""family_friendly"": 0.07, ""authenticity_signal"": 0.89}",True,"[{""caption"": ""Lica Etiopije 🇪🇹🌍"", ""post_url"": ""https://www.instagram.com/p/DY31J5MjAag/"", ""media_type"": ""image"", ""platform"": ""Instagram""}, {""caption"": ""Postoje putovanja koja promenе pogled na svet. Machu Picchu je jedno od njih.\r\nSkriven među Andima, ovaj drevni grad Inka podseća nas na snagu čoveka, povezanost sa prirodom i mudrost jedne civilizacije koja je ostavila trag za sva vremena.🌍"", ""post_url"": ""https://www.instagram.com/p/Da0R1A8sutn/"", ""media_type"": ""image"", ""platform"": ""Instagram""}, {""caption"": ""🌱Majka Ayahuasca – poslednja i najvažnija stvar zbog koje sam se vratio u Amazoniju. Tri noći, tri ceremonije, mnogo čišćenja, emocija, suza, smeha, ali i važnih životnih lekcija, dok iza sebe ostavljam još jednu nezaboravnu avanturu za kraj mog boravka u moćnom Peruu.🇵🇪🌱\r\n\r\nDo sledećeg druženja - Amor por la Amazonia, te amo Peru. 🏞️🌳🐒\r\nDefinitivamente nos veremos de nuevo. 🇵🇪"", ""post_url"": ""https://www.instagram.com/p/DZuzIAeMMcP/"", ""media_type"": ""reel"", ""platform"": ""Instagram""}, {""caption"": ""Danas sam prvi put iskusio tradicionalni amazonski rapé i teško je pronaći prave reči za ono što sam osetio i sve zahvaljujući čuvenom šamnu Merinu, prvoj glavi plemena Machigenga u Peruu. Jak kao zemlja, ali delotvoran u čišćenju uma i tela. U sekundi sam se preznojio kao nikada ranije i to u najboljoj odeći na svetu @_____dig_____ . Dok se telo prepuštalo prirodi, ego se topio ka reci Madre de Dios.\r\n\r\nRape je prirodna, tradicionalna amazonska mešavina finog praha koja se koristi u ceremonijalne, duhovne i medicinske svrhe među mnogim domorodačkim narodima Amazona, uključujući zajednice u Brazil, Peru, Boliviji i drugim zemljama regiona.\r\n\r\nU trenutku kada mi je Šaman pustio Rape kroz sinise, sve je utihnulo. Misli koje su jurile kroz glavu odjednom su se smirile, a ostala je samo prisutnost. Osetio sam duboku povezanost sa sobom, prirodom Amazonije i životom oko mene.\r\n\r\nOno što je usledilo nije bila samo jasnoća, već i snažan osećaj zahvalnosti. Zahvalnosti za svaki udah, za ljude koje volim, za lekcije koje me oblikuju i za priliku da budem ovde i sada okružen prirodom i najboljim šamanima.\r\n\r\nRape me je podsetio koliko često zaboravljamo da zastanemo i zaista osetimo život. Danas sam se podsetio da sreća nije nešto što treba juriti, ona je već tu, u jednostavnim trenucima, kada otvorimo srce i postanemo prisutni.\r\n\r\nIzlazim iz ovog iskustva sa više mira, više poštovanja prema drevnim tradicijama i sa srcem ispunjenim zahvalnošću majci Amazoniji.🙏✨🌿\r\n\r\n#Gratitude #Rapé #AmazonianWisdom #Mindfulness HealingJourney Presence InnerPeace NatureConnection SpiritualJourney"", ""post_url"": ""https://www.instagram.com/p/DZpnbvdjluk"", ""media_type"": ""image"", ""platform"": ""Instagram""}, {""caption"": ""Avantura kolima kroz Kaliforniju bila je nezaboravna, autentična i posebna. 🌵🏜️🇺🇸"", ""post_url"": ""https://www.instagram.com/p/DZAFn8rMQ3B"", ""media_type"": ""image"", ""platform"": ""Instagram""}]"
kristijanilicic,"🌎 First Croatian To Visit Every Country In The World 197/197
💻 Founder @nomadik.travel @lyntel_esim
✈️ Biggest travel blog in Croatia/Serbia/Bosnia","Postoje putovanja koja rezervirate jednim klikom, odaberete datum, kupite avionsku kartu i nekoliko sati kasnije već razmišljate što ćete prvo obići kada stignete na odredište. A postoje i ona druga putovanja, ona za koja mjesecima ne znate hoćete li uopće uspjeti krenuti, na kojima se planovi mijenjaju iz dana u dan, gdje svaka nova informacija može značiti da je cijela ekspedicija završila prije nego što je uopće počela. Sokotra je upravo jedno od takvih mjesta i upravo zato svako putovanje na ovaj nevjerojatni otok nosi sa sobom posebnu težinu, neizvjesnost i osjećaj da se upuštate u nešto što daleko nadilazi klasično turističko putovanje.

Zbog političke situacije u regiji letovi prema Sokotri nisu nešto što jednostavno kupite preko interneta kao kartu za Pariz, Rim ili London. Ovdje ništa nije sigurno, rasporedi se mijenjaju preko noći, aviokompanije otkazuju letove bez puno upozorenja, a ono što danas izgleda kao gotova stvar već sutra može postati potpuno nemoguća misija. Upravo zato sam za ovu ekspediciju kupio avionske karte vrijedne gotovo pedeset tisuća eura, uvjeren da će plan koji smo mjesecima slagali ipak uspjeti, no nekoliko dana prije puta stigla je vijest koju nitko nije želio čuti, a to je da su svi letovi iz Abu Dhabija prema Sokotri bili su otkazani.

U tom trenutku imao sam dvije mogućnosti. Mogao sam jednostavno otkazati cijelo putovanje, vratiti novac svim putnicima i prihvatiti da je ovoga puta politika bila jača od svih naših planova, ili sam mogao krenuti tražiti rješenje. Odlučio sam pokušati jer sam tijekom svih godina putovanja naučio da se najveće priče gotovo nikada ne rađaju onda kada sve ide po planu, nego upravo onda kada izgleda da izlaza više nema.

Nakon dosta nervoze pojavila se jedna jedina mogućnost, neizvjesni let iz Džede u Saudijskoj Arabiji prema Sokotri koji je počeo letjeti samo praktički 2 dana prije puta. Dakle, budući da je let tek navodno krenuo nije postojala nikakva garancija da ćemo zaista poletjeti jer je zbog političke situacije postojala sasvim realna mogućnost da i Yemenia Airways u posljednjem trenutku otkaže letove. | Ako postoji definicija sreće, možda izgleda baš ovako.

Tokio, tirkizno more Kornata, tisuće ribica i nekoliko sati bezbrižnog plivanja. Ništa više nije potrebno. 🩵 🇭🇷 | Mir, tišina i more ispred šatora. 🌊🤍

Na otoku Žutu, u @gastro_glamping_festa u prvom redu do mora. U srcu sezone od 250 € s doručkom. Za Tokio i nas savršen bijeg. 🐾

Što kažete? | Preko 2 milijarde dolara uloženo je u Sphere.

Najrealističnije filmsko iskustvo koje sam doživio.

Zvuk dolazi sa svih strana, sjedala vibriraju, osjećaš vjetar, promjene temperature i efekte koji te doslovno uvuku u priču. | Nalazimo se u demilitariziranoj zoni između Sjeverne i Južne Koreje, jednoj od najčuvanijih granica na svijetu.

Ispod mene nalazi se jedan od tajnih tunela koje su Sjevernokorejci gradili kako bi u slučaju rata mogli neprimjetno prebaciti vojsku na teritorij Južne Koreje.

Do danas su službeno otkrivena četiri takva tunela, ne 3🤣, ali Južna Koreja vjeruje da ih postoji još mnogo koji nikada nisu pronađeni.

Tunel koji danas posjećuju turisti otkriven je 1978. godine. Procjenjuje se da je kroz njega moglo proći čak 30.000 vojnika na sat s punom vojnom opremom.

Sjeverna Koreja tvrdila je da se radi o rudniku ugljena, no Južna Koreja pronašla je brojne dokaze da je riječ o vojnom tunelu namijenjenom infiltraciji.

Zanimljivo je da su Sjeverna i Južna Koreja i danas službeno u ratu. Korejski rat završio je 1953. godine potpisivanjem primirja, ali mirovni sporazum nikada nije potpisan. To znači da tehnički gledano rat nikada nije završio. | Gwangjang Market poznat je po yukhoeu, korejskoj verziji beef tartara. Naravno, trebalo je provjeriti kako se razlikuje od onoga na koji smo navikli u Europi.

Tanko rezana sirova junetina, sezamovo ulje, sezam, kruška i sirovi žumanjak. Na prvu vrlo jednostavno, ali kombinacija okusa je stvarno posebna.

Iako se radi o istom jelu, korejska verzija dosta je drugačija od europske, a upravo zbog takvih lokalnih specijaliteta volim istraživati hranu na putovanjima.

Tko voli sirovu hranu? 🇰🇷 | Mnogo je načina kako možete doživjeti neki grad.

Možete ga proći sami ili u društvu svjetskog putnika.

Danas sam domaćin maloj grupi ljudi s kojima ću proći 'Bili cvit Mediterana' - Split.

Grad drevne baštine, ponosne nogometne tradicije i jedinstvenog prkosa koji se osjeća u svakoj ulici.
Počinjemo tamo gdje i domaći – uz kavu na Pjaci, dijeleći priče prije nego što zakoračimo u stoljeća povijesti uz lokalnog vodiča kroz Dioklecijanovu palaču.

Zatim napuštamo grad i krećemo podno tvrđave Klis, prema Stella Croatici – gdje tradicija živi kroz okuse.

Ovdje zajedno pripremamo peku, kušamo lokalno maslinovo ulje i vino te otkrivamo Dalmaciju kroz njezinu kuhinju.
Dok se peka polako priprema, penjemo se na Klis – jednu od lokacija snimanja Igre prijestolja.

Ali to je samo dio priče. S našim lokalnim vodičem otkrivamo brojne slojeve povijesti ovog kultnog mjesta.

A zatim se vraćamo probati peku i podijeliti priče iz cijelog svijeta.

Pridruži mi se u otkrivanju Splita i njegove okolice kroz priče, ljude i okuse.
Tvoje sljedeće Priceless iskustvo počinje ovdje. Rezerviraj svoje mjesto već sada na priceless.com.

Ekskluzivno za korisnike Mastercard kartica.

#PricelessExperience
#priceless
#mastercardpartner
 | Antarktika je za mene bilo najskuplje putovanje na svijetu… i vrijedno svake sekunde.

Ovo je totalno neki drugi svijet. Led puca negdje u daljini, vjetar dere, a tišina je toliko jaka da je gotovo čuješ.

Nema gradova, nema buke, nema distrakcija. Samo sirova priroda u svom najbrutalnijem obliku.

Sve oko tebe izgleda nestvarno. Kao da si na nekom drugom planetu.

Antarktika je mjesto gdje svijet završava… i počinje nešto potpuno drugačije.
16w | Proveli smo gotovo tjedan dana na Sokotri. 🇾🇪 Spavali smo u šatorima, živjeli na piletini, riži i ribi i bili potpuno sretni. Bez hotela i bez luksuza.

Prva destinacija nakon Sokotre?

Bosanski restoran u Dubaiju. Šok za organizam, sreća za dušu. 🤣❤️

Od kampiranja do stola koji izgleda kao da je sletio iz drugog svemira.

Pogledajte kakvo su nam čudo pripremili 🤯🔥 | Socotra Island, Jemen. 🇾🇪

Jedan od najizoliranijih otoka na svijetu, izgubljen između Afrike i Arapskog poluotoka. Leži uz obalu Somalije, u Arapskom moru, na mjestu gdje se susreću Arapsko more i Indijski ocean. Već sama lokacija govori sve, daleko, tiho i potpuno izvan svakodnevnog svijeta.

Letovi ovdje nikad nisu sigurni. Nekad ih ima, nekad ih nema. Planovi se često mijenjaju u zadnji tren i ništa nije “garantirano”. I baš zato dolazak na Socotru ima posebnu težinu.

Na Socotri se kampira. Svaki dan. Bez hotela, bez resorta, bez turističke buke. Masovni turizam ne postoji. I upravo zato je sve ovdje toliko čisto, iskreno i netaknuto.

Plaže su prazne. Potpuno prazne.

Priroda je sirova, snažna i čudesna, kao da si sletio na neki drugi planet. Drveće izgleda nestvarno, krajolici djeluju nadrealno, a tišina ima neku posebnu težinu.

Socotra nije destinacija. Socotra je iskustvo. Mjesto koje te podsjeti koliko je svijet još uvijek velik, divlji i lijep, ako se usudiš otići dovoljno daleko.

#socotra #socotra_island #yemen",512000,"{""engagement_rate"": 4.16, ""avg_reel_plays"": 185000.0, ""avg_likes_per_post"": 20400.0, ""avg_comments_per_post"": 850.0}","Hvala Kiki sto si nam omogucio ovo nestvarno putovanje , bilo nam je prekrasno i svaka preporuka za one koji se dvoume dali ici ili ne jer se slikom i rijecima ovo putovanje nemoze opisati❤️❤️ | Kiki, BRAVO! Nije lako naci reci posle ovakvog teksta, zato jedno veliko bravo za tebe, i celu ekipu! Ovo vredi doziveti i posetiti... | Ovo je čarolija slika i teksta... Ovako nešto samo Kristijan može napisati i osjećaj kao da smo tamo s tobom!
 | Kako ona uziva❤️ divna je🥰 | I jedno 10k Eura za najam broda, gorivo i smjestaj za tak uzivat 😃 | Pa Boze koja je ona sretna dusa da prosto ne znas ko je sretniji vi il ona 🥰🙏🏼🍀❤️ | Cuj 250 eura noć u šatoru!!! WTF ko je ovdje lud... za 250 eura možeš kupi vrhunski šator i madrace na puhanje i svu kamping opremu i kampovat gdje god želiš cijelo ljeto... cuj 250 eura 😂😂😂😂 | Za ljude koji zele mir i konkretan odmor i diskreciju rekla bih ..ja bih radije tu nego u hotel🙌❤️ | Polozaj je lijep ali noc od 250 eura je stvarno vise nego previse.",instagram,kristijanilicic,luxury_travel,0.94,"{""eco_conscious"": 0.2, ""luxury_orientation"": 0.9, ""budget_orientation"": 0.1, ""adventure_orientation"": 0.8, ""family_friendly"": 0.1, ""authenticity_signal"": 0.9}",True,"[{""caption"": ""Postoje putovanja koja rezervirate jednim klikom, odaberete datum, kupite avionsku kartu i nekoliko sati kasnije već razmišljate što ćete prvo obići kada stignete na odredište. A postoje i ona druga putovanja, ona za koja mjesecima ne znate hoćete li uopće uspjeti krenuti, na kojima se planovi mijenjaju iz dana u dan, gdje svaka nova informacija može značiti da je cijela ekspedicija završila prije nego što je uopće počela. Sokotra je upravo jedno od takvih mjesta i upravo zato svako putovanje na ovaj nevjerojatni otok nosi sa sobom posebnu težinu, neizvjesnost i osjećaj da se upuštate u nešto što daleko nadilazi klasično turističko putovanje.\r\n\r\nZbog političke situacije u regiji letovi prema Sokotri nisu nešto što jednostavno kupite preko interneta kao kartu za Pariz, Rim ili London. Ovdje ništa nije sigurno, rasporedi se mijenjaju preko noći, aviokompanije otkazuju letove bez puno upozorenja, a ono što danas izgleda kao gotova stvar već sutra može postati potpuno nemoguća misija. Upravo zato sam za ovu ekspediciju kupio avionske karte vrijedne gotovo pedeset tisuća eura, uvjeren da će plan koji smo mjesecima slagali ipak uspjeti, no nekoliko dana prije puta stigla je vijest koju nitko nije želio čuti, a to je da su svi letovi iz Abu Dhabija prema Sokotri bili su otkazani.\r\n\r\nU tom trenutku imao sam dvije mogućnosti. Mogao sam jednostavno otkazati cijelo putovanje, vratiti novac svim putnicima i prihvatiti da je ovoga puta politika bila jača od svih naših planova, ili sam mogao krenuti tražiti rješenje. Odlučio sam pokušati jer sam tijekom svih godina putovanja naučio da se najveće priče gotovo nikada ne rađaju onda kada sve ide po planu, nego upravo onda kada izgleda da izlaza više nema.\r\n\r\nNakon dosta nervoze pojavila se jedna jedina mogućnost, neizvjesni let iz Džede u Saudijskoj Arabiji prema Sokotri koji je počeo letjeti samo praktički 2 dana prije puta. Dakle, budući da je let tek navodno krenuo nije postojala nikakva garancija da ćemo zaista poletjeti jer je zbog političke situacije postojala sasvim realna mogućnost da i Yemenia Airways u posljednjem trenutku otkaže letove."", ""post_url"": ""https://www.instagram.com/p/DbfbMbwjSen/"", ""media_type"": ""image"", ""platform"": ""Instagram""}, {""caption"": ""Ako postoji definicija sreće, možda izgleda baš ovako.\r\n\r\nTokio, tirkizno more Kornata, tisuće ribica i nekoliko sati bezbrižnog plivanja. Ništa više nije potrebno. 🩵 🇭🇷"", ""post_url"": ""https://www.instagram.com/p/Da7YfkrtMBT"", ""media_type"": ""reel"", ""platform"": ""Instagram""}, {""caption"": ""Mir, tišina i more ispred šatora. 🌊🤍\r\n\r\nNa otoku Žutu, u @gastro_glamping_festa u prvom redu do mora. U srcu sezone od 250 € s doručkom. Za Tokio i nas savršen bijeg. 🐾\r\n\r\nŠto kažete?"", ""post_url"": ""https://www.instagram.com/p/Da2O09_NKEM/"", ""media_type"": ""reel"", ""platform"": ""Instagram""}, {""caption"": ""Preko 2 milijarde dolara uloženo je u Sphere.\r\n\r\nNajrealističnije filmsko iskustvo koje sam doživio.\r\n\r\nZvuk dolazi sa svih strana, sjedala vibriraju, osjećaš vjetar, promjene temperature i efekte koji te doslovno uvuku u priču."", ""post_url"": ""https://www.instagram.com/p/DZo2brSNaHr"", ""media_type"": ""reel"", ""platform"": ""Instagram""}, {""caption"": ""Nalazimo se u demilitariziranoj zoni između Sjeverne i Južne Koreje, jednoj od najčuvanijih granica na svijetu.\r\n\r\nIspod mene nalazi se jedan od tajnih tunela koje su Sjevernokorejci gradili kako bi u slučaju rata mogli neprimjetno prebaciti vojsku na teritorij Južne Koreje.\r\n\r\nDo danas su službeno otkrivena četiri takva tunela, ne 3🤣, ali Južna Koreja vjeruje da ih postoji još mnogo koji nikada nisu pronađeni.\r\n\r\nTunel koji danas posjećuju turisti otkriven je 1978. godine. Procjenjuje se da je kroz njega moglo proći čak 30.000 vojnika na sat s punom vojnom opremom.\r\n\r\nSjeverna Koreja tvrdila je da se radi o rudniku ugljena, no Južna Koreja pronašla je brojne dokaze da je riječ o vojnom tunelu namijenjenom infiltraciji.\r\n\r\nZanimljivo je da su Sjeverna i Južna Koreja i danas službeno u ratu. Korejski rat završio je 1953. godine potpisivanjem primirja, ali mirovni sporazum nikada nije potpisan. To znači da tehnički gledano rat nikada nije završio."", ""post_url"": ""https://www.instagram.com/p/DZU7-ZyOV7g"", ""media_type"": ""reel"", ""platform"": ""Instagram""}]"
dva_ranca_beg_iz_kanca,"Travel par👩‍❤️‍👨 - Ivana Babić i Goran Babić - Rančevi Pobegli smo iz kancelarije na putovanje i promenio nam se život.
Ovde pričamo o tom životu i putovanjima,
a dajemo savete kako i vi da putujete👇","Šetnja i vožnja Logarskom dolinom je kao razglednica i ovi prizori će nam dugo ostati urezani, pa je zato preporučujemo i vama i u ovoj objavi dajemo sve potrebne informacije. Nije nam daleko, a odlična je, kako za beg od vrućine, tako i za neko prolećno putovanje i za početak leta kada još nije jako toplo, a ima dosta vode.

Mi smo putovali kamperom, ali i ako dolazite autom možete pronaći smeštaj duž reke Savinje u mestu Luče, ali i u samoj Logarskoj dolini. Od Luča do ulaza u Logarsku imate nekih 10 kilometra. Ulaz u dolinu se plaća za kola 10, a za kampere 20€, dok bicikli i pešaci ne plaćaju. Čuli smo da se van sezone ne plaća, ali proverite kada budete dolazili. Parkinzi se unutar doline ne plaćaju i od samog ulaska do poslednje tačke imate oko 8 km. Ne morate ući autom, možete i peške, a parkirate se kod crkve na ulasku i taj parking se ne plaća. Samo ako ulazite peške čeka vas ukupno 20ak kilometra pešačenje, jer su tu i izvori, vodopadi i još neke stvari koje treba obići.

Ako imate bicikle to je najidealnije jer možete dobar deo preći i bajsom po ravnom, dok za odlazak na vodopad Rinka i izvor Črne morate parkirati negde pa ići peške.

Ako dolazite sa bebom i kolicima možete šetati oko hotela Plesnik, do drveta lipe starog 200 godina na ulasku, mada i kroz celu dolinu asfaltiranim putem, ali za odlazak na vodopad i šetnju kroz šumu ne bi mogli da zamislimo bez ovog @ergobabysrbija kengura.

Pored doline, tu je i panoramska cesta za koju ne plaćate nikakav ulaz, a duž nje se nalaze vidikovci i na nekim fotkama možete videti kakvi su pogledi.
 #slovenija #logarskadolina #feelslovenia #dvarancabegizkanca @feelslovenia #putujupoznaj | Slovenija je raj za kamperr. Videli ste kako izgleda jedan privatni kamper stop, a ovako izgleda jedan gradski. Ovaj se nalazi u Celju i jedan je od dva.
.
.
.
#slovenia #kamper #putovanjekamperom #kampovanje #celje | Pozdrav iz Pečuja 🤗

Ovo je sada bila jedna od onih destinacija koju ne planiraš, samo se desi da je usput i svratiš. Krenuli smo kroz Hrvatsku, ali ovog puta ne auto-putem nego magistralom uz granicu sa Mađarskom i kada smo negde kod Donjeg Miholjca shvatili da nam je Pečuj blizu samo smo se pogledali i uputili ovde. U Pečuju smo bili pre nekih 12 godina i to je jedino putovanje kada smo došli sa mamama, pa nam je to sada probudilo želju da svratimo i vidimo koliko se sećamo.

Dan je bio prevruć, ali sva sreća da smo sve poklopili tako da stignemo oko 18h kada je već prijatnije i što smo u frižideru imali Fuzetea da se osvežimo, kombinacija jagode i dinje je odlična za leto.

Pečuj nam je taman bio odličan da napravimo pauzu za šetnju kroz živopisan centar, pojedemo nešto, prespavamo, pa ujutru nastavimo dalje.

Pečuj je na 200 kilometara od Novog Sada, pa ako vam treba ideja za jedno lepo vikend putovanje on je idealan, a s obzirom na položaj, ne morate na graniči prelaz Horgoš i okolne alternatine prelaze, tako da ćete izbeći gužvu.

Da li ste bili u Pečuju i kako vam se čini?
.
.
.
#putovanja #fuzetea #fuzijaukusa #fuzeta #dvarancabegizkanca | Pozdrav iz Gornje Dobrinje.
Zašto treba posetiti ovaj kraj?

Ovo mesto je bespravno turistički zapostavljeno, a ima šta da ponudi.

Ovo je rodno mesto kneza Miloša Obrebovića i tu se nalazi spomen kompleks koji čini crkva Svetih apostola Petra i Pavla koju je na temeljima stare crkve podigao knjaz 1822. kao i čardak i posvetio ih svom ocu Teodoru. U sklopu kompleksa se nalazi i česma, a meštani kažu da su analize potvrdile da je voda sa nje jedna od boljih u Srbiji.

Ovaj kraj je veoma plodan i bogat i proizvodnja hrane bi mogla doneti mnogo više dobrog za celu Srbiju od rudnika o kome je bilo reči pre par godina. Kao i mnoga druga mesta po Srbiji i ovo je mesto bogate kulturno - istorijske baštine i prirodnih lepota. Turizam i poljoprivreda bi trebale da nam budu na prvom mestu i zato smatramo da takva mesta treba obilaziti, osetiti, saživeti se sa njima i shvatiti značaj istih.

Ako ste na putu za Zlatibor ovo vam je na 20 kilometara od Požege, ako ste na Divčibarama na 26, a od Ovčar Banje na 17. Ako dolazite iz pravca Čačka i idete preko Ovčar Banje idite kroz kamenom Jelen Do, nemojte na skretanje pre kako vas vodi Google mapa.

Na fotki 2 je pogled na Srednju Dobrinju.
Voleti Srbiju za nas znači čuvati njenu prirodu, kulturne spomenike, tradiciju i seljake koji nas hrane i proizvode zdravu hranu, jer gledano dugoročno to nam može doneti mnogo više dobrog.
.
.
.
#srbija #serbianturism #putujposrbiji #srbiju_upoznaj #srbijaturizam | Još jedno od čestih pitanja jeste i kako se snalazimo za struju u kamperu. Struja je ovde veoma ograničen resurs naročito ako ste van kampova ili nećete da je doplaćujete, a nama je bilo najbitnije da nam sve ono što imamo radi bez poteškoća, čak i kada su oblačni dani.
Ceo solarni sistem je kupljen u Andreji u Temerinu, a imaju i druge lokacije na kojima možete naći opremu @akumulatori_solarna_oprema
.
.
.
#kampovanje #kamper #dvarancabegizkanca #putovanjakamperom #kamperizam | Mnogo je lepih mesta na Sitoniji, ali nekako su najmoćnija ona sa kojih se pruža pogled na Atos 💙🇬🇷. Ovo je mesto kod Sikije. Na ovim mestima smo Ivana i ja pravili fotke prethodnih godina, uživali u večerama na plaži sa pogledom i želeli smo da to iskustvo ponovimo i sa Janom.

Drago nam je što ona uživa i drago nam je što nam se javljate tokom ovog putovanja, delite svoja iskustva i kažete da ste po našoj preporuci posetili neka od ovih mesta.
.
.
.
#dvarancabegizkanca #letovanje #grčkaletovanje #sitonija #grčka | Nakon noćenja kod manastira Manasija dobro su nam došla dva dana u ovom raju. Iako ništa od bogate prirode u okruženju nismo obilazili ovog puta, blagotvorno je bilo i samo boraviti ovde, jesti domaću hranu, udisati čist vazduh, probati homiljsko pivo i upoznati ove divne domaćine.

Ako vam treba ideja za vikend beg u prirodu, mada može i radnim danima, sačuvajte ovu objavu i zapratite @eco_farm_milanovic. Mi ćemo se definitivno vratiti ovde i obići ona mesta koja nismo nikada pre, pa ćemo i podeliti sadržaj i odatle, a vi ako ste bili u ovom kraju Srbije napišite nam šta po vama nikako ne bi smeli da propustimo.
.
.
.
#srbijauslikama #srbijaturizam #dvarancabegizkanca #putujsrbijom #srbija | Suboticu smo posetili do sada mnogo puta, ali sad već dugo nismo bili i povratak nam je baš prijao. Pozitivno nas je iznenadilo to što je grad zelen i čist i ovo je razlog da mu se ponovo vratimo čim nas put nanese ponovo na sever.

Ako niste bili u Subotici stavite je na listu, jer zaista vredi.
.
.
.
#subotica #serbiatravel #srbija #srbijuupoznaj #dvarancabegizkanca | Iako nismo nikada zamišljali da će naš odlazak na neko ostrvo da uključi posetu samo jednog grada, osim kada je putovanje kruzerom u pitanju, ipak se to desilo. Tri dana sa bebom nam je bilo malo da bismo istraživali okolo, pa smo zato odlučili da obilazimo samo grad i neke okolne plaže. Ipak je ovo ostrvo za malo detaljnije i duže istraživanje i definitivno ćemo se vratiti ponovo na barem 10 dana. Sada nam je prijalo da okolo šetamo, jedemo sladolede, lokalne specijalitete i punimo baterije na suncu. Čak smo se i fotkali samo jedan dan, onako planski da idemo baš da se fotografišemo da rasklapamo stalak i nameštamo, ostalo je bilo onako usput, iz ruke.
Putovanja sa bebom nam za sada jako prijaju i jedva čekamo novo, a znamo da je i njoj tako.

Ako dolazite u Algero dobra opcija vam je WizzAir iz Beograda, a smeštaj tražite negde na pola puta od centra do Maria Pia plaže, jer će vam tako i stari grad i ova prelepa plaža biti na oko 1,5km. Ako vam treba pomoć oko organizacije kod nas na sajtu dvaranca.com imate stranicu “Organizuj putovanje korak po korak” na kojoj imate sve potrebne linkove gde da tražite prevoz, transfer, auto, smeštaj, izlete…

Ovde imate još malo kadrova iz grada, a uskoro se nadamo da vas vodimo na neku novu destinaciju sa malo više detalja, korisnih informacija i zanimljivosti.
.
.
.
#putujupoznaj #dvarancabegizkanca #italija #sardinija | Putovanje sa bebom iz našeg ugla 👇
Ovo nam je treće putovanje sa bebom, od toga drugo avionom. U ovoj objavi podelićemo naša iskustva, ali bismo voleli i da u komentarima vi podelite svoja, kako bi pomogla i nama i nekome ko se tek sprema na putovanje sa bebom.

Mi smo shvatili da nam je na putovanju lakše nego kod kuće, da beba lepše spava, naročito negde pored mora. Voli da upija okolinu, oduševljava se talasima, senkama, pticama i podstiče nas da i mi počnemo da gledamo svet drugačijim očima. Prvih 5 meseci smo bili u blagom strahu i mislili da će biti komplikovano, međutim kada smo probili led smo shvatili da nije ništa strašno. Navešćemo u ovoj objavi po stavkama neke od stvari koje će vam biti od pomoći:
🧑‍🍼 Hranjenje. S obzirom da Jana sisa, ali je i dodatno na dohrani, kao i na nemlečnoj ishrani mi sa sobom imamo termos sa vodom za pripremu dohrane, maramu za dojenje, neku kašicu, retko kupujemo gotovu i uglavnom gledamo da u smeštaju spremimo pre izlaska napolje od svežih sastojaka pa zato prilikom izbora smeštaja biramo onaj sa kuhinjom. Dohranu imamo odmerenu u posebnim dozerima koje možete kupiti u DM-u. Vodu za bebu i dohranu možete uneti na aerodrom.
🙊 Presvlačenje. Uvek sa sobom kada izlazimo u obilazak imamo u jednom rancu rezervnu preobuku, 2-3 pelene, vlažne maramice WaterWipes i kremu.
🧭 Kada idemo u obilaske pored kolica uvek nosimo i kengura, naš je Ergobaby embrace, i posebno je dobro ga imati zbog kaldrme, stena, stepenica… Kolica su Ergobaby Metro 3, lako se sklapaju jednom rukom i za njih imamo i ranac, pa ih možemo poneti na leđima dok se penjemo uz neke stepenice. Kengur je nama spas i kada se ukrcavamo i iskrcavamo iz aviona.
👶 Prilikom poletanja i sletanja je dobro da beba sisa ili da ima cuclu kako joj se uši ne bi zapušile.

Još jedna stavka u pinovanom komentaru, ako se setimo još nečega dopisaćemo, a čekamo i vaše savete u komentarima.
.
.
.
#putovanje #dvarancabegizkanca #putovanjesabebom #putujupoznaj",189000,"{""engagement_rate"": 4.5, ""avg_reel_plays"": 42000.0, ""avg_likes_per_post"": 3280.0, ""avg_comments_per_post"": 85.0}","Što je lepo videti vas u proširenom sastavu. Živeli, deco! 🍀 🍀 🍀 Samo promenite ime u TRI RANCA... 😊 😊 😊 | Vaše uživanje u roditeljstvu se vidi u svakom trenu. Odgovorni roditelji koji svojoj ćerki pružaju divno detinjsto🥰 Dajete joj najbolji temelj.🥰 | Opa, porasla je beba...Još kad počne da trči biće prava zabava.Ne pitajte kako znam 😂Neka Vam je živa i zdrava !❤️❤️❤️ | Idealan za ljubitelje klizanja- jedan je odmah pored ledene dvorane, u samom parku. :) | Slovenija je najveći proizvođač rekreativnih vozila na svetu gledano srazmerno veličini. | Par stotina metara odatle, u podnožju brda na kome je tvrđava, nalazi se i izvor s pijaćom vodom. | Bili, mali, simpatični gradić, blizu banje Harkanj. Vredan pomena je i Dvorac Šikloš u blizini ❤️ | Ali bermude i krov u koloritu 🧚🏻 volimm ❤️ | Divnoo😍uzivajte❤️❤️",instagram,dva_ranca_beg_iz_kanca,family_travel,0.86,"{""eco_conscious"": 0.72, ""luxury_orientation"": 0.12, ""budget_orientation"": 0.81, ""adventure_orientation"": 0.64, ""family_friendly"": 0.92, ""authenticity_signal"": 0.87}",True,"[{""caption"": ""Šetnja i vožnja Logarskom dolinom je kao razglednica i ovi prizori će nam dugo ostati urezani, pa je zato preporučujemo i vama i u ovoj objavi dajemo sve potrebne informacije. Nije nam daleko, a odlična je, kako za beg od vrućine, tako i za neko prolećno putovanje i za početak leta kada još nije jako toplo, a ima dosta vode.\n\nMi smo putovali kamperom, ali i ako dolazite autom možete pronaći smeštaj duž reke Savinje u mestu Luče, ali i u samoj Logarskoj dolini. Od Luča do ulaza u Logarsku imate nekih 10 kilometra. Ulaz u dolinu se plaća za kola 10, a za kampere 20€, dok bicikli i pešaci ne plaćaju. Čuli smo da se van sezone ne plaća, ali proverite kada budete dolazili. Parkinzi se unutar doline ne plaćaju i od samog ulaska do poslednje tačke imate oko 8 km. Ne morate ući autom, možete i peške, a parkirate se kod crkve na ulasku i taj parking se ne plaća. Samo ako ulazite peške čeka vas ukupno 20ak kilometra pešačenje, jer su tu i izvori, vodopadi i još neke stvari koje treba obići.\n\nAko imate bicikle to je najidealnije jer možete dobar deo preći i bajsom po ravnom, dok za odlazak na vodopad Rinka i izvor Črne morate parkirati negde pa ići peške.\n\nAko dolazite sa bebom i kolicima možete šetati oko hotela Plesnik, do drveta lipe starog 200 godina na ulasku, mada i kroz celu dolinu asfaltiranim putem, ali za odlazak na vodopad i šetnju kroz šumu ne bi mogli da zamislimo bez ovog @ergobabysrbija kengura.\n\nPored doline, tu je i panoramska cesta za koju ne plaćate nikakav ulaz, a duž nje se nalaze vidikovci i na nekim fotkama možete videti kakvi su pogledi.\n #slovenija #logarskadolina #feelslovenia #dvarancabegizkanca @feelslovenia #putujupoznaj"", ""post_url"": ""https://www.instagram.com/p/Dbx2FmFCrmv/"", ""media_type"": ""image"", ""platform"": ""Instagram""}, {""caption"": ""Slovenija je raj za kamperr. Videli ste kako izgleda jedan privatni kamper stop, a ovako izgleda jedan gradski. Ovaj se nalazi u Celju i jedan je od dva.\n.\n.\n.\n#slovenia #kamper #putovanjekamperom #kampovanje #celje"", ""post_url"": ""https://www.instagram.com/p/DbtB6LDqk0z/"", ""media_type"": ""reel"", ""platform"": ""Instagram""}, {""caption"": ""Pozdrav iz Pečuja 🤗\n\nOvo je sada bila jedna od onih destinacija koju ne planiraš, samo se desi da je usput i svratiš. Krenuli smo kroz Hrvatsku, ali ovog puta ne auto-putem nego magistralom uz granicu sa Mađarskom i kada smo negde kod Donjeg Miholjca shvatili da nam je Pečuj blizu samo smo se pogledali i uputili ovde. U Pečuju smo bili pre nekih 12 godina i to je jedino putovanje kada smo došli sa mamama, pa nam je to sada probudilo želju da svratimo i vidimo koliko se sećamo.\n\nDan je bio prevruć, ali sva sreća da smo sve poklopili tako da stignemo oko 18h kada je već prijatnije i što smo u frižideru imali Fuzetea da se osvežimo, kombinacija jagode i dinje je odlična za leto.\n\nPečuj nam je taman bio odličan da napravimo pauzu za šetnju kroz živopisan centar, pojedemo nešto, prespavamo, pa ujutru nastavimo dalje.\n\nPečuj je na 200 kilometara od Novog Sada, pa ako vam treba ideja za jedno lepo vikend putovanje on je idealan, a s obzirom na položaj, ne morate na graniči prelaz Horgoš i okolne alternatine prelaze, tako da ćete izbeći gužvu.\n\nDa li ste bili u Pečuju i kako vam se čini?\n.\n.\n.\n#putovanja #fuzetea #fuzijaukusa #fuzeta #dvarancabegizkanca"", ""post_url"": ""https://www.instagram.com/p/DbdFToritgq/"", ""media_type"": ""image"", ""platform"": ""Instagram""}, {""caption"": ""Pozdrav iz Gornje Dobrinje.\nZašto treba posetiti ovaj kraj?\n\nOvo mesto je bespravno turistički zapostavljeno, a ima šta da ponudi.\n\nOvo je rodno mesto kneza Miloša Obrebovića i tu se nalazi spomen kompleks koji čini crkva Svetih apostola Petra i Pavla koju je na temeljima stare crkve podigao knjaz 1822. kao i čardak i posvetio ih svom ocu Teodoru. U sklopu kompleksa se nalazi i česma, a meštani kažu da su analize potvrdile da je voda sa nje jedna od boljih u Srbiji.\n\nOvaj kraj je veoma plodan i bogat i proizvodnja hrane bi mogla doneti mnogo više dobrog za celu Srbiju od rudnika o kome je bilo reči pre par godina. Kao i mnoga druga mesta po Srbiji i ovo je mesto bogate kulturno - istorijske baštine i prirodnih lepota. Turizam i poljoprivreda bi trebale da nam budu na prvom mestu i zato smatramo da takva mesta treba obilaziti, osetiti, saživeti se sa njima i shvatiti značaj istih.\n\nAko ste na putu za Zlatibor ovo vam je na 20 kilometara od Požege, ako ste na Divčibarama na 26, a od Ovčar Banje na 17. Ako dolazite iz pravca Čačka i idete preko Ovčar Banje idite kroz kamenom Jelen Do, nemojte na skretanje pre kako vas vodi Google mapa.\n\nNa fotki 2 je pogled na Srednju Dobrinju.\nVoleti Srbiju za nas znači čuvati njenu prirodu, kulturne spomenike, tradiciju i seljake koji nas hrane i proizvode zdravu hranu, jer gledano dugoročno to nam može doneti mnogo više dobrog.\n.\n.\n.\n#srbija #serbianturism #putujposrbiji #srbiju_upoznaj #srbijaturizam"", ""post_url"": ""https://www.instagram.com/p/Da4_oQ5isKy/"", ""media_type"": ""image"", ""platform"": ""Instagram""}, {""caption"": ""Još jedno od čestih pitanja jeste i kako se snalazimo za struju u kamperu. Struja je ovde veoma ograničen resurs naročito ako ste van kampova ili nećete da je doplaćujete, a nama je bilo najbitnije da nam sve ono što imamo radi bez poteškoća, čak i kada su oblačni dani.\nCeo solarni sistem je kupljen u Andreji u Temerinu, a imaju i druge lokacije na kojima možete naći opremu @akumulatori_solarna_oprema\n.\n.\n.\n#kampovanje #kamper #dvarancabegizkanca #putovanjakamperom #kamperizam"", ""post_url"": ""https://www.instagram.com/p/Dax5Ir5qWV_/?hl=en"", ""media_type"": ""reel"", ""platform"": ""Instagram""}]"
ciklonomad,"Da vidim sve, da živim svuda, da razumevam stvari a najviše to zbog čega smo tu, mi, Zemljani. Od 2011. kotrljam se 🚴‍♀️ oko 🌎.","Izvozila poslednju deonicu Mereenie loopa i dokopala se asvalta, te mu se ritualno poklonila. 🙏
Usput bila počašćena i pivom - s ukusom pobede. 🍻 | Mereenie loop je najgora deonica na putu od Alice Springs preko West Mac Donnelly do Ayers rock (Uluru). Put je toliko izbrazdan i psekovit da sam povremeno morala i da guram. Vozačima treba oko četiri sata za tih 160 km, a meni tri dana.
Vozila nema puno ali skoro svako se zaustavi da bi me zabrinuto upitali da li sam OK ili samo da bi me ohrabrili da izdržim.
Ljubav za Ozije ❤️🥰

Ovo su samo neki od danasnjih susreta.

#bicikl #australia #outback | Zvezda prži a ja na auto-putu, bez hladovine. Stanem da nešto izvadim iz torbe, kad - prilazi vozač kola koja su se zaustavila 50 m ispred mene...

#australia #people #traveling #kidness | Juče je na svom IG nalogu @geografija_insta postavila simpatičnu ilustraciju uvreženih stereotipa o Australiji, uz duhovit tekstić o tome koje vas sve nemani čekaju kad ovde doðete. Ne mogu da kažem da i sama nisam imala neke strahove, ali stvarnost je prilično drugačija. Ako me pratite, znate da sam već puna tri meseca na ovom kontinentu i da u 99% slučajeva kampujem. Do sada sam videla:
0 zmija
0 otrovnih paukova
0 kengura me nokautiralo
0 tasmanijskih djavola mi radilo o glavi
...
Ipak, najbolji su mi komentari ""poznavalaca"" koji ne što nikad nisu bili ovde, nego su preskočili i časove geografije u osnovnoj, kad se radila Australija. Njihovi komentari uglavnom se svode na to da ovde nema nikakvih prirodnih lepota jer je sve pustinja. Da barem pitaju Chat GPT da im izbaci par sličica pre nego što kažu takvu glupost.
A mogu i da bace pogled na neke od mojih fotki - mada bi bilo najbolje da pogledaju neki moj YT video. Najčešći komentari na njih su upravo: ""Kako lepa priroda!""
Poslednjih par dana vozim kroz neturistički, ruralni deo Novog Južnog Velsa. Jedna od onih regija za koje će vam čak i Australijanci reći: ""Ma tamo nema ništa posebno da se vidi"".
Prilažem par fotki pa prosudite sami. 🙋‍♀️🇦🇺

#australia #camping #cycling #putovanje | Postavljam kameru na kacigu, kako bi moji pratioci imali što verniju sliku onoga što gledam. Iako je, sasvim sigurno, to nemoguće potpuno preneti. Uključila sam spikerfon i odabrala omiljenu stanicu na Spotify. I odmah me obuzima onaj osećaj da sam glavna junakinja sopstvenog života, tog nekog filma koji živim u svojoj glavi i manje-više stvarnosti.
Da se sad snima dokumentarac, ovde bi išao široki kadar dronom koji me prati krivudavim putem. Sleva – što je odlično odabrana strana za vožnju, zbog direktnog pogleda – nestvarno plavi okean, kameni sprudovi i plaže sa belim peskom; zdesna – brda pod šumom, naizmenično sa ogoljenim liticama, a zatim i seoskim imanjima sa stadima mršavih (a zapravo sveže postriženih) merino ovaca.      
A onda jedan krupan kadar na moje lice i osmeh oko pola glave.

(Odlomak iz novog bloga. A prvi deo vloga o ovoj vożnji dostupan je na mom YT kanalu @ciklonomad)

#australia #greatoceanroad #bicikl #12apostles #putovanje | Imala sam samo par sati za obilazak Starog grada, pa sam krenula nasumice kud me stepenice povedu. Nije mi prvi put da sam ovde, ali Dubrovnik je jedan od onih gradova kojima se uvek možete vraćati a da vam nikad ne dosade. A tek van turističke sezone on prodiše i ukaže se u punoj lepoti, čak i po kišnom danu. | Došla sam u fazu kad više ništa posebno ne tražim od života. I ništa ne očekujem od sebe.
U meni je potpuni mir – i dobro mi je na mestu na kome sam. Prija mi što sam fizički na svome, ali bih mogla da budem i bilo gde.
Vredelo je proći sve što sam prošla – da bih stigla dovde.

Fotka: ostrvo Olkhon, Bajkal | Uspela sam da budem na dočeku studenata (između mojih tribina u Frankfurtu i Pragu).
Kakav doživljaj, ljudi! | Duša na izvol’te, iako nikad neizlečena od balasta ‘srećnog detinjstva’, teškog kao priznanje o najranjivijem sebi. I samopostiđujućeg u godinama kada je do kraja sopstvenog veka ostalo manje vremena nego od njegovog početka.

Utešna je misao da su godine ionako samo brojke u doživljaju sebe. U tom viđenju jedinstvenog Ja, uprkos svim promenama, kontinuitet sopstva zamagljuje perspektivu posmatrača sa strane, koji njihovo delovanje beleži sa pažnjom zluradog pratioca-sudije. Izlaganje svima koji u rovovima svojih duša ne smeju do sebe, ali zato pucaju u sve druge sa prsima razdrljenim za pljuvačine, ispaljujući osude ispod svih granica empatije, jer do razumevanja za biće koje se tako izlaže ne dobacuju svojim oružjem.

“I čime, od svijeta da se braniš kao ruža sa dva smiješna trna, ili snom?”, kao možda najgenijalniji stih 'čobanskog roka,' a sada lekovit poput zagrljaja bližnjeg i/li pravog prijatelja. | Ko je rekao - Raj?

Bila sam na mnogim poznatim ostrvima: Sumatri, Baliju, Komodu, Timoru, Havajima, Olhonu, Galapagosu… - ali ovakvu lepotu nigde nisam videla.

A možda se to ja, kao tipičan neostrvljanin, svaki put iznova oduševim kad dođem na parče kopna usred mora ili okeana. Pa mi se svaki put čini da ne postoji ništa lepše.

Za mene su ostrva simbol izolovanosti i osamljenosti. Mesta na koja se dolazi da bi se resetovalo od svega što ne volimo, a s čime živimo.

Nepregledna pučina.
Oči prezasićene nijansama plave i indigo boje.
Vetrovi koji vitlaju na sve strane.
Spektakularni izlasci i zalasci sunca.
Životinje, ptice, insekti za koje smo zaboravili da postoje.

Kako bih rado ostatak života provela na nekom takvom mestu. Na primer, baš na ovom - Marijinom ostrvu.

(I da znate, pela sam se na vr' brda da bih uhvatila signal i podelila ovo sa vama",40800,"{""engagement_rate"": 5.75, ""avg_reel_plays"": 14800.0, ""avg_likes_per_post"": 1100.0, ""avg_comments_per_post"": 34.0}","Svaka čast! Skidam kapu! Živim ovde u Australiji punih 37 godina i ne bi se tek tako lako opredelio da krenem da prelazim Australisku pustinju ni sa kolima a ne kamoli biciklom! Ovo stvarno treba imati petlju i determinisanost pa uraditi ovako nešto.👏🏻👏🏻👏🏻👏🏻👏🏻👏🏻 | Kakva hrabrost i motivacija 🕊. Svaka čast! | 👏👏svaka čast,samo napred😍 | Nemam reči, ogromna volja i hrabrost. 🩵🩵🩵 | Vi ste zena koje nema skoro pa nigdje veliki pozdrav!! | Duša draga, ogroman respect! Drž'te se 💚 | 💚 Verovatno Kolumbijac (po broju ovde). | Hvala ti što nam pokazuješ svet!👏💪❤️ | Kakva ljudska divota ❤️",instagram,ciklonomad,adventure_extreme,0.95,"{""eco_conscious"": 0.8, ""luxury_orientation"": 0.1, ""budget_orientation"": 0.6, ""adventure_orientation"": 0.9, ""family_friendly"": 0.2, ""authenticity_signal"": 0.9}",True,"[{""caption"": ""Izvozila poslednju deonicu Mereenie loopa i dokopala se asvalta, te mu se ritualno poklonila. 🙏\nUsput bila počašćena i pivom - s ukusom pobede. 🍻"", ""post_url"": ""https://www.instagram.com/p/DbspwejJyWd/?hl=en"", ""media_type"": ""reel"", ""platform"": ""Instagram""}, {""caption"": ""Mereenie loop je najgora deonica na putu od Alice Springs preko West Mac Donnelly do Ayers rock (Uluru). Put je toliko izbrazdan i psekovit da sam povremeno morala i da guram. Vozačima treba oko četiri sata za tih 160 km, a meni tri dana.\r\nVozila nema puno ali skoro svako se zaustavi da bi me zabrinuto upitali da li sam OK ili samo da bi me ohrabrili da izdržim.\r\nLjubav za Ozije ❤️🥰\r\n\r\nOvo su samo neki od danasnjih susreta.\r\n\r\n#bicikl #australia #outback"", ""post_url"": ""https://www.instagram.com/p/DbnNGu2Ji9x/?hl=en"", ""media_type"": ""reel"", ""platform"": ""Instagram""}, {""caption"": ""Zvezda prži a ja na auto-putu, bez hladovine. Stanem da nešto izvadim iz torbe, kad - prilazi vozač kola koja su se zaustavila 50 m ispred mene...\r\n\r\n#australia #people #traveling #kidness"", ""post_url"": ""https://www.instagram.com/p/DXoGpmsJ8ev/?hl=en"", ""media_type"": ""reel"", ""platform"": ""Instagram""}, {""caption"": ""Juče je na svom IG nalogu @geografija_insta postavila simpatičnu ilustraciju uvreženih stereotipa o Australiji, uz duhovit tekstić o tome koje vas sve nemani čekaju kad ovde doðete. Ne mogu da kažem da i sama nisam imala neke strahove, ali stvarnost je prilično drugačija. Ako me pratite, znate da sam već puna tri meseca na ovom kontinentu i da u 99% slučajeva kampujem. Do sada sam videla:\r\n0 zmija\r\n0 otrovnih paukova\r\n0 kengura me nokautiralo\r\n0 tasmanijskih djavola mi radilo o glavi\r\n...\r\nIpak, najbolji su mi komentari \""poznavalaca\"" koji ne što nikad nisu bili ovde, nego su preskočili i časove geografije u osnovnoj, kad se radila Australija. Njihovi komentari uglavnom se svode na to da ovde nema nikakvih prirodnih lepota jer je sve pustinja. Da barem pitaju Chat GPT da im izbaci par sličica pre nego što kažu takvu glupost.\r\nA mogu i da bace pogled na neke od mojih fotki - mada bi bilo najbolje da pogledaju neki moj YT video. Najčešći komentari na njih su upravo: \""Kako lepa priroda!\""\r\nPoslednjih par dana vozim kroz neturistički, ruralni deo Novog Južnog Velsa. Jedna od onih regija za koje će vam čak i Australijanci reći: \""Ma tamo nema ništa posebno da se vidi\"".\r\nPrilažem par fotki pa prosudite sami. 🙋‍♀️🇦🇺\r\n\r\n#australia #camping #cycling #putovanje"", ""post_url"": ""https://www.instagram.com/p/DXJDUZ6CVWs/?hl=en&img_index=1"", ""media_type"": ""image"", ""platform"": ""Instagram""}, {""caption"": ""Postavljam kameru na kacigu, kako bi moji pratioci imali što verniju sliku onoga što gledam. Iako je, sasvim sigurno, to nemoguće potpuno preneti. Uključila sam spikerfon i odabrala omiljenu stanicu na Spotify. I odmah me obuzima onaj osećaj da sam glavna junakinja sopstvenog života, tog nekog filma koji živim u svojoj glavi i manje-više stvarnosti.\r\nDa se sad snima dokumentarac, ovde bi išao široki kadar dronom koji me prati krivudavim putem. Sleva – što je odlično odabrana strana za vožnju, zbog direktnog pogleda – nestvarno plavi okean, kameni sprudovi i plaže sa belim peskom; zdesna – brda pod šumom, naizmenično sa ogoljenim liticama, a zatim i seoskim imanjima sa stadima mršavih (a zapravo sveže postriženih) merino ovaca.      \r\nA onda jedan krupan kadar na moje lice i osmeh oko pola glave.\r\n\r\n(Odlomak iz novog bloga. A prvi deo vloga o ovoj vożnji dostupan je na mom YT kanalu @ciklonomad)\r\n\r\n#australia #greatoceanroad #bicikl #12apostles #putovanje"", ""post_url"": ""https://www.instagram.com/p/DWvNvFdCUnD/?hl=en&img_index=1"", ""media_type"": ""image"", ""platform"": ""Instagram""}]"
putoholicari,"Travel Addict from Croatia🇭🇷
👫 Iva, Branko & Vili - traveling around the 🌍
🌐 Wiener Insurance Brand Ambassador","Samo za taj osjećaj…..🥰✈️ Pozdrav iz Kazahstana 😉
Kazahstan je 9. najveća država na svijetu i prostire se na nevjerojatnih 2,7 milijuna km². Da malo dočaramo tu brojku: otprilike je 48 puta veći od Hrvatske! 😳 I još jedan zanimljiv rekord: Kazahstan je najveća država na svijetu bez izlaza na otvoreno more. 🌍 🇰🇿 Kazahstan nije samo velik. Kazahstan je OGROMAN 😀
Ovih dana ćemo istraživati Almaty regiju - iz Zagreba smo koristili liniju @turkishairlines za Almaty, a kad se vratimo pišemo vam vodič sa svim savjetima za organizaciju putovanja 😉

#almaty #visitkazahstan #putoholicari #kazahstan #turkıshaırlınes | Kažu da naših ljudi ima na svakom kraju svijeta. Pa evo još jednog dokaza 😀 Nakon safarija najmanje smo očekivali da ćemo usred Nairobija pronaći ćevape, burek i miris domaće kuhinje 🤤
Ime restorana je Region Restaurant & Bar, a iza cijele priče stoje Stanislav i Edo, ljudi s naših prostora koji su odlučili stanovnicima Nairobija približiti okuse krajeva iz kojih dolaze.
Mjesto na kojem se danas susreću domaći gosti, turisti i brojni diplomati, a na jelovniku se nalaze ćevapi, burek, kajmak, pljeskavice i druga jela koja mnogima bude uspomene na dom 😉
Ovdje će vas dočekati pjesme Đorđe Balaševića i simpatični vlasnici koji su rekli da restoran nije zamišljen samo kao mjesto gdje će ljudi s naših prostora pojesti ćevape ili burek. Želja im je da bude to mjesto susreta. Zato kažu da su vrata otvorena svima – bilo da želite ručati ili samo navratiti po savjet prije safarija ili putovanja po Keniji.
Na zidovima se nalaze fotografije Novaka Đokovića i Gorana Ivaniševića, Đorđe Balaševića i susret Josipa Broza Tita i prvog kenijskog predsjednika Jome Kenyatte povodom 50 godina prijateljstva, a mnogima će na zidu izmamiti osmijeh plakata – rakija ""Connecting People"" 😁
Takve priče možda nisu najveće turističke atrakcije. Ali upravo one putovanja čine nezaboravnima.
Jer bez obzira kamo vas put odvede, ponekad je dovoljan jedan miris domaće hrane da shvatite koliko je svijet zapravo malen 🥰

#nairobi #regionrestaurant #kenya #putoholicari #putovanja | Ovo je bio pogled od milijun dolara... i sendviči iz kutije! 🥰😁 Najbolji restorani nemaju uvijek Michelinove zvjezdice, ponekad imaju - slonove na horizontu! 🐘😁
Na kratko smo skrenuli u Tanzaniju kako bi promatrali krdo slonova kako prelazi iz Tanzanije u Keniju, a i usput riješili pauzu za ručak 🥰🐘

Dok smo ih promatrali kako mirno prolaze horizontom, naučili smo se koliko su zapravo nevjerojatna bića. 🐘

▶️Slonovi imaju ""imena"". Nedavna istraživanja pokazala su da se međusobno dozivaju jedinstvenim zvukovima, pa svaki slon prepoznaje kada ga drugi ""prozove"".

▶️Njihova surla ima više od 40.000 mišića. Dovoljno je snažna da sruši stablo, ali i toliko precizna da može podići jednu jedinu travku.

▶️Bez slonova bi Afrika izgledala drukčije. Ruše stabla, šire sjeme i kopaju bunare iz kojih tijekom suše piju i brojne druge životinje. Zato ih znanstvenici nazivaju inženjerima ekosustava. Jedan slon dnevno može raspršiti tisuće sjemenki kroz svoj izmet. Mnoge biljke ovise upravo o slonovima kako bi se proširile

▶️Slonovi su među rijetkim životinjama koje se prepoznaju u ogledalu. Tu sposobnost dijele s ljudima, velikim čovjekolikim majmunima, dupinima i svrakama, što govori o vrlo visokoj razini samosvijesti.

▶️Starije ženke u krdu mogu zapamtiti lokacije izvora vode desetljećima. Upravo njihovo iskustvo često spašava cijelo krdo tijekom velikih suša.

▶️Slonovi imaju jedno od najboljih osjetila mirisa u životinjskom svijetu. Njihov njuh je čak osjetljiviji od psećeg, pa mogu nanjušiti vodu ili opasnost kilometrima unaprijed.

Na safariju nikad ne znaš što ćeš vidjeti. Upravo je ta neizvjesnost ono što ga čini toliko posebnim 🥰

@globetracker.adventures

#putoholicari #putovanja #loveafrica #tanzania #safariafrica | Ako krenete iz Zagreba, do ovog mjesta vam treba nekih 2,5h vožnje autom 😉 Ovo je grad Tihany u Mađarskoj kod Balatona i ovdje u prirodi možete vidjeti prave europske tekune.
Šetajući livadama i brežuljcima naići ćete na simpatične male životinjice koje znatiželjno proviruju iz svojih rupa – riječ je o europskom tekunu (Spermophilus citellus), zaštićenoj vrsti glodavaca koja obitava upravo na ovim prostorima. Ove male „stepne vjeverice” žive u kolonijama i često ih se može vidjeti kako stoje uspravno na stražnjim nogama, promatrajući okolinu ili grickajući travu.😃
Najaktivniji su tijekom dana, osobito ujutro i predvečer, pa nije neobično da ih usput sretnete dok uživate u lavandinim poljima ili istražujete prirodne staze oko samostana. Ako imate malo strpljenja i mirno sjednete na tlo, znatiželjni tekuni znaju vam se približiti - promatraju vas, pa čak i priđu sasvim blizu, što ovu spontanu interakciju s prirodom čini posebno čarobnom. Osim što su neodoljivo fotogenični, tekuni su važan dio lokalnog ekosustava i pravi su simbol očuvane prirode Tihanyja🥰
#tihany #visithungary #putoholicari #putovanja #hungary | Postoje mjesta u Hrvatskoj koja te oduševe čim ih vidiš, a rijeka Gacka definitivno je jedno od njih.

Kristalno čista voda, nestvarne nijanse plave i zelene te potpuni mir razlog su zašto mnogi ovu rijeku smatraju jednom od najljepših u Hrvatskoj.
🐟 Rijeka Gacka je u svijetu poznata kao raj za potočne pastrve, a tajna njihovog nevjerojatnog rasta krije se u tri savršena elementa: apsolutnoj čistoći, stalnoj temperaturi i bogatstvu hrane.
🐟Budući da voda iz podzemlja cijele godine zadržava idealnih 9°C do 11°C, metabolizam gacke pastrve radi punom parom svih 365 dana. Zbog te savršene mikroklime i obilja kaloričnih račića, ove ribe rastu i do 5 puta brže nego u ostatku Europe!

Jeste već bili na Gacki?

#putoholicari #putovanja #lika #gacka #hrvatska | Ovo divno mjesto smo posjetili u blizini Cusca u Peruu. Humantay jezero je smješteno na čak 4200 metara nadmorske visine i jedno je od najljepših prirodnih čuda Južne Amerike 🥰
--Nevjerojatna tirkizna boja: Nastaje zbog specifičnih minerala i finih čestica stijena koje ledenjak s planine unosi u vodu dok se topi.
--Sveto mjesto Inka: Za lokalno stanovništvo ovo je sveto mjesto (Huaca). Prema legendi jezero je nastalo od suza svete planine, a posjetitelji i danas ostavljaju kamenčiće i listove koke kao dar Majci Zemlji (Pachamami).
--Vrata do Machu Picchua: Jezero je prva stanica na slavnom Salakntay treku - jednoj od najljepših planinarakih ruta na svijetu.
--Oko jezera možete sresti alpake, planinske viskače pa čak i veličanstvenog andskog kondora.
--Voda u jezeru je oko 0 C°, a zbog rijetkog zraka na toj visini treba se par dana aklimatizirati u samom Cuscu kako bi se izbjegla visinska bolest.

#visitperu #humantaylake #putoholicari | Ovo je plaža Xigia na otoku Zakyntosu u Grčkoj. Osim što je poznata po prirodnim izvorima sumpora (voda je nevjerojatno ljekovita za kožu, iako ima specifičan miris!), poznata je i po ovoj „gondolici“ za hranu i piće. Kafić na vrhu litice spušta narudžbe u košari kako se ne bi morao/la penjati po vrućini. Genijalno, zar ne? 😃

Inače na otoku postoje 3 plaže s ovim imenom, ova konkretno je sjeverna 😉

#zakynthos #greece #xigiabeach #putoholicari | Teško je odlučiti što je ljepše na jezeru Jasna - boja vode ili trenutak kad se planine preslikaju kao ogledalo 🥰
Ako krećete iz Zagreba s autom, do ovog mjesta vam treba malo viŝe od 2,5h. Ako tražite neki kratki izlet - s ovim mjestom i okolicom Kranjske Gore sigurno nećete pogriješiti 😉

#visitslovenia #jezerojasna #kranjskagora #slovenia #putoholicari |  Postoje mjesta koja imaju svoj zvuk 🥰 samo krckanje kamenčića pod nogama i more koje lagano ulazi među njih...
Ovo je plaža Velika Stiniva na otoku Hvaru, nama jedna od najdržih na ovom otoku ❤️

#velikastiniva #hvar #croatia #putoholicari #hrvatska | Zamislite ovo: dok prosječni Nizozemac gleda svijet s oko 183 cm visine, u Istočnom Timoru bi bio pravi div jer je tamo prosjek oko 160 cm.
Zamislite planet na kojem u jednoj državi ljudi pričaju s više od 800 jezika, u drugoj imaju obalu dužu nego što možemo zamisliti 🥰

I baš zato je svijet toliko zanimljiv – nije napravljen da bude isti.
Kad putuješ, shvatiš koliko je različitost zapravo fascinantna. I možda upravo zato putovanja toliko mijenjaju ljude - jer te podsjete da ne postoji samo jedan ispravan način života. 🌍✈️

Koja država vas je najviše fascinirala sa svojim različitostima?

#putovati #putovanja #putoholicari #putovanje",84200,"{""engagement_rate"": 2.19, ""avg_reel_plays"": 28500.0, ""avg_likes_per_post"": 2850.0, ""avg_comments_per_post"": 65.0}","Kak se ne umorite😂🙃🫠 | Hehe,ovaj maleni je presladak😍 | Kad narastem želim biti Vili Krčmar... 😅🥰 | Eh da bio,ja sam se tamo ženio 🤩 | Svaka čast što ljudi drže i promoviraju svoje👍! | Hvala za info, poseticemo ih! :) | Super info! Hvala! | 🔥🔥 | 😍😍😍",instagram,putoholicari,family_travel,0.85,"{""eco_conscious"": 0.2, ""luxury_orientation"": 0.1, ""budget_orientation"": 0.5, ""adventure_orientation"": 0.2, ""family_friendly"": 0.9, ""authenticity_signal"": 0.8}",True,"[{""caption"": ""Samo za taj osjećaj…..🥰✈️ Pozdrav iz Kazahstana 😉\nKazahstan je 9. najveća država na svijetu i prostire se na nevjerojatnih 2,7 milijuna km². Da malo dočaramo tu brojku: otprilike je 48 puta veći od Hrvatske! 😳 I još jedan zanimljiv rekord: Kazahstan je najveća država na svijetu bez izlaza na otvoreno more. 🌍 🇰🇿 Kazahstan nije samo velik. Kazahstan je OGROMAN 😀\nOvih dana ćemo istraživati Almaty regiju - iz Zagreba smo koristili liniju @turkishairlines za Almaty, a kad se vratimo pišemo vam vodič sa svim savjetima za organizaciju putovanja 😉\n\n#almaty #visitkazahstan #putoholicari #kazahstan #turkıshaırlınes"", ""post_url"": ""https://www.instagram.com/p/DburNo5NsIv/?hl=en"", ""media_type"": ""reel"", ""platform"": ""Instagram""}, {""caption"": ""Kažu da naših ljudi ima na svakom kraju svijeta. Pa evo još jednog dokaza 😀 Nakon safarija najmanje smo očekivali da ćemo usred Nairobija pronaći ćevape, burek i miris domaće kuhinje 🤤\nIme restorana je Region Restaurant & Bar, a iza cijele priče stoje Stanislav i Edo, ljudi s naših prostora koji su odlučili stanovnicima Nairobija približiti okuse krajeva iz kojih dolaze.\nMjesto na kojem se danas susreću domaći gosti, turisti i brojni diplomati, a na jelovniku se nalaze ćevapi, burek, kajmak, pljeskavice i druga jela koja mnogima bude uspomene na dom 😉\nOvdje će vas dočekati pjesme Đorđe Balaševića i simpatični vlasnici koji su rekli da restoran nije zamišljen samo kao mjesto gdje će ljudi s naših prostora pojesti ćevape ili burek. Želja im je da bude to mjesto susreta. Zato kažu da su vrata otvorena svima – bilo da želite ručati ili samo navratiti po savjet prije safarija ili putovanja po Keniji.\nNa zidovima se nalaze fotografije Novaka Đokovića i Gorana Ivaniševića, Đorđe Balaševića i susret Josipa Broza Tita i prvog kenijskog predsjednika Jome Kenyatte povodom 50 godina prijateljstva, a mnogima će na zidu izmamiti osmijeh plakata – rakija \""Connecting People\"" 😁\nTakve priče možda nisu najveće turističke atrakcije. Ali upravo one putovanja čine nezaboravnima.\nJer bez obzira kamo vas put odvede, ponekad je dovoljan jedan miris domaće hrane da shvatite koliko je svijet zapravo malen 🥰\n\n#nairobi #regionrestaurant #kenya #putoholicari #putovanja"", ""post_url"": ""https://www.instagram.com/p/Dbm2M4lt3AK"", ""media_type"": ""reel"", ""platform"": ""Instagram""}, {""caption"": ""Ovo je bio pogled od milijun dolara... i sendviči iz kutije! 🥰😁 Najbolji restorani nemaju uvijek Michelinove zvjezdice, ponekad imaju - slonove na horizontu! 🐘😁\r\nNa kratko smo skrenuli u Tanzaniju kako bi promatrali krdo slonova kako prelazi iz Tanzanije u Keniju, a i usput riješili pauzu za ručak 🥰🐘\r\n\r\nDok smo ih promatrali kako mirno prolaze horizontom, naučili smo se koliko su zapravo nevjerojatna bića. 🐘\r\n\r\n▶️Slonovi imaju \""imena\"". Nedavna istraživanja pokazala su da se međusobno dozivaju jedinstvenim zvukovima, pa svaki slon prepoznaje kada ga drugi \""prozove\"".\r\n\r\n▶️Njihova surla ima više od 40.000 mišića. Dovoljno je snažna da sruši stablo, ali i toliko precizna da može podići jednu jedinu travku.\r\n\r\n▶️Bez slonova bi Afrika izgledala drukčije. Ruše stabla, šire sjeme i kopaju bunare iz kojih tijekom suše piju i brojne druge životinje. Zato ih znanstvenici nazivaju inženjerima ekosustava. Jedan slon dnevno može raspršiti tisuće sjemenki kroz svoj izmet. Mnoge biljke ovise upravo o slonovima kako bi se proširile\r\n\r\n▶️Slonovi su među rijetkim životinjama koje se prepoznaju u ogledalu. Tu sposobnost dijele s ljudima, velikim čovjekolikim majmunima, dupinima i svrakama, što govori o vrlo visokoj razini samosvijesti.\r\n\r\n▶️Starije ženke u krdu mogu zapamtiti lokacije izvora vode desetljećima. Upravo njihovo iskustvo često spašava cijelo krdo tijekom velikih suša.\r\n\r\n▶️Slonovi imaju jedno od najboljih osjetila mirisa u životinjskom svijetu. Njihov njuh je čak osjetljiviji od psećeg, pa mogu nanjušiti vodu ili opasnost kilometrima unaprijed.\r\n\r\nNa safariju nikad ne znaš što ćeš vidjeti. Upravo je ta neizvjesnost ono što ga čini toliko posebnim 🥰\r\n\r\n@globetracker.adventures\r\n\r\n#putoholicari #putovanja #loveafrica #tanzania #safariafrica"", ""post_url"": ""https://www.instagram.com/p/DbXhqEToGWI/"", ""media_type"": ""reel"", ""platform"": ""Instagram""}, {""caption"": ""Ako krenete iz Zagreba, do ovog mjesta vam treba nekih 2,5h vožnje autom 😉 Ovo je grad Tihany u Mađarskoj kod Balatona i ovdje u prirodi možete vidjeti prave europske tekune.\r\nŠetajući livadama i brežuljcima naići ćete na simpatične male životinjice koje znatiželjno proviruju iz svojih rupa – riječ je o europskom tekunu (Spermophilus citellus), zaštićenoj vrsti glodavaca koja obitava upravo na ovim prostorima. Ove male „stepne vjeverice” žive u kolonijama i često ih se može vidjeti kako stoje uspravno na stražnjim nogama, promatrajući okolinu ili grickajući travu.😃\r\nNajaktivniji su tijekom dana, osobito ujutro i predvečer, pa nije neobično da ih usput sretnete dok uživate u lavandinim poljima ili istražujete prirodne staze oko samostana. Ako imate malo strpljenja i mirno sjednete na tlo, znatiželjni tekuni znaju vam se približiti - promatraju vas, pa čak i priđu sasvim blizu, što ovu spontanu interakciju s prirodom čini posebno čarobnom. Osim što su neodoljivo fotogenični, tekuni su važan dio lokalnog ekosustava i pravi su simbol očuvane prirode Tihanyja🥰\r\n#tihany #visithungary #putoholicari #putovanja #hungary"", ""post_url"": ""https://www.instagram.com/p/DaKNdJwtcts/?hl=en"", ""media_type"": ""reel"", ""platform"": ""Instagram""}, {""caption"": ""Postoje mjesta u Hrvatskoj koja te oduševe čim ih vidiš, a rijeka Gacka definitivno je jedno od njih.\r\n\r\nKristalno čista voda, nestvarne nijanse plave i zelene te potpuni mir razlog su zašto mnogi ovu rijeku smatraju jednom od najljepših u Hrvatskoj.\r\n🐟 Rijeka Gacka je u svijetu poznata kao raj za potočne pastrve, a tajna njihovog nevjerojatnog rasta krije se u tri savršena elementa: apsolutnoj čistoći, stalnoj temperaturi i bogatstvu hrane.\r\n🐟Budući da voda iz podzemlja cijele godine zadržava idealnih 9°C do 11°C, metabolizam gacke pastrve radi punom parom svih 365 dana. Zbog te savršene mikroklime i obilja kaloričnih račića, ove ribe rastu i do 5 puta brže nego u ostatku Europe!\r\n\r\nJeste već bili na Gacki?\r\n\r\n#putoholicari #putovanja #lika #gacka #hrvatska"", ""post_url"": ""https://www.instagram.com/p/DZouyFeNGz4/?hl=en"", ""media_type"": ""reel"", ""platform"": ""Instagram""}]"
marko_vuletic,"🍰✈️ Putujem, kuham slatko i širim radost. 🌍🤍
Trajni nakit @eterno.hr","Mikonos je predivan | Na prvoj ni sam ne znam što se događa, na drugoj Bogi ima moju ruku zauvijek ispod srca, treću sliku preskočite ako ste na dijeti, ali budite sigurni da je cheesecake brutalan, na četvrtoj slici vidite glupo potrošen novac, na petoj slici pomažemo dečku gurati auto jer je odustao, na šestoj se smijemo kao da smo uspjeli izaći iz escape rooma, ali nismo. Sedma slika je nastala dok sam čekao da stigne knauf za budući matcha bar, osma slika je naš Beli, deveta su teeeeestni keksiiićii za bar, na desetoj slici se svađamo tko će platiti, na jedanaestoj je moj prijatelj Janko na moru u tenisicama, a na dvanaestoj sam sa svojim novim omiljenim tenisicama. To bi bio moj šesti mjesec.🤍 | Iznenaaaađenje! U Zagreb stiže matcha bar! 🍵
Ljubav prema matchi traje već godinama, a Dag, Perko i ja posljednjih smo mjeseci usavršavali svaki detalj i jedva smo dočekali otkriti vam na čemu radimo. Već ste vidjeli milijun paketa na mojoj terasi, sve polako stiže na svoje mjesto.
Za početak, prostor je gotovo spreman, ali trebat će nam i pomoć pri odabiru nekih detalja. Kao što smo rekli u videu, za otprilike dva mjeseca Zagreb će dobiti jedan fini matcha bar.
Budite sigurni da će ovo biti moj novi must-visit spot u Zagrebu. 💚🍵✨#matchabar #zagreb #matchabarzagreb | Tjedan dana druženja, baš smo se dali u socijalizaciju. Red filmova, red vožnje motorom po gradu i red izlazaka petkom jer nismoooo penzioneri. | Kako provest 48 sati u Amsterdamu. | Sad sam par dana proveo s mamom pa mi ona kaže: “Marko, ti ga živiš kao da sutra ne postoji.” I stvarno je tako. Nekako sam naučio osvijestiti sebi da mi svaki dan bude zanimljiv jer možda bude zadnji, a možda ću idućih 50 godina imati svaki dan dobro iskorišten. U obje verzije znam da sam stvarno živio. 🙌🏼🤍 | Pasta i tarufi u neograničenim količinama 🫂 #venice | Video je nastao baš iz razloga što se u zadnje vrijeme stalno kočim jer mislim da mora doći nešto strašno čim mi je jedan period u životu dobar. Sam sebe sam satrao time da se stalno osluškujem, hoće li nešto pokucati. Mrzim to kod sebe. Ne znam si dozvoliti da mi bude lijepo, pa se svaku večer učim reći sam sebi: Marko, može ti biti lijepo. Treba ti biti lijepo.

Tako da da - mora i može mi biti lijepo | Proslavili smo sekin 30. rođendan u New Yorku! Moja seka, često kažem da, da nje nema, ne bi bilo ni mene i stvarno to mislim. Volim te, Marija 🤍",304300,"{""engagement_rate"": 4.51, ""avg_reel_plays"": 115000.0, ""avg_likes_per_post"": 13600.0, ""avg_comments_per_post"": 71.0}","I vas dvojica ste❤️ | Mikonos❤️ Ali vi🥹❤️❤️ Kissss do neba🥰 | Sada znamo ko je zaslužan za onakve kadrove (slika broj 10)kada je prijatelji vide kao boginju❤️ | Sve je super, samo što su se brojevi pogubili od četiri nadalje 😂 | Ne znam koja mi je bolja😍 You are so fun, friend❤️ | Omg is that a umbrella hat 😍😍 | Prijatelju samo se ti matcha lati🙌🏼 | Yayyyyy 😍😍😍 al mene zanima kako se zove pas 😂 | the bestttttt❤️❤️❤️❤️",instagram,marko_vuletic,lifestyle_general,0.92,"{""eco_conscious"": 0.2, ""luxury_orientation"": 0.55, ""budget_orientation"": 0.1, ""adventure_orientation"": 0.1, ""family_friendly"": 0.1, ""authenticity_signal"": 0.8}",True,"[{""caption"": ""Mikonos je predivan"", ""post_url"": ""https://www.instagram.com/p/DbL4wwACBCj/"", ""media_type"": ""image"", ""platform"": ""Instagram""}, {""caption"": ""Na prvoj ni sam ne znam što se događa, na drugoj Bogi ima moju ruku zauvijek ispod srca, treću sliku preskočite ako ste na dijeti, ali budite sigurni da je cheesecake brutalan, na četvrtoj slici vidite glupo potrošen novac, na petoj slici pomažemo dečku gurati auto jer je odustao, na šestoj se smijemo kao da smo uspjeli izaći iz escape rooma, ali nismo. Sedma slika je nastala dok sam čekao da stigne knauf za budući matcha bar, osma slika je naš Beli, deveta su teeeeestni keksiiićii za bar, na desetoj slici se svađamo tko će platiti, na jedanaestoj je moj prijatelj Janko na moru u tenisicama, a na dvanaestoj sam sa svojim novim omiljenim tenisicama. To bi bio moj šesti mjesec.🤍"", ""post_url"": ""https://www.instagram.com/p/DaOHd0QCBHb"", ""media_type"": ""image"", ""platform"": ""Instagram""}, {""caption"": ""Iznenaaaađenje! U Zagreb stiže matcha bar! 🍵\r\nLjubav prema matchi traje već godinama, a Dag, Perko i ja posljednjih smo mjeseci usavršavali svaki detalj i jedva smo dočekali otkriti vam na čemu radimo. Već ste vidjeli milijun paketa na mojoj terasi, sve polako stiže na svoje mjesto.\r\nZa početak, prostor je gotovo spreman, ali trebat će nam i pomoć pri odabiru nekih detalja. Kao što smo rekli u videu, za otprilike dva mjeseca Zagreb će dobiti jedan fini matcha bar.\r\nBudite sigurni da će ovo biti moj novi must-visit spot u Zagrebu. 💚🍵✨#matchabar #zagreb #matchabarzagreb"", ""post_url"": ""https://www.instagram.com/p/DZQOvXroo4D/?hl=en"", ""media_type"": ""reel"", ""platform"": ""Instagram""}, {""caption"": ""Tjedan dana druženja, baš smo se dali u socijalizaciju. Red filmova, red vožnje motorom po gradu i red izlazaka petkom jer nismoooo penzioneri."", ""post_url"": ""https://www.instagram.com/p/DTi1JemkRrN/?"", ""media_type"": ""image"", ""platform"": ""Instagram""}, {""caption"": ""Kako provest 48 sati u Amsterdamu."", ""post_url"": ""https://www.instagram.com/p/DZvLiogIEj0/?hl=en"", ""media_type"": ""reel"", ""platform"": ""Instagram""}]"
